# Exported from Prisma3D v3.3.3
o # Made with Prisma3D
o svart
g svart
v -0.836169 0.06817404 -0.0216043
v -0.7317798 0.06648542 -0.0185492
v -0.7307315 0.1163714 -0.02679515
v -0.8351208 0.11806 -0.02985024
v -0.836169 0.06817404 -0.0216043
v -0.7307315 0.1163714 -0.02679515
v -0.7317798 0.06648542 -0.0185492
v -0.6273905 0.06479682 -0.0154953
v -0.6263423 0.1146828 -0.02374029
v -0.7307315 0.1163714 -0.02679515
v -0.7317798 0.06648542 -0.0185492
v -0.6263423 0.1146828 -0.02374029
v -0.8375986 0.02317121 0.002371788
v -0.7332094 0.02148259 0.005426884
v -0.7317798 0.06648542 -0.0185492
v -0.836169 0.06817404 -0.0216043
v -0.8375986 0.02317121 0.002371788
v -0.7317798 0.06648542 -0.0185492
v -0.7332094 0.02148259 0.005426884
v -0.6288201 0.01979399 0.008481741
v -0.6273905 0.06479682 -0.0154953
v -0.7317798 0.06648542 -0.0185492
v -0.7332094 0.02148259 0.005426884
v -0.6273905 0.06479682 -0.0154953
v -0.8392697 -0.01254322 0.03973269
v -0.7348805 -0.01423183 0.04278779
v -0.7332094 0.02148259 0.005426884
v -0.8375986 0.02317121 0.002371788
v -0.8392697 -0.01254322 0.03973269
v -0.7332094 0.02148259 0.005426884
v -0.7348805 -0.01423183 0.04278779
v -0.6304912 -0.01592045 0.04584289
v -0.6288201 0.01979399 0.008481741
v -0.7332094 0.02148259 0.005426884
v -0.7348805 -0.01423183 0.04278779
v -0.6288201 0.01979399 0.008481741
v -0.8410186 -0.0354733 0.08681989
v -0.7366294 -0.03716192 0.08987474
v -0.7348805 -0.01423183 0.04278779
v -0.8392697 -0.01254322 0.03973269
v -0.8410186 -0.0354733 0.08681989
v -0.7348805 -0.01423183 0.04278779
v -0.7366294 -0.03716192 0.08987474
v -0.6322401 -0.03885053 0.09292984
v -0.6304912 -0.01592045 0.04584289
v -0.7348805 -0.01423183 0.04278779
v -0.7366294 -0.03716192 0.08987474
v -0.6304912 -0.01592045 0.04584289
v -0.8426742 -0.04337446 0.1390247
v -0.738285 -0.04506308 0.1420798
v -0.7366294 -0.03716192 0.08987474
v -0.8410186 -0.0354733 0.08681989
v -0.8426742 -0.04337446 0.1390247
v -0.7366294 -0.03716192 0.08987474
v -0.738285 -0.04506308 0.1420798
v -0.6338957 -0.04675169 0.1451349
v -0.6322401 -0.03885053 0.09292984
v -0.7366294 -0.03716192 0.08987474
v -0.738285 -0.04506308 0.1420798
v -0.6322401 -0.03885053 0.09292984
v -0.8440744 -0.03547327 0.1912377
v -0.7396851 -0.03716189 0.1942928
v -0.738285 -0.04506308 0.1420798
v -0.8426742 -0.04337446 0.1390247
v -0.8440744 -0.03547327 0.1912377
v -0.738285 -0.04506308 0.1420798
v -0.7396851 -0.03716189 0.1942928
v -0.6352959 -0.0388505 0.1973479
v -0.6338957 -0.04675169 0.1451349
v -0.738285 -0.04506308 0.1420798
v -0.7396851 -0.03716189 0.1942928
v -0.6338957 -0.04675169 0.1451349
v -0.8450821 -0.01254316 0.2383468
v -0.7406929 -0.01423177 0.2414019
v -0.7396851 -0.03716189 0.1942928
v -0.8440744 -0.03547327 0.1912377
v -0.8450821 -0.01254316 0.2383468
v -0.7396851 -0.03716189 0.1942928
v -0.7406929 -0.01423177 0.2414019
v -0.6363036 -0.01592039 0.2444568
v -0.6352959 -0.0388505 0.1973479
v -0.7396851 -0.03716189 0.1942928
v -0.7406929 -0.01423177 0.2414019
v -0.6352959 -0.0388505 0.1973479
v -0.8455988 0.02317129 0.2757418
v -0.7412096 0.02148269 0.2787957
v -0.7406929 -0.01423177 0.2414019
v -0.8450821 -0.01254316 0.2383468
v -0.8455988 0.02317129 0.2757418
v -0.7406929 -0.01423177 0.2414019
v -0.7412096 0.02148269 0.2787957
v -0.6368203 0.01979409 0.2818508
v -0.6363036 -0.01592039 0.2444568
v -0.7406929 -0.01423177 0.2414019
v -0.7412096 0.02148269 0.2787957
v -0.6363036 -0.01592039 0.2444568
v -0.8455737 0.06817418 0.2997608
v -0.7411844 0.06648556 0.3028147
v -0.7412096 0.02148269 0.2787957
v -0.8455988 0.02317129 0.2757418
v -0.8455737 0.06817418 0.2997608
v -0.7412096 0.02148269 0.2787957
v -0.7411844 0.06648556 0.3028147
v -0.6367952 0.06479695 0.3058698
v -0.6368203 0.01979409 0.2818508
v -0.7412096 0.02148269 0.2787957
v -0.7411844 0.06648556 0.3028147
v -0.6368203 0.01979409 0.2818508
v -0.8450094 0.1180602 0.3080528
v -0.7406203 0.1163716 0.3111079
v -0.7411844 0.06648556 0.3028147
v -0.8455737 0.06817418 0.2997608
v -0.8450094 0.1180602 0.3080528
v -0.7411844 0.06648556 0.3028147
v -0.7406203 0.1163716 0.3111079
v -0.6362309 0.1146829 0.3141627
v -0.6367952 0.06479695 0.3058698
v -0.7411844 0.06648556 0.3028147
v -0.7406203 0.1163716 0.3111079
v -0.6367952 0.06479695 0.3058698
v -0.8439611 0.1679462 0.2998078
v -0.7395719 0.1662576 0.3028629
v -0.7406203 0.1163716 0.3111079
v -0.8450094 0.1180602 0.3080528
v -0.8439611 0.1679462 0.2998078
v -0.7406203 0.1163716 0.3111079
v -0.7395719 0.1662576 0.3028629
v -0.6351826 0.164569 0.3059168
v -0.6362309 0.1146829 0.3141627
v -0.7406203 0.1163716 0.3111079
v -0.7395719 0.1662576 0.3028629
v -0.6362309 0.1146829 0.3141627
v -0.8425316 0.212949 0.2758307
v -0.7381423 0.2112604 0.2788858
v -0.7395719 0.1662576 0.3028629
v -0.8439611 0.1679462 0.2998078
v -0.8425316 0.212949 0.2758307
v -0.7395719 0.1662576 0.3028629
v -0.7381423 0.2112604 0.2788858
v -0.6337531 0.2095718 0.2819407
v -0.6351826 0.164569 0.3059168
v -0.7395719 0.1662576 0.3028629
v -0.7381423 0.2112604 0.2788858
v -0.6351826 0.164569 0.3059168
v -0.8408604 0.2486635 0.2384708
v -0.7364712 0.2469749 0.2415247
v -0.7381423 0.2112604 0.2788858
v -0.8425316 0.212949 0.2758307
v -0.8408604 0.2486635 0.2384708
v -0.7381423 0.2112604 0.2788858
v -0.7364712 0.2469749 0.2415247
v -0.6320819 0.2452863 0.2445798
v -0.6337531 0.2095718 0.2819407
v -0.7381423 0.2112604 0.2788858
v -0.7364712 0.2469749 0.2415247
v -0.6337531 0.2095718 0.2819407
v -0.8391115 0.2715935 0.1913829
v -0.7347223 0.2699049 0.1944377
v -0.7364712 0.2469749 0.2415247
v -0.8408604 0.2486635 0.2384708
v -0.8391115 0.2715935 0.1913829
v -0.7364712 0.2469749 0.2415247
v -0.7347223 0.2699049 0.1944377
v -0.630333 0.2682163 0.1974928
v -0.6320819 0.2452863 0.2445798
v -0.7364712 0.2469749 0.2415247
v -0.7347223 0.2699049 0.1944377
v -0.6320819 0.2452863 0.2445798
v -0.8374559 0.2794947 0.1391778
v -0.7330667 0.2778061 0.1422329
v -0.7347223 0.2699049 0.1944377
v -0.8391115 0.2715935 0.1913829
v -0.8374559 0.2794947 0.1391778
v -0.7347223 0.2699049 0.1944377
v -0.7330667 0.2778061 0.1422329
v -0.6286774 0.2761175 0.1452878
v -0.630333 0.2682163 0.1974928
v -0.7347223 0.2699049 0.1944377
v -0.7330667 0.2778061 0.1422329
v -0.630333 0.2682163 0.1974928
v -0.8360558 0.2715935 0.08696485
v -0.7316665 0.2699049 0.0900197
v -0.7330667 0.2778061 0.1422329
v -0.8374559 0.2794947 0.1391778
v -0.8360558 0.2715935 0.08696485
v -0.7330667 0.2778061 0.1422329
v -0.7316665 0.2699049 0.0900197
v -0.6272773 0.2682163 0.0930748
v -0.6286774 0.2761175 0.1452878
v -0.7330667 0.2778061 0.1422329
v -0.7316665 0.2699049 0.0900197
v -0.6286774 0.2761175 0.1452878
v -0.835048 0.2486634 0.03985572
v -0.7306588 0.2469748 0.04291081
v -0.7316665 0.2699049 0.0900197
v -0.8360558 0.2715935 0.08696485
v -0.835048 0.2486634 0.03985572
v -0.7316665 0.2699049 0.0900197
v -0.7306588 0.2469748 0.04291081
v -0.6262695 0.2452862 0.04596591
v -0.6272773 0.2682163 0.0930748
v -0.7316665 0.2699049 0.0900197
v -0.7306588 0.2469748 0.04291081
v -0.6272773 0.2682163 0.0930748
v -0.8345314 0.2129489 0.00246191
v -0.7301422 0.2112603 0.005516768
v -0.7306588 0.2469748 0.04291081
v -0.835048 0.2486634 0.03985572
v -0.8345314 0.2129489 0.00246191
v -0.7306588 0.2469748 0.04291081
v -0.7301422 0.2112603 0.005516768
v -0.6257529 0.2095717 0.008571863
v -0.6262695 0.2452862 0.04596591
v -0.7306588 0.2469748 0.04291081
v -0.7301422 0.2112603 0.005516768
v -0.6262695 0.2452862 0.04596591
v -0.8345565 0.1679461 -0.02155709
v -0.7301672 0.1662575 -0.01850224
v -0.7301422 0.2112603 0.005516768
v -0.8345314 0.2129489 0.00246191
v -0.8345565 0.1679461 -0.02155709
v -0.7301422 0.2112603 0.005516768
v -0.7301672 0.1662575 -0.01850224
v -0.625778 0.1645689 -0.01544714
v -0.6257529 0.2095717 0.008571863
v -0.7301422 0.2112603 0.005516768
v -0.7301672 0.1662575 -0.01850224
v -0.6257529 0.2095717 0.008571863
v -0.8351208 0.11806 -0.02985024
v -0.7307315 0.1163714 -0.02679515
v -0.7301672 0.1662575 -0.01850224
v -0.8345565 0.1679461 -0.02155709
v -0.8351208 0.11806 -0.02985024
v -0.7301672 0.1662575 -0.01850224
v -0.7307315 0.1163714 -0.02679515
v -0.6263423 0.1146828 -0.02374029
v -0.625778 0.1645689 -0.01544714
v -0.7301672 0.1662575 -0.01850224
v -0.7307315 0.1163714 -0.02679515
v -0.625778 0.1645689 -0.01544714
v -0.6312866 0.1146829 0.1452107
v -0.6263423 0.1146828 -0.02374029
v -0.6273905 0.06479682 -0.0154953
v -0.6312866 0.1146829 0.1452107
v -0.6273905 0.06479682 -0.0154953
v -0.6288201 0.01979399 0.008481741
v -0.6312866 0.1146829 0.1452107
v -0.6288201 0.01979399 0.008481741
v -0.6304912 -0.01592045 0.04584289
v -0.6312866 0.1146829 0.1452107
v -0.6304912 -0.01592045 0.04584289
v -0.6322401 -0.03885053 0.09292984
v -0.6312866 0.1146829 0.1452107
v -0.6322401 -0.03885053 0.09292984
v -0.6338957 -0.04675169 0.1451349
v -0.6312866 0.1146829 0.1452107
v -0.6338957 -0.04675169 0.1451349
v -0.6352959 -0.0388505 0.1973479
v -0.6312866 0.1146829 0.1452107
v -0.6352959 -0.0388505 0.1973479
v -0.6363036 -0.01592039 0.2444568
v -0.6312866 0.1146829 0.1452107
v -0.6363036 -0.01592039 0.2444568
v -0.6368203 0.01979409 0.2818508
v -0.6312866 0.1146829 0.1452107
v -0.6368203 0.01979409 0.2818508
v -0.6367952 0.06479695 0.3058698
v -0.6312866 0.1146829 0.1452107
v -0.6367952 0.06479695 0.3058698
v -0.6362309 0.1146829 0.3141627
v -0.6312866 0.1146829 0.1452107
v -0.6362309 0.1146829 0.3141627
v -0.6351826 0.164569 0.3059168
v -0.6312866 0.1146829 0.1452107
v -0.6351826 0.164569 0.3059168
v -0.6337531 0.2095718 0.2819407
v -0.6312866 0.1146829 0.1452107
v -0.6337531 0.2095718 0.2819407
v -0.6320819 0.2452863 0.2445798
v -0.6312866 0.1146829 0.1452107
v -0.6320819 0.2452863 0.2445798
v -0.630333 0.2682163 0.1974928
v -0.6312866 0.1146829 0.1452107
v -0.630333 0.2682163 0.1974928
v -0.6286774 0.2761175 0.1452878
v -0.6312866 0.1146829 0.1452107
v -0.6286774 0.2761175 0.1452878
v -0.6272773 0.2682163 0.0930748
v -0.6312866 0.1146829 0.1452107
v -0.6272773 0.2682163 0.0930748
v -0.6262695 0.2452862 0.04596591
v -0.6312866 0.1146829 0.1452107
v -0.6262695 0.2452862 0.04596591
v -0.6257529 0.2095717 0.008571863
v -0.6312866 0.1146829 0.1452107
v -0.6257529 0.2095717 0.008571863
v -0.625778 0.1645689 -0.01544714
v -0.6312866 0.1146829 0.1452107
v -0.625778 0.1645689 -0.01544714
v -0.6263423 0.1146828 -0.02374029
v -0.8400651 0.1180601 0.1391017
v -0.8351208 0.11806 -0.02985024
v -0.8345565 0.1679461 -0.02155709
v -0.8400651 0.1180601 0.1391017
v -0.8345565 0.1679461 -0.02155709
v -0.8345314 0.2129489 0.00246191
v -0.8400651 0.1180601 0.1391017
v -0.8345314 0.2129489 0.00246191
v -0.835048 0.2486634 0.03985572
v -0.8400651 0.1180601 0.1391017
v -0.835048 0.2486634 0.03985572
v -0.8360558 0.2715935 0.08696485
v -0.8400651 0.1180601 0.1391017
v -0.8360558 0.2715935 0.08696485
v -0.8374559 0.2794947 0.1391778
v -0.8400651 0.1180601 0.1391017
v -0.8374559 0.2794947 0.1391778
v -0.8391115 0.2715935 0.1913829
v -0.8400651 0.1180601 0.1391017
v -0.8391115 0.2715935 0.1913829
v -0.8408604 0.2486635 0.2384708
v -0.8400651 0.1180601 0.1391017
v -0.8408604 0.2486635 0.2384708
v -0.8425316 0.212949 0.2758307
v -0.8400651 0.1180601 0.1391017
v -0.8425316 0.212949 0.2758307
v -0.8439611 0.1679462 0.2998078
v -0.8400651 0.1180601 0.1391017
v -0.8439611 0.1679462 0.2998078
v -0.8450094 0.1180602 0.3080528
v -0.8400651 0.1180601 0.1391017
v -0.8450094 0.1180602 0.3080528
v -0.8455737 0.06817418 0.2997608
v -0.8400651 0.1180601 0.1391017
v -0.8455737 0.06817418 0.2997608
v -0.8455988 0.02317129 0.2757418
v -0.8400651 0.1180601 0.1391017
v -0.8455988 0.02317129 0.2757418
v -0.8450821 -0.01254316 0.2383468
v -0.8400651 0.1180601 0.1391017
v -0.8450821 -0.01254316 0.2383468
v -0.8440744 -0.03547327 0.1912377
v -0.8400651 0.1180601 0.1391017
v -0.8440744 -0.03547327 0.1912377
v -0.8426742 -0.04337446 0.1390247
v -0.8400651 0.1180601 0.1391017
v -0.8426742 -0.04337446 0.1390247
v -0.8410186 -0.0354733 0.08681989
v -0.8400651 0.1180601 0.1391017
v -0.8410186 -0.0354733 0.08681989
v -0.8392697 -0.01254322 0.03973269
v -0.8400651 0.1180601 0.1391017
v -0.8392697 -0.01254322 0.03973269
v -0.8375986 0.02317121 0.002371788
v -0.8400651 0.1180601 0.1391017
v -0.8375986 0.02317121 0.002371788
v -0.836169 0.06817404 -0.0216043
v -0.8400651 0.1180601 0.1391017
v -0.836169 0.06817404 -0.0216043
v -0.8351208 0.11806 -0.02985024
v -0.03585672 0.05588045 -1.383554
v 0.06853253 0.05419184 -1.380499
v 0.06958077 0.1040778 -1.388744
v -0.03480845 0.1057665 -1.391799
v -0.03585672 0.05588045 -1.383554
v 0.06958077 0.1040778 -1.388744
v 0.06853253 0.05419184 -1.380499
v 0.1729217 0.05250323 -1.377444
v 0.17397 0.1023892 -1.385689
v 0.06958077 0.1040778 -1.388744
v 0.06853253 0.05419184 -1.380499
v 0.17397 0.1023892 -1.385689
v -0.03728635 0.01087762 -1.359577
v 0.06710288 0.009189006 -1.356522
v 0.06853253 0.05419184 -1.380499
v -0.03585672 0.05588045 -1.383554
v -0.03728635 0.01087762 -1.359577
v 0.06853253 0.05419184 -1.380499
v 0.06710288 0.009189006 -1.356522
v 0.1714921 0.007500398 -1.353467
v 0.1729217 0.05250323 -1.377444
v 0.06853253 0.05419184 -1.380499
v 0.06710288 0.009189006 -1.356522
v 0.1729217 0.05250323 -1.377444
v -0.03895741 -0.02483682 -1.322217
v 0.06543182 -0.02652545 -1.319161
v 0.06710288 0.009189006 -1.356522
v -0.03728635 0.01087762 -1.359577
v -0.03895741 -0.02483682 -1.322217
v 0.06710288 0.009189006 -1.356522
v 0.06543182 -0.02652545 -1.319161
v 0.169821 -0.02821405 -1.316107
v 0.1714921 0.007500398 -1.353467
v 0.06710288 0.009189006 -1.356522
v 0.06543182 -0.02652545 -1.319161
v 0.1714921 0.007500398 -1.353467
v -0.04070633 -0.04776691 -1.275129
v 0.0636829 -0.04945552 -1.272074
v 0.06543182 -0.02652545 -1.319161
v -0.03895741 -0.02483682 -1.322217
v -0.04070633 -0.04776691 -1.275129
v 0.06543182 -0.02652545 -1.319161
v 0.0636829 -0.04945552 -1.272074
v 0.1680721 -0.05114414 -1.269019
v 0.169821 -0.02821405 -1.316107
v 0.06543182 -0.02652545 -1.319161
v 0.0636829 -0.04945552 -1.272074
v 0.169821 -0.02821405 -1.316107
v -0.04236193 -0.05566807 -1.222924
v 0.06202731 -0.05735669 -1.219869
v 0.0636829 -0.04945552 -1.272074
v -0.04070633 -0.04776691 -1.275129
v -0.04236193 -0.05566807 -1.222924
v 0.0636829 -0.04945552 -1.272074
v 0.06202731 -0.05735669 -1.219869
v 0.1664165 -0.0590453 -1.216814
v 0.1680721 -0.05114414 -1.269019
v 0.0636829 -0.04945552 -1.272074
v 0.06202731 -0.05735669 -1.219869
v 0.1680721 -0.05114414 -1.269019
v -0.04376211 -0.04776688 -1.170711
v 0.06062711 -0.04945549 -1.167656
v 0.06202731 -0.05735669 -1.219869
v -0.04236193 -0.05566807 -1.222924
v -0.04376211 -0.04776688 -1.170711
v 0.06202731 -0.05735669 -1.219869
v 0.06062711 -0.04945549 -1.167656
v 0.1650163 -0.05114411 -1.164601
v 0.1664165 -0.0590453 -1.216814
v 0.06202731 -0.05735669 -1.219869
v 0.06062711 -0.04945549 -1.167656
v 0.1664165 -0.0590453 -1.216814
v -0.04476984 -0.02483676 -1.123602
v 0.05961939 -0.02652539 -1.120547
v 0.06062711 -0.04945549 -1.167656
v -0.04376211 -0.04776688 -1.170711
v -0.04476984 -0.02483676 -1.123602
v 0.06062711 -0.04945549 -1.167656
v 0.05961939 -0.02652539 -1.120547
v 0.1640086 -0.02821399 -1.117492
v 0.1650163 -0.05114411 -1.164601
v 0.06062711 -0.04945549 -1.167656
v 0.05961939 -0.02652539 -1.120547
v 0.1650163 -0.05114411 -1.164601
v -0.04528647 0.01087771 -1.086207
v 0.05910277 0.009189107 -1.083152
v 0.05961939 -0.02652539 -1.120547
v -0.04476984 -0.02483676 -1.123602
v -0.04528647 0.01087771 -1.086207
v 0.05961939 -0.02652539 -1.120547
v 0.05910277 0.009189107 -1.083152
v 0.163492 0.007500495 -1.080098
v 0.1640086 -0.02821399 -1.117492
v 0.05961939 -0.02652539 -1.120547
v 0.05910277 0.009189107 -1.083152
v 0.1640086 -0.02821399 -1.117492
v -0.04526141 0.05588058 -1.062188
v 0.05912782 0.05419197 -1.059133
v 0.05910277 0.009189107 -1.083152
v -0.04528647 0.01087771 -1.086207
v -0.04526141 0.05588058 -1.062188
v 0.05910277 0.009189107 -1.083152
v 0.05912782 0.05419197 -1.059133
v 0.163517 0.05250337 -1.056078
v 0.163492 0.007500495 -1.080098
v 0.05910277 0.009189107 -1.083152
v 0.05912782 0.05419197 -1.059133
v 0.163492 0.007500495 -1.080098
v -0.04469714 0.1057666 -1.053896
v 0.05969209 0.104078 -1.050841
v 0.05912782 0.05419197 -1.059133
v -0.04526141 0.05588058 -1.062188
v -0.04469714 0.1057666 -1.053896
v 0.05912782 0.05419197 -1.059133
v 0.05969209 0.104078 -1.050841
v 0.1640813 0.1023894 -1.047786
v 0.163517 0.05250337 -1.056078
v 0.05912782 0.05419197 -1.059133
v 0.05969209 0.104078 -1.050841
v 0.163517 0.05250337 -1.056078
v -0.04364888 0.1556526 -1.062141
v 0.06074035 0.153964 -1.059086
v 0.05969209 0.104078 -1.050841
v -0.04469714 0.1057666 -1.053896
v -0.04364888 0.1556526 -1.062141
v 0.05969209 0.104078 -1.050841
v 0.06074035 0.153964 -1.059086
v 0.1651296 0.1522754 -1.056031
v 0.1640813 0.1023894 -1.047786
v 0.05969209 0.104078 -1.050841
v 0.06074035 0.153964 -1.059086
v 0.1640813 0.1023894 -1.047786
v -0.04221925 0.2006554 -1.086118
v 0.06216998 0.1989668 -1.083063
v 0.06074035 0.153964 -1.059086
v -0.04364888 0.1556526 -1.062141
v -0.04221925 0.2006554 -1.086118
v 0.06074035 0.153964 -1.059086
v 0.06216998 0.1989668 -1.083063
v 0.1665592 0.1972782 -1.080008
v 0.1651296 0.1522754 -1.056031
v 0.06074035 0.153964 -1.059086
v 0.06216998 0.1989668 -1.083063
v 0.1651296 0.1522754 -1.056031
v -0.04054819 0.2363699 -1.123478
v 0.06384104 0.2346813 -1.120423
v 0.06216998 0.1989668 -1.083063
v -0.04221925 0.2006554 -1.086118
v -0.04054819 0.2363699 -1.123478
v 0.06216998 0.1989668 -1.083063
v 0.06384104 0.2346813 -1.120423
v 0.1682303 0.2329927 -1.117369
v 0.1665592 0.1972782 -1.080008
v 0.06216998 0.1989668 -1.083063
v 0.06384104 0.2346813 -1.120423
v 0.1665592 0.1972782 -1.080008
v -0.03879927 0.2593 -1.170566
v 0.06558996 0.2576113 -1.167511
v 0.06384104 0.2346813 -1.120423
v -0.04054819 0.2363699 -1.123478
v -0.03879927 0.2593 -1.170566
v 0.06384104 0.2346813 -1.120423
v 0.06558996 0.2576113 -1.167511
v 0.1699792 0.2559227 -1.164456
v 0.1682303 0.2329927 -1.117369
v 0.06384104 0.2346813 -1.120423
v 0.06558996 0.2576113 -1.167511
v 0.1682303 0.2329927 -1.117369
v -0.03714368 0.2672011 -1.222771
v 0.06724556 0.2655125 -1.219716
v 0.06558996 0.2576113 -1.167511
v -0.03879927 0.2593 -1.170566
v -0.03714368 0.2672011 -1.222771
v 0.06558996 0.2576113 -1.167511
v 0.06724556 0.2655125 -1.219716
v 0.1716348 0.2638239 -1.216661
v 0.1699792 0.2559227 -1.164456
v 0.06558996 0.2576113 -1.167511
v 0.06724556 0.2655125 -1.219716
v 0.1699792 0.2559227 -1.164456
v -0.03574349 0.2592999 -1.274984
v 0.06864575 0.2576113 -1.271929
v 0.06724556 0.2655125 -1.219716
v -0.03714368 0.2672011 -1.222771
v -0.03574349 0.2592999 -1.274984
v 0.06724556 0.2655125 -1.219716
v 0.06864575 0.2576113 -1.271929
v 0.173035 0.2559227 -1.268874
v 0.1716348 0.2638239 -1.216661
v 0.06724556 0.2655125 -1.219716
v 0.06864575 0.2576113 -1.271929
v 0.1716348 0.2638239 -1.216661
v -0.03473576 0.2363698 -1.322093
v 0.06965347 0.2346812 -1.319038
v 0.06864575 0.2576113 -1.271929
v -0.03574349 0.2592999 -1.274984
v -0.03473576 0.2363698 -1.322093
v 0.06864575 0.2576113 -1.271929
v 0.06965347 0.2346812 -1.319038
v 0.1740427 0.2329925 -1.315983
v 0.173035 0.2559227 -1.268874
v 0.06864575 0.2576113 -1.271929
v 0.06965347 0.2346812 -1.319038
v 0.173035 0.2559227 -1.268874
v -0.03421914 0.2006553 -1.359487
v 0.07017009 0.1989667 -1.356432
v 0.06965347 0.2346812 -1.319038
v -0.03473576 0.2363698 -1.322093
v -0.03421914 0.2006553 -1.359487
v 0.06965347 0.2346812 -1.319038
v 0.07017009 0.1989667 -1.356432
v 0.1745593 0.1972781 -1.353378
v 0.1740427 0.2329925 -1.315983
v 0.06965347 0.2346812 -1.319038
v 0.07017009 0.1989667 -1.356432
v 0.1740427 0.2329925 -1.315983
v -0.03424419 0.1556525 -1.383506
v 0.07014506 0.1539639 -1.380451
v 0.07017009 0.1989667 -1.356432
v -0.03421914 0.2006553 -1.359487
v -0.03424419 0.1556525 -1.383506
v 0.07017009 0.1989667 -1.356432
v 0.07014506 0.1539639 -1.380451
v 0.1745343 0.1522753 -1.377396
v 0.1745593 0.1972781 -1.353378
v 0.07017009 0.1989667 -1.356432
v 0.07014506 0.1539639 -1.380451
v 0.1745593 0.1972781 -1.353378
v -0.03480845 0.1057665 -1.391799
v 0.06958077 0.1040778 -1.388744
v 0.07014506 0.1539639 -1.380451
v -0.03424419 0.1556525 -1.383506
v -0.03480845 0.1057665 -1.391799
v 0.07014506 0.1539639 -1.380451
v 0.06958077 0.1040778 -1.388744
v 0.17397 0.1023892 -1.385689
v 0.1745343 0.1522753 -1.377396
v 0.07014506 0.1539639 -1.380451
v 0.06958077 0.1040778 -1.388744
v 0.1745343 0.1522753 -1.377396
v 0.1690256 0.1023893 -1.216738
v 0.17397 0.1023892 -1.385689
v 0.1729217 0.05250323 -1.377444
v 0.1690256 0.1023893 -1.216738
v 0.1729217 0.05250323 -1.377444
v 0.1714921 0.007500398 -1.353467
v 0.1690256 0.1023893 -1.216738
v 0.1714921 0.007500398 -1.353467
v 0.169821 -0.02821405 -1.316107
v 0.1690256 0.1023893 -1.216738
v 0.169821 -0.02821405 -1.316107
v 0.1680721 -0.05114414 -1.269019
v 0.1690256 0.1023893 -1.216738
v 0.1680721 -0.05114414 -1.269019
v 0.1664165 -0.0590453 -1.216814
v 0.1690256 0.1023893 -1.216738
v 0.1664165 -0.0590453 -1.216814
v 0.1650163 -0.05114411 -1.164601
v 0.1690256 0.1023893 -1.216738
v 0.1650163 -0.05114411 -1.164601
v 0.1640086 -0.02821399 -1.117492
v 0.1690256 0.1023893 -1.216738
v 0.1640086 -0.02821399 -1.117492
v 0.163492 0.007500495 -1.080098
v 0.1690256 0.1023893 -1.216738
v 0.163492 0.007500495 -1.080098
v 0.163517 0.05250337 -1.056078
v 0.1690256 0.1023893 -1.216738
v 0.163517 0.05250337 -1.056078
v 0.1640813 0.1023894 -1.047786
v 0.1690256 0.1023893 -1.216738
v 0.1640813 0.1023894 -1.047786
v 0.1651296 0.1522754 -1.056031
v 0.1690256 0.1023893 -1.216738
v 0.1651296 0.1522754 -1.056031
v 0.1665592 0.1972782 -1.080008
v 0.1690256 0.1023893 -1.216738
v 0.1665592 0.1972782 -1.080008
v 0.1682303 0.2329927 -1.117369
v 0.1690256 0.1023893 -1.216738
v 0.1682303 0.2329927 -1.117369
v 0.1699792 0.2559227 -1.164456
v 0.1690256 0.1023893 -1.216738
v 0.1699792 0.2559227 -1.164456
v 0.1716348 0.2638239 -1.216661
v 0.1690256 0.1023893 -1.216738
v 0.1716348 0.2638239 -1.216661
v 0.173035 0.2559227 -1.268874
v 0.1690256 0.1023893 -1.216738
v 0.173035 0.2559227 -1.268874
v 0.1740427 0.2329925 -1.315983
v 0.1690256 0.1023893 -1.216738
v 0.1740427 0.2329925 -1.315983
v 0.1745593 0.1972781 -1.353378
v 0.1690256 0.1023893 -1.216738
v 0.1745593 0.1972781 -1.353378
v 0.1745343 0.1522753 -1.377396
v 0.1690256 0.1023893 -1.216738
v 0.1745343 0.1522753 -1.377396
v 0.17397 0.1023892 -1.385689
v -0.0397528 0.1057665 -1.222847
v -0.03480845 0.1057665 -1.391799
v -0.03424419 0.1556525 -1.383506
v -0.0397528 0.1057665 -1.222847
v -0.03424419 0.1556525 -1.383506
v -0.03421914 0.2006553 -1.359487
v -0.0397528 0.1057665 -1.222847
v -0.03421914 0.2006553 -1.359487
v -0.03473576 0.2363698 -1.322093
v -0.0397528 0.1057665 -1.222847
v -0.03473576 0.2363698 -1.322093
v -0.03574349 0.2592999 -1.274984
v -0.0397528 0.1057665 -1.222847
v -0.03574349 0.2592999 -1.274984
v -0.03714368 0.2672011 -1.222771
v -0.0397528 0.1057665 -1.222847
v -0.03714368 0.2672011 -1.222771
v -0.03879927 0.2593 -1.170566
v -0.0397528 0.1057665 -1.222847
v -0.03879927 0.2593 -1.170566
v -0.04054819 0.2363699 -1.123478
v -0.0397528 0.1057665 -1.222847
v -0.04054819 0.2363699 -1.123478
v -0.04221925 0.2006554 -1.086118
v -0.0397528 0.1057665 -1.222847
v -0.04221925 0.2006554 -1.086118
v -0.04364888 0.1556526 -1.062141
v -0.0397528 0.1057665 -1.222847
v -0.04364888 0.1556526 -1.062141
v -0.04469714 0.1057666 -1.053896
v -0.0397528 0.1057665 -1.222847
v -0.04469714 0.1057666 -1.053896
v -0.04526141 0.05588058 -1.062188
v -0.0397528 0.1057665 -1.222847
v -0.04526141 0.05588058 -1.062188
v -0.04528647 0.01087771 -1.086207
v -0.0397528 0.1057665 -1.222847
v -0.04528647 0.01087771 -1.086207
v -0.04476984 -0.02483676 -1.123602
v -0.0397528 0.1057665 -1.222847
v -0.04476984 -0.02483676 -1.123602
v -0.04376211 -0.04776688 -1.170711
v -0.0397528 0.1057665 -1.222847
v -0.04376211 -0.04776688 -1.170711
v -0.04236193 -0.05566807 -1.222924
v -0.0397528 0.1057665 -1.222847
v -0.04236193 -0.05566807 -1.222924
v -0.04070633 -0.04776691 -1.275129
v -0.0397528 0.1057665 -1.222847
v -0.04070633 -0.04776691 -1.275129
v -0.03895741 -0.02483682 -1.322217
v -0.0397528 0.1057665 -1.222847
v -0.03895741 -0.02483682 -1.322217
v -0.03728635 0.01087762 -1.359577
v -0.0397528 0.1057665 -1.222847
v -0.03728635 0.01087762 -1.359577
v -0.03585672 0.05588045 -1.383554
v -0.0397528 0.1057665 -1.222847
v -0.03585672 0.05588045 -1.383554
v -0.03480845 0.1057665 -1.391799
v 0.1037965 0.4836874 -0.5148662
v 0.1037965 0.9790849 -0.5148662
v 0.04642971 0.9790849 -0.5254792
v 0.04642971 0.4836874 -0.5254792
v 0.1037965 0.4836874 -0.5148662
v 0.04642971 0.9790849 -0.5254792
v 0.1037965 0.9790849 -0.5148662
v 0.1037965 1.474483 -0.5148662
v 0.04642971 1.474483 -0.5254792
v 0.04642971 0.9790849 -0.5254792
v 0.1037965 0.9790849 -0.5148662
v 0.04642971 1.474483 -0.5254792
v 0.1550252 0.4836874 -0.4874402
v 0.1550252 0.9790849 -0.4874402
v 0.1037965 0.9790849 -0.5148662
v 0.1037965 0.4836874 -0.5148662
v 0.1550252 0.4836874 -0.4874402
v 0.1037965 0.9790849 -0.5148662
v 0.1550252 0.9790849 -0.4874402
v 0.1550252 1.474483 -0.4874402
v 0.1037965 1.474483 -0.5148662
v 0.1037965 0.9790849 -0.5148662
v 0.1550252 0.9790849 -0.4874402
v 0.1037965 1.474483 -0.5148662
v 0.1951014 0.4836874 -0.4458842
v 0.1951014 0.9790849 -0.4458842
v 0.1550252 0.9790849 -0.4874402
v 0.1550252 0.4836874 -0.4874402
v 0.1951014 0.4836874 -0.4458842
v 0.1550252 0.9790849 -0.4874402
v 0.1951014 0.9790849 -0.4458842
v 0.1951014 1.474483 -0.4458842
v 0.1550252 1.474483 -0.4874402
v 0.1550252 0.9790849 -0.4874402
v 0.1951014 0.9790849 -0.4458842
v 0.1550252 1.474483 -0.4874402
v 0.2201021 0.4836874 -0.3942662
v 0.2201021 0.9790849 -0.3942662
v 0.1951014 0.9790849 -0.4458842
v 0.1951014 0.4836874 -0.4458842
v 0.2201021 0.4836874 -0.3942662
v 0.1951014 0.9790849 -0.4458842
v 0.2201021 0.9790849 -0.3942662
v 0.2201021 1.474483 -0.3942662
v 0.1951014 1.474483 -0.4458842
v 0.1951014 0.9790849 -0.4458842
v 0.2201021 0.9790849 -0.3942662
v 0.1951014 1.474483 -0.4458842
v 0.2275799 0.4836874 -0.3376402
v 0.2275799 0.9790849 -0.3376402
v 0.2201021 0.9790849 -0.3942662
v 0.2201021 0.4836874 -0.3942662
v 0.2275799 0.4836874 -0.3376402
v 0.2201021 0.9790849 -0.3942662
v 0.2275799 0.9790849 -0.3376402
v 0.2275799 1.474483 -0.3376402
v 0.2201021 1.474483 -0.3942662
v 0.2201021 0.9790849 -0.3942662
v 0.2275799 0.9790849 -0.3376402
v 0.2201021 1.474483 -0.3942662
v 0.2168031 0.4836874 -0.2815492
v 0.2168031 0.9790849 -0.2815492
v 0.2275799 0.9790849 -0.3376402
v 0.2275799 0.4836874 -0.3376402
v 0.2168031 0.4836874 -0.2815492
v 0.2275799 0.9790849 -0.3376402
v 0.2168031 0.9790849 -0.2815492
v 0.2168031 1.474483 -0.2815492
v 0.2275799 1.474483 -0.3376402
v 0.2275799 0.9790849 -0.3376402
v 0.2168031 0.9790849 -0.2815492
v 0.2275799 1.474483 -0.3376402
v 0.1888264 0.4836874 -0.2314821
v 0.1888264 0.9790849 -0.2314821
v 0.2168031 0.9790849 -0.2815492
v 0.2168031 0.4836874 -0.2815492
v 0.1888264 0.4836874 -0.2314821
v 0.2168031 0.9790849 -0.2815492
v 0.1888264 0.9790849 -0.2314821
v 0.1888264 1.474483 -0.2314821
v 0.2168031 1.474483 -0.2815492
v 0.2168031 0.9790849 -0.2815492
v 0.1888264 0.9790849 -0.2314821
v 0.2168031 1.474483 -0.2815492
v 0.1463884 0.4836874 -0.1923412
v 0.1463884 0.9790849 -0.1923412
v 0.1888264 0.9790849 -0.2314821
v 0.1888264 0.4836874 -0.2314821
v 0.1463884 0.4836874 -0.1923412
v 0.1888264 0.9790849 -0.2314821
v 0.1463884 0.9790849 -0.1923412
v 0.1463884 1.474483 -0.1923412
v 0.1888264 1.474483 -0.2314821
v 0.1888264 0.9790849 -0.2314821
v 0.1463884 0.9790849 -0.1923412
v 0.1888264 1.474483 -0.2314821
v 0.09364331 0.4836874 -0.1679572
v 0.09364331 0.9790849 -0.1679572
v 0.1463884 0.9790849 -0.1923412
v 0.1463884 0.4836874 -0.1923412
v 0.09364331 0.4836874 -0.1679572
v 0.1463884 0.9790849 -0.1923412
v 0.09364331 0.9790849 -0.1679572
v 0.09364331 1.474483 -0.1679572
v 0.1463884 1.474483 -0.1923412
v 0.1463884 0.9790849 -0.1923412
v 0.09364331 0.9790849 -0.1679572
v 0.1463884 1.474483 -0.1923412
v 0.03575412 0.4836874 -0.1607182
v 0.03575412 0.9790849 -0.1607182
v 0.09364331 0.9790849 -0.1679572
v 0.09364331 0.4836874 -0.1679572
v 0.03575412 0.4836874 -0.1607182
v 0.09364331 0.9790849 -0.1679572
v 0.03575412 0.9790849 -0.1607182
v 0.03575412 1.474483 -0.1607182
v 0.09364331 1.474483 -0.1679572
v 0.09364331 0.9790849 -0.1679572
v 0.03575412 0.9790849 -0.1607182
v 0.09364331 1.474483 -0.1679572
v -0.02161258 0.4836874 -0.1713302
v -0.02161258 0.9790849 -0.1713302
v 0.03575412 0.9790849 -0.1607182
v 0.03575412 0.4836874 -0.1607182
v -0.02161258 0.4836874 -0.1713302
v 0.03575412 0.9790849 -0.1607182
v -0.02161258 0.9790849 -0.1713302
v -0.02161258 1.474483 -0.1713302
v 0.03575412 1.474483 -0.1607182
v 0.03575412 0.9790849 -0.1607182
v -0.02161258 0.9790849 -0.1713302
v 0.03575412 1.474483 -0.1607182
v -0.07284137 0.4836874 -0.1987572
v -0.07284137 0.9790849 -0.1987572
v -0.02161258 0.9790849 -0.1713302
v -0.02161258 0.4836874 -0.1713302
v -0.07284137 0.4836874 -0.1987572
v -0.02161258 0.9790849 -0.1713302
v -0.07284137 0.9790849 -0.1987572
v -0.07284137 1.474483 -0.1987572
v -0.02161258 1.474483 -0.1713302
v -0.02161258 0.9790849 -0.1713302
v -0.07284137 0.9790849 -0.1987572
v -0.02161258 1.474483 -0.1713302
v -0.1129176 0.4836874 -0.2403132
v -0.1129176 0.9790849 -0.2403132
v -0.07284137 0.9790849 -0.1987572
v -0.07284137 0.4836874 -0.1987572
v -0.1129176 0.4836874 -0.2403132
v -0.07284137 0.9790849 -0.1987572
v -0.1129176 0.9790849 -0.2403132
v -0.1129176 1.474483 -0.2403132
v -0.07284137 1.474483 -0.1987572
v -0.07284137 0.9790849 -0.1987572
v -0.1129176 0.9790849 -0.2403132
v -0.07284137 1.474483 -0.1987572
v -0.1379182 0.4836874 -0.2919302
v -0.1379182 0.9790849 -0.2919302
v -0.1129176 0.9790849 -0.2403132
v -0.1129176 0.4836874 -0.2403132
v -0.1379182 0.4836874 -0.2919302
v -0.1129176 0.9790849 -0.2403132
v -0.1379182 0.9790849 -0.2919302
v -0.1379182 1.474483 -0.2919302
v -0.1129176 1.474483 -0.2403132
v -0.1129176 0.9790849 -0.2403132
v -0.1379182 0.9790849 -0.2919302
v -0.1129176 1.474483 -0.2403132
v -0.1453961 0.4836874 -0.3485562
v -0.1453961 0.9790849 -0.3485562
v -0.1379182 0.9790849 -0.2919302
v -0.1379182 0.4836874 -0.2919302
v -0.1453961 0.4836874 -0.3485562
v -0.1379182 0.9790849 -0.2919302
v -0.1453961 0.9790849 -0.3485562
v -0.1453961 1.474483 -0.3485562
v -0.1379182 1.474483 -0.2919302
v -0.1379182 0.9790849 -0.2919302
v -0.1453961 0.9790849 -0.3485562
v -0.1379182 1.474483 -0.2919302
v -0.1346193 0.4836874 -0.4046482
v -0.1346193 0.9790849 -0.4046482
v -0.1453961 0.9790849 -0.3485562
v -0.1453961 0.4836874 -0.3485562
v -0.1346193 0.4836874 -0.4046482
v -0.1453961 0.9790849 -0.3485562
v -0.1346193 0.9790849 -0.4046482
v -0.1346193 1.474483 -0.4046482
v -0.1453961 1.474483 -0.3485562
v -0.1453961 0.9790849 -0.3485562
v -0.1346193 0.9790849 -0.4046482
v -0.1453961 1.474483 -0.3485562
v -0.1066426 0.4836874 -0.4547153
v -0.1066426 0.9790849 -0.4547153
v -0.1346193 0.9790849 -0.4046482
v -0.1346193 0.4836874 -0.4046482
v -0.1066426 0.4836874 -0.4547153
v -0.1346193 0.9790849 -0.4046482
v -0.1066426 0.9790849 -0.4547153
v -0.1066426 1.474483 -0.4547153
v -0.1346193 1.474483 -0.4046482
v -0.1346193 0.9790849 -0.4046482
v -0.1066426 0.9790849 -0.4547153
v -0.1346193 1.474483 -0.4046482
v -0.06420456 0.4836874 -0.4938562
v -0.06420456 0.9790849 -0.4938562
v -0.1066426 0.9790849 -0.4547153
v -0.1066426 0.4836874 -0.4547153
v -0.06420456 0.4836874 -0.4938562
v -0.1066426 0.9790849 -0.4547153
v -0.06420456 0.9790849 -0.4938562
v -0.06420456 1.474483 -0.4938562
v -0.1066426 1.474483 -0.4547153
v -0.1066426 0.9790849 -0.4547153
v -0.06420456 0.9790849 -0.4938562
v -0.1066426 1.474483 -0.4547153
v -0.0114595 0.4836874 -0.5182402
v -0.0114595 0.9790849 -0.5182402
v -0.06420456 0.9790849 -0.4938562
v -0.06420456 0.4836874 -0.4938562
v -0.0114595 0.4836874 -0.5182402
v -0.06420456 0.9790849 -0.4938562
v -0.0114595 0.9790849 -0.5182402
v -0.0114595 1.474483 -0.5182402
v -0.06420456 1.474483 -0.4938562
v -0.06420456 0.9790849 -0.4938562
v -0.0114595 0.9790849 -0.5182402
v -0.06420456 1.474483 -0.4938562
v 0.04642971 0.4836874 -0.5254792
v 0.04642971 0.9790849 -0.5254792
v -0.0114595 0.9790849 -0.5182402
v -0.0114595 0.4836874 -0.5182402
v 0.04642971 0.4836874 -0.5254792
v -0.0114595 0.9790849 -0.5182402
v 0.04642971 0.9790849 -0.5254792
v 0.04642971 1.474483 -0.5254792
v -0.0114595 1.474483 -0.5182402
v -0.0114595 0.9790849 -0.5182402
v 0.04642971 0.9790849 -0.5254792
v -0.0114595 1.474483 -0.5182402
v 0.04109192 1.474483 -0.3430982
v 0.04642971 1.474483 -0.5254792
v 0.1037965 1.474483 -0.5148662
v 0.04109192 1.474483 -0.3430982
v 0.1037965 1.474483 -0.5148662
v 0.1550252 1.474483 -0.4874402
v 0.04109192 1.474483 -0.3430982
v 0.1550252 1.474483 -0.4874402
v 0.1951014 1.474483 -0.4458842
v 0.04109192 1.474483 -0.3430982
v 0.1951014 1.474483 -0.4458842
v 0.2201021 1.474483 -0.3942662
v 0.04109192 1.474483 -0.3430982
v 0.2201021 1.474483 -0.3942662
v 0.2275799 1.474483 -0.3376402
v 0.04109192 1.474483 -0.3430982
v 0.2275799 1.474483 -0.3376402
v 0.2168031 1.474483 -0.2815492
v 0.04109192 1.474483 -0.3430982
v 0.2168031 1.474483 -0.2815492
v 0.1888264 1.474483 -0.2314821
v 0.04109192 1.474483 -0.3430982
v 0.1888264 1.474483 -0.2314821
v 0.1463884 1.474483 -0.1923412
v 0.04109192 1.474483 -0.3430982
v 0.1463884 1.474483 -0.1923412
v 0.09364331 1.474483 -0.1679572
v 0.04109192 1.474483 -0.3430982
v 0.09364331 1.474483 -0.1679572
v 0.03575412 1.474483 -0.1607182
v 0.04109192 1.474483 -0.3430982
v 0.03575412 1.474483 -0.1607182
v -0.02161258 1.474483 -0.1713302
v 0.04109192 1.474483 -0.3430982
v -0.02161258 1.474483 -0.1713302
v -0.07284137 1.474483 -0.1987572
v 0.04109192 1.474483 -0.3430982
v -0.07284137 1.474483 -0.1987572
v -0.1129176 1.474483 -0.2403132
v 0.04109192 1.474483 -0.3430982
v -0.1129176 1.474483 -0.2403132
v -0.1379182 1.474483 -0.2919302
v 0.04109192 1.474483 -0.3430982
v -0.1379182 1.474483 -0.2919302
v -0.1453961 1.474483 -0.3485562
v 0.04109192 1.474483 -0.3430982
v -0.1453961 1.474483 -0.3485562
v -0.1346193 1.474483 -0.4046482
v 0.04109192 1.474483 -0.3430982
v -0.1346193 1.474483 -0.4046482
v -0.1066426 1.474483 -0.4547153
v 0.04109192 1.474483 -0.3430982
v -0.1066426 1.474483 -0.4547153
v -0.06420456 1.474483 -0.4938562
v 0.04109192 1.474483 -0.3430982
v -0.06420456 1.474483 -0.4938562
v -0.0114595 1.474483 -0.5182402
v 0.04109192 1.474483 -0.3430982
v -0.0114595 1.474483 -0.5182402
v 0.04642971 1.474483 -0.5254792
v 0.04109192 0.4836874 -0.3430982
v 0.04642971 0.4836874 -0.5254792
v -0.0114595 0.4836874 -0.5182402
v 0.04109192 0.4836874 -0.3430982
v -0.0114595 0.4836874 -0.5182402
v -0.06420456 0.4836874 -0.4938562
v 0.04109192 0.4836874 -0.3430982
v -0.06420456 0.4836874 -0.4938562
v -0.1066426 0.4836874 -0.4547153
v 0.04109192 0.4836874 -0.3430982
v -0.1066426 0.4836874 -0.4547153
v -0.1346193 0.4836874 -0.4046482
v 0.04109192 0.4836874 -0.3430982
v -0.1346193 0.4836874 -0.4046482
v -0.1453961 0.4836874 -0.3485562
v 0.04109192 0.4836874 -0.3430982
v -0.1453961 0.4836874 -0.3485562
v -0.1379182 0.4836874 -0.2919302
v 0.04109192 0.4836874 -0.3430982
v -0.1379182 0.4836874 -0.2919302
v -0.1129176 0.4836874 -0.2403132
v 0.04109192 0.4836874 -0.3430982
v -0.1129176 0.4836874 -0.2403132
v -0.07284137 0.4836874 -0.1987572
v 0.04109192 0.4836874 -0.3430982
v -0.07284137 0.4836874 -0.1987572
v -0.02161258 0.4836874 -0.1713302
v 0.04109192 0.4836874 -0.3430982
v -0.02161258 0.4836874 -0.1713302
v 0.03575412 0.4836874 -0.1607182
v 0.04109192 0.4836874 -0.3430982
v 0.03575412 0.4836874 -0.1607182
v 0.09364331 0.4836874 -0.1679572
v 0.04109192 0.4836874 -0.3430982
v 0.09364331 0.4836874 -0.1679572
v 0.1463884 0.4836874 -0.1923412
v 0.04109192 0.4836874 -0.3430982
v 0.1463884 0.4836874 -0.1923412
v 0.1888264 0.4836874 -0.2314821
v 0.04109192 0.4836874 -0.3430982
v 0.1888264 0.4836874 -0.2314821
v 0.2168031 0.4836874 -0.2815492
v 0.04109192 0.4836874 -0.3430982
v 0.2168031 0.4836874 -0.2815492
v 0.2275799 0.4836874 -0.3376402
v 0.04109192 0.4836874 -0.3430982
v 0.2275799 0.4836874 -0.3376402
v 0.2201021 0.4836874 -0.3942662
v 0.04109192 0.4836874 -0.3430982
v 0.2201021 0.4836874 -0.3942662
v 0.1951014 0.4836874 -0.4458842
v 0.04109192 0.4836874 -0.3430982
v 0.1951014 0.4836874 -0.4458842
v 0.1550252 0.4836874 -0.4874402
v 0.04109192 0.4836874 -0.3430982
v 0.1550252 0.4836874 -0.4874402
v 0.1037965 0.4836874 -0.5148662
v 0.04109192 0.4836874 -0.3430982
v 0.1037965 0.4836874 -0.5148662
v 0.04642971 0.4836874 -0.5254792
v 0.3034311 1.260813 -0.9941902
v 0.3034311 1.36994 -0.9941902
v 0.06134714 1.36994 -1.035177
v 0.06134714 1.260813 -1.035177
v 0.3034311 1.260813 -0.9941902
v 0.06134714 1.36994 -1.035177
v 0.3034311 1.36994 -0.9941902
v 0.3034311 1.479068 -0.9941902
v 0.06134714 1.479068 -1.035177
v 0.06134714 1.36994 -1.035177
v 0.3034311 1.36994 -0.9941902
v 0.06134714 1.479068 -1.035177
v 0.5198356 1.260813 -0.8894702
v 0.5198356 1.36994 -0.8894702
v 0.3034311 1.36994 -0.9941902
v 0.3034311 1.260813 -0.9941902
v 0.5198356 1.260813 -0.8894702
v 0.3034311 1.36994 -0.9941902
v 0.5198356 1.36994 -0.8894702
v 0.5198356 1.479068 -0.8894702
v 0.3034311 1.479068 -0.9941902
v 0.3034311 1.36994 -0.9941902
v 0.5198356 1.36994 -0.8894702
v 0.3034311 1.479068 -0.9941902
v 0.6893772 1.260813 -0.7312671
v 0.6893772 1.36994 -0.7312671
v 0.5198356 1.36994 -0.8894702
v 0.5198356 1.260813 -0.8894702
v 0.6893772 1.260813 -0.7312671
v 0.5198356 1.36994 -0.8894702
v 0.6893772 1.36994 -0.7312671
v 0.6893772 1.479068 -0.7312671
v 0.5198356 1.479068 -0.8894702
v 0.5198356 1.36994 -0.8894702
v 0.6893772 1.36994 -0.7312671
v 0.5198356 1.479068 -0.8894702
v 0.7954602 1.260813 -0.5350671
v 0.7954602 1.36994 -0.5350671
v 0.6893772 1.36994 -0.7312671
v 0.6893772 1.260813 -0.7312671
v 0.7954602 1.260813 -0.5350671
v 0.6893772 1.36994 -0.7312671
v 0.7954602 1.36994 -0.5350671
v 0.7954602 1.479068 -0.5350671
v 0.6893772 1.479068 -0.7312671
v 0.6893772 1.36994 -0.7312671
v 0.7954602 1.36994 -0.5350671
v 0.6893772 1.479068 -0.7312671
v 0.8277003 1.260813 -0.3200771
v 0.8277003 1.36994 -0.3200771
v 0.7954602 1.36994 -0.5350671
v 0.7954602 1.260813 -0.5350671
v 0.8277003 1.260813 -0.3200771
v 0.7954602 1.36994 -0.5350671
v 0.8277003 1.36994 -0.3200771
v 0.8277003 1.479068 -0.3200771
v 0.7954602 1.479068 -0.5350671
v 0.7954602 1.36994 -0.5350671
v 0.8277003 1.36994 -0.3200771
v 0.7954602 1.479068 -0.5350671
v 0.7829417 1.260813 -0.1073391
v 0.7829417 1.36994 -0.1073391
v 0.8277003 1.36994 -0.3200771
v 0.8277003 1.260813 -0.3200771
v 0.7829417 1.260813 -0.1073391
v 0.8277003 1.36994 -0.3200771
v 0.7829417 1.36994 -0.1073391
v 0.7829417 1.479068 -0.1073391
v 0.8277003 1.479068 -0.3200771
v 0.8277003 1.36994 -0.3200771
v 0.7829417 1.36994 -0.1073391
v 0.8277003 1.479068 -0.3200771
v 0.6655658 1.260813 0.08231974
v 0.6655658 1.36994 0.08231974
v 0.7829417 1.36994 -0.1073391
v 0.7829417 1.260813 -0.1073391
v 0.6655658 1.260813 0.08231974
v 0.7829417 1.36994 -0.1073391
v 0.6655658 1.36994 0.08231974
v 0.6655658 1.479068 0.08231974
v 0.7829417 1.479068 -0.1073391
v 0.7829417 1.36994 -0.1073391
v 0.6655658 1.36994 0.08231974
v 0.7829417 1.479068 -0.1073391
v 0.4870619 1.260813 0.2303357
v 0.4870619 1.36994 0.2303357
v 0.6655658 1.36994 0.08231974
v 0.6655658 1.260813 0.08231974
v 0.4870619 1.260813 0.2303357
v 0.6655658 1.36994 0.08231974
v 0.4870619 1.36994 0.2303357
v 0.4870619 1.479068 0.2303357
v 0.6655658 1.479068 0.08231974
v 0.6655658 1.36994 0.08231974
v 0.4870619 1.36994 0.2303357
v 0.6655658 1.479068 0.08231974
v 0.2649033 1.260813 0.3222208
v 0.2649033 1.36994 0.3222208
v 0.4870619 1.36994 0.2303357
v 0.4870619 1.260813 0.2303357
v 0.2649033 1.260813 0.3222208
v 0.4870619 1.36994 0.2303357
v 0.2649033 1.36994 0.3222208
v 0.2649033 1.479068 0.3222208
v 0.4870619 1.479068 0.2303357
v 0.4870619 1.36994 0.2303357
v 0.2649033 1.36994 0.3222208
v 0.4870619 1.479068 0.2303357
v 0.02083662 1.260813 0.3489797
v 0.02083662 1.36994 0.3489797
v 0.2649033 1.36994 0.3222208
v 0.2649033 1.260813 0.3222208
v 0.02083662 1.260813 0.3489797
v 0.2649033 1.36994 0.3222208
v 0.02083662 1.36994 0.3489797
v 0.02083662 1.479068 0.3489797
v 0.2649033 1.479068 0.3222208
v 0.2649033 1.36994 0.3222208
v 0.02083662 1.36994 0.3489797
v 0.2649033 1.479068 0.3222208
v -0.2212473 1.260813 0.3079927
v -0.2212473 1.36994 0.3079927
v 0.02083662 1.36994 0.3489797
v 0.02083662 1.260813 0.3489797
v -0.2212473 1.260813 0.3079927
v 0.02083662 1.36994 0.3489797
v -0.2212473 1.36994 0.3079927
v -0.2212473 1.479068 0.3079927
v 0.02083662 1.479068 0.3489797
v 0.02083662 1.36994 0.3489797
v -0.2212473 1.36994 0.3079927
v 0.02083662 1.479068 0.3489797
v -0.4376518 1.260813 0.2032728
v -0.4376518 1.36994 0.2032728
v -0.2212473 1.36994 0.3079927
v -0.2212473 1.260813 0.3079927
v -0.4376518 1.260813 0.2032728
v -0.2212473 1.36994 0.3079927
v -0.4376518 1.36994 0.2032728
v -0.4376518 1.479068 0.2032728
v -0.2212473 1.479068 0.3079927
v -0.2212473 1.36994 0.3079927
v -0.4376518 1.36994 0.2032728
v -0.2212473 1.479068 0.3079927
v -0.6071934 1.260813 0.04506969
v -0.6071934 1.36994 0.04506969
v -0.4376518 1.36994 0.2032728
v -0.4376518 1.260813 0.2032728
v -0.6071934 1.260813 0.04506969
v -0.4376518 1.36994 0.2032728
v -0.6071934 1.36994 0.04506969
v -0.6071934 1.479068 0.04506969
v -0.4376518 1.479068 0.2032728
v -0.4376518 1.36994 0.2032728
v -0.6071934 1.36994 0.04506969
v -0.4376518 1.479068 0.2032728
v -0.7132763 1.260813 -0.1511303
v -0.7132763 1.36994 -0.1511303
v -0.6071934 1.36994 0.04506969
v -0.6071934 1.260813 0.04506969
v -0.7132763 1.260813 -0.1511303
v -0.6071934 1.36994 0.04506969
v -0.7132763 1.36994 -0.1511303
v -0.7132763 1.479068 -0.1511303
v -0.6071934 1.479068 0.04506969
v -0.6071934 1.36994 0.04506969
v -0.7132763 1.36994 -0.1511303
v -0.6071934 1.479068 0.04506969
v -0.7455165 1.260813 -0.3661203
v -0.7455165 1.36994 -0.3661203
v -0.7132763 1.36994 -0.1511303
v -0.7132763 1.260813 -0.1511303
v -0.7455165 1.260813 -0.3661203
v -0.7132763 1.36994 -0.1511303
v -0.7455165 1.36994 -0.3661203
v -0.7455165 1.479068 -0.3661203
v -0.7132763 1.479068 -0.1511303
v -0.7132763 1.36994 -0.1511303
v -0.7455165 1.36994 -0.3661203
v -0.7132763 1.479068 -0.1511303
v -0.7007578 1.260813 -0.5788573
v -0.7007578 1.36994 -0.5788573
v -0.7455165 1.36994 -0.3661203
v -0.7455165 1.260813 -0.3661203
v -0.7007578 1.260813 -0.5788573
v -0.7455165 1.36994 -0.3661203
v -0.7007578 1.36994 -0.5788573
v -0.7007578 1.479068 -0.5788573
v -0.7455165 1.479068 -0.3661203
v -0.7455165 1.36994 -0.3661203
v -0.7007578 1.36994 -0.5788573
v -0.7455165 1.479068 -0.3661203
v -0.5833818 1.260813 -0.7685171
v -0.5833818 1.36994 -0.7685171
v -0.7007578 1.36994 -0.5788573
v -0.7007578 1.260813 -0.5788573
v -0.5833818 1.260813 -0.7685171
v -0.7007578 1.36994 -0.5788573
v -0.5833818 1.36994 -0.7685171
v -0.5833818 1.479068 -0.7685171
v -0.7007578 1.479068 -0.5788573
v -0.7007578 1.36994 -0.5788573
v -0.5833818 1.36994 -0.7685171
v -0.7007578 1.479068 -0.5788573
v -0.4048778 1.260813 -0.9165342
v -0.4048778 1.36994 -0.9165342
v -0.5833818 1.36994 -0.7685171
v -0.5833818 1.260813 -0.7685171
v -0.4048778 1.260813 -0.9165342
v -0.5833818 1.36994 -0.7685171
v -0.4048778 1.36994 -0.9165342
v -0.4048778 1.479068 -0.9165342
v -0.5833818 1.479068 -0.7685171
v -0.5833818 1.36994 -0.7685171
v -0.4048778 1.36994 -0.9165342
v -0.5833818 1.479068 -0.7685171
v -0.1827195 1.260813 -1.008418
v -0.1827195 1.36994 -1.008418
v -0.4048778 1.36994 -0.9165342
v -0.4048778 1.260813 -0.9165342
v -0.1827195 1.260813 -1.008418
v -0.4048778 1.36994 -0.9165342
v -0.1827195 1.36994 -1.008418
v -0.1827195 1.479068 -1.008418
v -0.4048778 1.479068 -0.9165342
v -0.4048778 1.36994 -0.9165342
v -0.1827195 1.36994 -1.008418
v -0.4048778 1.479068 -0.9165342
v 0.06134714 1.260813 -1.035177
v 0.06134714 1.36994 -1.035177
v -0.1827195 1.36994 -1.008418
v -0.1827195 1.260813 -1.008418
v 0.06134714 1.260813 -1.035177
v -0.1827195 1.36994 -1.008418
v 0.06134714 1.36994 -1.035177
v 0.06134714 1.479068 -1.035177
v -0.1827195 1.479068 -1.008418
v -0.1827195 1.36994 -1.008418
v 0.06134714 1.36994 -1.035177
v -0.1827195 1.479068 -1.008418
v 0.04109192 1.479068 -0.3430982
v 0.06134714 1.479068 -1.035177
v 0.3034311 1.479068 -0.9941902
v 0.04109192 1.479068 -0.3430982
v 0.3034311 1.479068 -0.9941902
v 0.5198356 1.479068 -0.8894702
v 0.04109192 1.479068 -0.3430982
v 0.5198356 1.479068 -0.8894702
v 0.6893772 1.479068 -0.7312671
v 0.04109192 1.479068 -0.3430982
v 0.6893772 1.479068 -0.7312671
v 0.7954602 1.479068 -0.5350671
v 0.04109192 1.479068 -0.3430982
v 0.7954602 1.479068 -0.5350671
v 0.8277003 1.479068 -0.3200771
v 0.04109192 1.479068 -0.3430982
v 0.8277003 1.479068 -0.3200771
v 0.7829417 1.479068 -0.1073391
v 0.04109192 1.479068 -0.3430982
v 0.7829417 1.479068 -0.1073391
v 0.6655658 1.479068 0.08231974
v 0.04109192 1.479068 -0.3430982
v 0.6655658 1.479068 0.08231974
v 0.4870619 1.479068 0.2303357
v 0.04109192 1.479068 -0.3430982
v 0.4870619 1.479068 0.2303357
v 0.2649033 1.479068 0.3222208
v 0.04109192 1.479068 -0.3430982
v 0.2649033 1.479068 0.3222208
v 0.02083662 1.479068 0.3489797
v 0.04109192 1.479068 -0.3430982
v 0.02083662 1.479068 0.3489797
v -0.2212473 1.479068 0.3079927
v 0.04109192 1.479068 -0.3430982
v -0.2212473 1.479068 0.3079927
v -0.4376518 1.479068 0.2032728
v 0.04109192 1.479068 -0.3430982
v -0.4376518 1.479068 0.2032728
v -0.6071934 1.479068 0.04506969
v 0.04109192 1.479068 -0.3430982
v -0.6071934 1.479068 0.04506969
v -0.7132763 1.479068 -0.1511303
v 0.04109192 1.479068 -0.3430982
v -0.7132763 1.479068 -0.1511303
v -0.7455165 1.479068 -0.3661203
v 0.04109192 1.479068 -0.3430982
v -0.7455165 1.479068 -0.3661203
v -0.7007578 1.479068 -0.5788573
v 0.04109192 1.479068 -0.3430982
v -0.7007578 1.479068 -0.5788573
v -0.5833818 1.479068 -0.7685171
v 0.04109192 1.479068 -0.3430982
v -0.5833818 1.479068 -0.7685171
v -0.4048778 1.479068 -0.9165342
v 0.04109192 1.479068 -0.3430982
v -0.4048778 1.479068 -0.9165342
v -0.1827195 1.479068 -1.008418
v 0.04109192 1.479068 -0.3430982
v -0.1827195 1.479068 -1.008418
v 0.06134714 1.479068 -1.035177
v 0.04109192 1.260813 -0.3430982
v 0.06134714 1.260813 -1.035177
v -0.1827195 1.260813 -1.008418
v 0.04109192 1.260813 -0.3430982
v -0.1827195 1.260813 -1.008418
v -0.4048778 1.260813 -0.9165342
v 0.04109192 1.260813 -0.3430982
v -0.4048778 1.260813 -0.9165342
v -0.5833818 1.260813 -0.7685171
v 0.04109192 1.260813 -0.3430982
v -0.5833818 1.260813 -0.7685171
v -0.7007578 1.260813 -0.5788573
v 0.04109192 1.260813 -0.3430982
v -0.7007578 1.260813 -0.5788573
v -0.7455165 1.260813 -0.3661203
v 0.04109192 1.260813 -0.3430982
v -0.7455165 1.260813 -0.3661203
v -0.7132763 1.260813 -0.1511303
v 0.04109192 1.260813 -0.3430982
v -0.7132763 1.260813 -0.1511303
v -0.6071934 1.260813 0.04506969
v 0.04109192 1.260813 -0.3430982
v -0.6071934 1.260813 0.04506969
v -0.4376518 1.260813 0.2032728
v 0.04109192 1.260813 -0.3430982
v -0.4376518 1.260813 0.2032728
v -0.2212473 1.260813 0.3079927
v 0.04109192 1.260813 -0.3430982
v -0.2212473 1.260813 0.3079927
v 0.02083662 1.260813 0.3489797
v 0.04109192 1.260813 -0.3430982
v 0.02083662 1.260813 0.3489797
v 0.2649033 1.260813 0.3222208
v 0.04109192 1.260813 -0.3430982
v 0.2649033 1.260813 0.3222208
v 0.4870619 1.260813 0.2303357
v 0.04109192 1.260813 -0.3430982
v 0.4870619 1.260813 0.2303357
v 0.6655658 1.260813 0.08231974
v 0.04109192 1.260813 -0.3430982
v 0.6655658 1.260813 0.08231974
v 0.7829417 1.260813 -0.1073391
v 0.04109192 1.260813 -0.3430982
v 0.7829417 1.260813 -0.1073391
v 0.8277003 1.260813 -0.3200771
v 0.04109192 1.260813 -0.3430982
v 0.8277003 1.260813 -0.3200771
v 0.7954602 1.260813 -0.5350671
v 0.04109192 1.260813 -0.3430982
v 0.7954602 1.260813 -0.5350671
v 0.6893772 1.260813 -0.7312671
v 0.04109192 1.260813 -0.3430982
v 0.6893772 1.260813 -0.7312671
v 0.5198356 1.260813 -0.8894702
v 0.04109192 1.260813 -0.3430982
v 0.5198356 1.260813 -0.8894702
v 0.3034311 1.260813 -0.9941902
v 0.04109192 1.260813 -0.3430982
v 0.3034311 1.260813 -0.9941902
v 0.06134714 1.260813 -1.035177
v 0.2925915 2.747577 -1.252168
v 0.2902444 2.76123 -1.17198
v 0.06566474 2.787015 -1.182944
v 0.06801187 2.773364 -1.263132
v 0.2925915 2.747577 -1.252168
v 0.06566474 2.787015 -1.182944
v 0.2902444 2.76123 -1.17198
v 0.2878973 2.774883 -1.091792
v 0.0633176 2.800668 -1.102756
v 0.06566474 2.787015 -1.182944
v 0.2902444 2.76123 -1.17198
v 0.0633176 2.800668 -1.102756
v 0.494931 2.672744 -1.233504
v 0.4925839 2.686397 -1.153316
v 0.2902444 2.76123 -1.17198
v 0.2925915 2.747577 -1.252168
v 0.494931 2.672744 -1.233504
v 0.2902444 2.76123 -1.17198
v 0.4925839 2.686397 -1.153316
v 0.4902367 2.700048 -1.073129
v 0.2878973 2.774883 -1.091792
v 0.2902444 2.76123 -1.17198
v 0.4925839 2.686397 -1.153316
v 0.2878973 2.774883 -1.091792
v 0.655224 2.556186 -1.208968
v 0.6528769 2.569839 -1.12878
v 0.4925839 2.686397 -1.153316
v 0.494931 2.672744 -1.233504
v 0.655224 2.556186 -1.208968
v 0.4925839 2.686397 -1.153316
v 0.6528769 2.569839 -1.12878
v 0.6505296 2.583493 -1.048592
v 0.4902367 2.700048 -1.073129
v 0.4925839 2.686397 -1.153316
v 0.6528769 2.569839 -1.12878
v 0.4902367 2.700048 -1.073129
v 0.7577797 2.409317 -1.18096
v 0.7554325 2.42297 -1.100772
v 0.6528769 2.569839 -1.12878
v 0.655224 2.556186 -1.208968
v 0.7577797 2.409317 -1.18096
v 0.6528769 2.569839 -1.12878
v 0.7554325 2.42297 -1.100772
v 0.7530854 2.436621 -1.020584
v 0.6505296 2.583493 -1.048592
v 0.6528769 2.569839 -1.12878
v 0.7554325 2.42297 -1.100772
v 0.6505296 2.583493 -1.048592
v 0.7925593 2.24651 -1.152222
v 0.7902121 2.260163 -1.072034
v 0.7554325 2.42297 -1.100772
v 0.7577797 2.409317 -1.18096
v 0.7925593 2.24651 -1.152222
v 0.7554325 2.42297 -1.100772
v 0.7902121 2.260163 -1.072034
v 0.787865 2.273816 -0.991847
v 0.7530854 2.436621 -1.020584
v 0.7554325 2.42297 -1.100772
v 0.7902121 2.260163 -1.072034
v 0.7530854 2.436621 -1.020584
v 0.7561584 2.083703 -1.125568
v 0.7538112 2.097356 -1.045381
v 0.7902121 2.260163 -1.072034
v 0.7925593 2.24651 -1.152222
v 0.7561584 2.083703 -1.125568
v 0.7902121 2.260163 -1.072034
v 0.7538112 2.097356 -1.045381
v 0.7514641 2.111009 -0.965193
v 0.787865 2.273816 -0.991847
v 0.7902121 2.260163 -1.072034
v 0.7538112 2.097356 -1.045381
v 0.787865 2.273816 -0.991847
v 0.6521402 1.936833 -1.103607
v 0.649793 1.950486 -1.023419
v 0.7538112 2.097356 -1.045381
v 0.7561584 2.083703 -1.125568
v 0.6521402 1.936833 -1.103607
v 0.7538112 2.097356 -1.045381
v 0.649793 1.950486 -1.023419
v 0.6474459 1.964139 -0.9432312
v 0.7514641 2.111009 -0.965193
v 0.7538112 2.097356 -1.045381
v 0.649793 1.950486 -1.023419
v 0.7514641 2.111009 -0.965193
v 0.4906866 1.820276 -1.088488
v 0.4883394 1.833929 -1.0083
v 0.649793 1.950486 -1.023419
v 0.6521402 1.936833 -1.103607
v 0.4906866 1.820276 -1.088488
v 0.649793 1.950486 -1.023419
v 0.4883394 1.833929 -1.0083
v 0.4859923 1.847582 -0.9281121
v 0.6474459 1.964139 -0.9432312
v 0.649793 1.950486 -1.023419
v 0.4883394 1.833929 -1.0083
v 0.6474459 1.964139 -0.9432312
v 0.2876018 1.745442 -1.081691
v 0.2852547 1.759094 -1.001503
v 0.4883394 1.833929 -1.0083
v 0.4906866 1.820276 -1.088488
v 0.2876018 1.745442 -1.081691
v 0.4883394 1.833929 -1.0083
v 0.2852547 1.759094 -1.001503
v 0.2829075 1.772748 -0.9213152
v 0.4859923 1.847582 -0.9281121
v 0.4883394 1.833929 -1.0083
v 0.2852547 1.759094 -1.001503
v 0.4859923 1.847582 -0.9281121
v 0.06276543 1.719656 -1.083882
v 0.0604183 1.733309 -1.003694
v 0.2852547 1.759094 -1.001503
v 0.2876018 1.745442 -1.081691
v 0.06276543 1.719656 -1.083882
v 0.2852547 1.759094 -1.001503
v 0.0604183 1.733309 -1.003694
v 0.05807117 1.746961 -0.9235061
v 0.2829075 1.772748 -0.9213152
v 0.2852547 1.759094 -1.001503
v 0.0604183 1.733309 -1.003694
v 0.2829075 1.772748 -0.9213152
v -0.1618142 1.745442 -1.094846
v -0.1641613 1.759094 -1.014658
v 0.0604183 1.733309 -1.003694
v 0.06276543 1.719656 -1.083882
v -0.1618142 1.745442 -1.094846
v 0.0604183 1.733309 -1.003694
v -0.1641613 1.759094 -1.014658
v -0.1665084 1.772747 -0.9344702
v 0.05807117 1.746961 -0.9235061
v 0.0604183 1.733309 -1.003694
v -0.1641613 1.759094 -1.014658
v 0.05807117 1.746961 -0.9235061
v -0.3641537 1.820276 -1.113509
v -0.3665008 1.833929 -1.033322
v -0.1641613 1.759094 -1.014658
v -0.1618142 1.745442 -1.094846
v -0.3641537 1.820276 -1.113509
v -0.1641613 1.759094 -1.014658
v -0.3665008 1.833929 -1.033322
v -0.368848 1.847581 -0.9531342
v -0.1665084 1.772747 -0.9344702
v -0.1641613 1.759094 -1.014658
v -0.3665008 1.833929 -1.033322
v -0.1665084 1.772747 -0.9344702
v -0.5244465 1.936833 -1.138046
v -0.5267938 1.950485 -1.057858
v -0.3665008 1.833929 -1.033322
v -0.3641537 1.820276 -1.113509
v -0.5244465 1.936833 -1.138046
v -0.3665008 1.833929 -1.033322
v -0.5267938 1.950485 -1.057858
v -0.5291409 1.964138 -0.9776702
v -0.368848 1.847581 -0.9531342
v -0.3665008 1.833929 -1.033322
v -0.5267938 1.950485 -1.057858
v -0.368848 1.847581 -0.9531342
v -0.6270022 2.083703 -1.166054
v -0.6293494 2.097356 -1.085866
v -0.5267938 1.950485 -1.057858
v -0.5244465 1.936833 -1.138046
v -0.6270022 2.083703 -1.166054
v -0.5267938 1.950485 -1.057858
v -0.6293494 2.097356 -1.085866
v -0.6316965 2.111007 -1.005678
v -0.5291409 1.964138 -0.9776702
v -0.5267938 1.950485 -1.057858
v -0.6293494 2.097356 -1.085866
v -0.5291409 1.964138 -0.9776702
v -0.6617818 2.24651 -1.194792
v -0.6641291 2.260162 -1.114603
v -0.6293494 2.097356 -1.085866
v -0.6270022 2.083703 -1.166054
v -0.6617818 2.24651 -1.194792
v -0.6293494 2.097356 -1.085866
v -0.6641291 2.260162 -1.114603
v -0.6664762 2.273814 -1.034416
v -0.6316965 2.111007 -1.005678
v -0.6293494 2.097356 -1.085866
v -0.6641291 2.260162 -1.114603
v -0.6316965 2.111007 -1.005678
v -0.6253809 2.409317 -1.221445
v -0.627728 2.422969 -1.141258
v -0.6641291 2.260162 -1.114603
v -0.6617818 2.24651 -1.194792
v -0.6253809 2.409317 -1.221445
v -0.6641291 2.260162 -1.114603
v -0.627728 2.422969 -1.141258
v -0.6300753 2.436621 -1.06107
v -0.6664762 2.273814 -1.034416
v -0.6641291 2.260162 -1.114603
v -0.627728 2.422969 -1.141258
v -0.6664762 2.273814 -1.034416
v -0.5213628 2.556186 -1.243407
v -0.5237098 2.569839 -1.163219
v -0.627728 2.422969 -1.141258
v -0.6253809 2.409317 -1.221445
v -0.5213628 2.556186 -1.243407
v -0.627728 2.422969 -1.141258
v -0.5237098 2.569839 -1.163219
v -0.526057 2.583492 -1.083031
v -0.6300753 2.436621 -1.06107
v -0.627728 2.422969 -1.141258
v -0.5237098 2.569839 -1.163219
v -0.6300753 2.436621 -1.06107
v -0.359909 2.672744 -1.258526
v -0.3622562 2.686396 -1.178338
v -0.5237098 2.569839 -1.163219
v -0.5213628 2.556186 -1.243407
v -0.359909 2.672744 -1.258526
v -0.5237098 2.569839 -1.163219
v -0.3622562 2.686396 -1.178338
v -0.3646033 2.700048 -1.09815
v -0.526057 2.583492 -1.083031
v -0.5237098 2.569839 -1.163219
v -0.3622562 2.686396 -1.178338
v -0.526057 2.583492 -1.083031
v -0.1568246 2.747577 -1.265323
v -0.1591717 2.76123 -1.185135
v -0.3622562 2.686396 -1.178338
v -0.359909 2.672744 -1.258526
v -0.1568246 2.747577 -1.265323
v -0.3622562 2.686396 -1.178338
v -0.1591717 2.76123 -1.185135
v -0.1615188 2.774883 -1.104947
v -0.3646033 2.700048 -1.09815
v -0.3622562 2.686396 -1.178338
v -0.1591717 2.76123 -1.185135
v -0.3646033 2.700048 -1.09815
v 0.06801187 2.773364 -1.263132
v 0.06566474 2.787015 -1.182944
v -0.1591717 2.76123 -1.185135
v -0.1568246 2.747577 -1.265323
v 0.06801187 2.773364 -1.263132
v -0.1591717 2.76123 -1.185135
v 0.06566474 2.787015 -1.182944
v 0.0633176 2.800668 -1.102756
v -0.1615188 2.774883 -1.104947
v -0.1591717 2.76123 -1.185135
v 0.06566474 2.787015 -1.182944
v -0.1615188 2.774883 -1.104947
v 0.06069441 2.273814 -1.013131
v 0.0633176 2.800668 -1.102756
v 0.2878973 2.774883 -1.091792
v 0.06069441 2.273814 -1.013131
v 0.2878973 2.774883 -1.091792
v 0.4902367 2.700048 -1.073129
v 0.06069441 2.273814 -1.013131
v 0.4902367 2.700048 -1.073129
v 0.6505296 2.583493 -1.048592
v 0.06069441 2.273814 -1.013131
v 0.6505296 2.583493 -1.048592
v 0.7530854 2.436621 -1.020584
v 0.06069441 2.273814 -1.013131
v 0.7530854 2.436621 -1.020584
v 0.787865 2.273816 -0.991847
v 0.06069441 2.273814 -1.013131
v 0.787865 2.273816 -0.991847
v 0.7514641 2.111009 -0.965193
v 0.06069441 2.273814 -1.013131
v 0.7514641 2.111009 -0.965193
v 0.6474459 1.964139 -0.9432312
v 0.06069441 2.273814 -1.013131
v 0.6474459 1.964139 -0.9432312
v 0.4859923 1.847582 -0.9281121
v 0.06069441 2.273814 -1.013131
v 0.4859923 1.847582 -0.9281121
v 0.2829075 1.772748 -0.9213152
v 0.06069441 2.273814 -1.013131
v 0.2829075 1.772748 -0.9213152
v 0.05807117 1.746961 -0.9235061
v 0.06069441 2.273814 -1.013131
v 0.05807117 1.746961 -0.9235061
v -0.1665084 1.772747 -0.9344702
v 0.06069441 2.273814 -1.013131
v -0.1665084 1.772747 -0.9344702
v -0.368848 1.847581 -0.9531342
v 0.06069441 2.273814 -1.013131
v -0.368848 1.847581 -0.9531342
v -0.5291409 1.964138 -0.9776702
v 0.06069441 2.273814 -1.013131
v -0.5291409 1.964138 -0.9776702
v -0.6316965 2.111007 -1.005678
v 0.06069441 2.273814 -1.013131
v -0.6316965 2.111007 -1.005678
v -0.6664762 2.273814 -1.034416
v 0.06069441 2.273814 -1.013131
v -0.6664762 2.273814 -1.034416
v -0.6300753 2.436621 -1.06107
v 0.06069441 2.273814 -1.013131
v -0.6300753 2.436621 -1.06107
v -0.526057 2.583492 -1.083031
v 0.06069441 2.273814 -1.013131
v -0.526057 2.583492 -1.083031
v -0.3646033 2.700048 -1.09815
v 0.06069441 2.273814 -1.013131
v -0.3646033 2.700048 -1.09815
v -0.1615188 2.774883 -1.104947
v 0.06069441 2.273814 -1.013131
v -0.1615188 2.774883 -1.104947
v 0.0633176 2.800668 -1.102756
v 0.06538869 2.24651 -1.173507
v 0.06801187 2.773364 -1.263132
v -0.1568246 2.747577 -1.265323
v 0.06538869 2.24651 -1.173507
v -0.1568246 2.747577 -1.265323
v -0.359909 2.672744 -1.258526
v 0.06538869 2.24651 -1.173507
v -0.359909 2.672744 -1.258526
v -0.5213628 2.556186 -1.243407
v 0.06538869 2.24651 -1.173507
v -0.5213628 2.556186 -1.243407
v -0.6253809 2.409317 -1.221445
v 0.06538869 2.24651 -1.173507
v -0.6253809 2.409317 -1.221445
v -0.6617818 2.24651 -1.194792
v 0.06538869 2.24651 -1.173507
v -0.6617818 2.24651 -1.194792
v -0.6270022 2.083703 -1.166054
v 0.06538869 2.24651 -1.173507
v -0.6270022 2.083703 -1.166054
v -0.5244465 1.936833 -1.138046
v 0.06538869 2.24651 -1.173507
v -0.5244465 1.936833 -1.138046
v -0.3641537 1.820276 -1.113509
v 0.06538869 2.24651 -1.173507
v -0.3641537 1.820276 -1.113509
v -0.1618142 1.745442 -1.094846
v 0.06538869 2.24651 -1.173507
v -0.1618142 1.745442 -1.094846
v 0.06276543 1.719656 -1.083882
v 0.06538869 2.24651 -1.173507
v 0.06276543 1.719656 -1.083882
v 0.2876018 1.745442 -1.081691
v 0.06538869 2.24651 -1.173507
v 0.2876018 1.745442 -1.081691
v 0.4906866 1.820276 -1.088488
v 0.06538869 2.24651 -1.173507
v 0.4906866 1.820276 -1.088488
v 0.6521402 1.936833 -1.103607
v 0.06538869 2.24651 -1.173507
v 0.6521402 1.936833 -1.103607
v 0.7561584 2.083703 -1.125568
v 0.06538869 2.24651 -1.173507
v 0.7561584 2.083703 -1.125568
v 0.7925593 2.24651 -1.152222
v 0.06538869 2.24651 -1.173507
v 0.7925593 2.24651 -1.152222
v 0.7577797 2.409317 -1.18096
v 0.06538869 2.24651 -1.173507
v 0.7577797 2.409317 -1.18096
v 0.655224 2.556186 -1.208968
v 0.06538869 2.24651 -1.173507
v 0.655224 2.556186 -1.208968
v 0.494931 2.672744 -1.233504
v 0.06538869 2.24651 -1.173507
v 0.494931 2.672744 -1.233504
v 0.2925915 2.747577 -1.252168
v 0.06538869 2.24651 -1.173507
v 0.2925915 2.747577 -1.252168
v 0.06801187 2.773364 -1.263132
vn 0.02621622 -0.163563 -0.9861845
vn 0.02621622 -0.163563 -0.9861845
vn 0.02621622 -0.163563 -0.9861845
vn 0.02621624 -0.163563 -0.9861845
vn 0.02621624 -0.163563 -0.9861845
vn 0.02621624 -0.163563 -0.9861845
vn 0.02620539 -0.1635444 -0.9861879
vn 0.02620539 -0.1635444 -0.9861879
vn 0.02620539 -0.1635444 -0.9861879
vn 0.02621402 -0.163563 -0.9861846
vn 0.02621402 -0.163563 -0.9861846
vn 0.02621402 -0.163563 -0.9861846
vn 0.01820601 -0.4705726 -0.8821735
vn 0.01820601 -0.4705726 -0.8821735
vn 0.01820601 -0.4705726 -0.8821735
vn 0.01820595 -0.4705724 -0.8821735
vn 0.01820595 -0.4705724 -0.8821735
vn 0.01820595 -0.4705724 -0.8821735
vn 0.01820352 -0.470587 -0.8821658
vn 0.01820352 -0.470587 -0.8821658
vn 0.01820352 -0.470587 -0.8821658
vn 0.01819598 -0.4705724 -0.8821738
vn 0.01819598 -0.4705724 -0.8821738
vn 0.01819598 -0.4705724 -0.8821738
vn 0.008520868 -0.7230194 -0.6907752
vn 0.008520868 -0.7230194 -0.6907752
vn 0.008520868 -0.7230194 -0.6907752
vn 0.008520861 -0.7230195 -0.6907752
vn 0.008520861 -0.7230195 -0.6907752
vn 0.008520861 -0.7230195 -0.6907752
vn 0.008520689 -0.7230216 -0.690773
vn 0.008520689 -0.7230216 -0.690773
vn 0.008520689 -0.7230216 -0.690773
vn 0.008519289 -0.7230194 -0.6907752
vn 0.008519289 -0.7230194 -0.6907752
vn 0.008519289 -0.7230194 -0.6907752
vn -0.001729099 -0.8990362 -0.4378709
vn -0.001729099 -0.8990362 -0.4378709
vn -0.001729099 -0.8990362 -0.4378709
vn -0.00172807 -0.8990372 -0.4378689
vn -0.00172807 -0.8990372 -0.4378689
vn -0.00172807 -0.8990372 -0.4378689
vn -0.001728007 -0.8990363 -0.4378707
vn -0.001728007 -0.8990363 -0.4378707
vn -0.001728007 -0.8990363 -0.4378707
vn -0.001728082 -0.8990363 -0.4378709
vn -0.001728082 -0.8990363 -0.4378709
vn -0.001728082 -0.8990363 -0.4378709
vn -0.01160229 -0.9886189 -0.1499939
vn -0.01160229 -0.9886189 -0.1499939
vn -0.01160229 -0.9886189 -0.1499939
vn -0.01160265 -0.9886187 -0.1499946
vn -0.01160265 -0.9886187 -0.1499946
vn -0.01160265 -0.9886187 -0.1499946
vn -0.01160221 -0.9886189 -0.1499939
vn -0.01160221 -0.9886189 -0.1499939
vn -0.01160221 -0.9886189 -0.1499939
vn -0.01160221 -0.9886189 -0.1499939
vn -0.01160221 -0.9886189 -0.1499939
vn -0.01160221 -0.9886189 -0.1499939
vn -0.02035448 -0.9886189 0.1490581
vn -0.02035448 -0.9886189 0.1490581
vn -0.02035448 -0.9886189 0.1490581
vn -0.02035447 -0.9886189 0.1490582
vn -0.02035447 -0.9886189 0.1490582
vn -0.02035447 -0.9886189 0.1490582
vn -0.02035437 -0.9886189 0.1490582
vn -0.02035437 -0.9886189 0.1490582
vn -0.02035437 -0.9886189 0.1490582
vn -0.02035438 -0.9886189 0.1490582
vn -0.02035438 -0.9886189 0.1490582
vn -0.02035438 -0.9886189 0.1490582
vn -0.02733283 -0.8990378 0.4370171
vn -0.02733283 -0.8990378 0.4370171
vn -0.02733283 -0.8990378 0.4370171
vn -0.02733291 -0.8990379 0.437017
vn -0.02733291 -0.8990379 0.437017
vn -0.02733291 -0.8990379 0.437017
vn -0.02733195 -0.899037 0.4370188
vn -0.02733195 -0.899037 0.4370188
vn -0.02733195 -0.899037 0.4370188
vn -0.02733282 -0.8990377 0.4370172
vn -0.02733282 -0.8990377 0.4370172
vn -0.02733282 -0.8990377 0.4370172
vn -0.0318843 -0.723011 0.6901004
vn -0.0318843 -0.723011 0.6901004
vn -0.0318843 -0.723011 0.6901004
vn -0.03189206 -0.723022 0.6900886
vn -0.03189206 -0.723022 0.6900886
vn -0.03189206 -0.723022 0.6900886
vn -0.03189217 -0.7230129 0.690098
vn -0.03189217 -0.7230129 0.690098
vn -0.03189217 -0.7230129 0.690098
vn -0.03189072 -0.723011 0.6901002
vn -0.03189072 -0.723011 0.6901002
vn -0.03189072 -0.723011 0.6901002
vn -0.03340697 -0.4705775 0.8817261
vn -0.03340697 -0.4705775 0.8817261
vn -0.03340697 -0.4705775 0.8817261
vn -0.03340694 -0.4705775 0.881726
vn -0.03340694 -0.4705775 0.881726
vn -0.03340694 -0.4705775 0.881726
vn -0.03341706 -0.4705775 0.8817257
vn -0.03341706 -0.4705775 0.8817257
vn -0.03341706 -0.4705775 0.8817257
vn -0.033417 -0.4705774 0.8817257
vn -0.033417 -0.4705774 0.8817257
vn -0.033417 -0.4705774 0.8817257
vn -0.03150334 -0.1635631 0.9860297
vn -0.03150334 -0.1635631 0.9860297
vn -0.03150334 -0.1635631 0.9860297
vn -0.03149182 -0.1635404 0.9860339
vn -0.03149182 -0.1635404 0.9860339
vn -0.03149182 -0.1635404 0.9860339
vn -0.03150117 -0.1635588 0.9860305
vn -0.03150117 -0.1635588 0.9860305
vn -0.03150117 -0.1635588 0.9860305
vn -0.03150336 -0.1635632 0.9860297
vn -0.03150336 -0.1635632 0.9860297
vn -0.03150336 -0.1635632 0.9860297
vn -0.02621666 0.1635447 0.9861875
vn -0.02621666 0.1635447 0.9861875
vn -0.02621666 0.1635447 0.9861875
vn -0.02621666 0.1635447 0.9861875
vn -0.02621666 0.1635447 0.9861875
vn -0.02621666 0.1635447 0.9861875
vn -0.026205 0.1635625 0.9861849
vn -0.026205 0.1635625 0.9861849
vn -0.026205 0.1635625 0.9861849
vn -0.02621421 0.1635446 0.9861876
vn -0.02621421 0.1635446 0.9861876
vn -0.02621421 0.1635446 0.9861876
vn -0.01820558 0.4705873 0.8821656
vn -0.01820558 0.4705873 0.8821656
vn -0.01820558 0.4705873 0.8821656
vn -0.01820559 0.4705873 0.8821656
vn -0.01820559 0.4705873 0.8821656
vn -0.01820559 0.4705873 0.8821656
vn -0.01820396 0.4705728 0.8821734
vn -0.01820396 0.4705728 0.8821734
vn -0.01820396 0.4705728 0.8821734
vn -0.01819551 0.4705871 0.8821659
vn -0.01819551 0.4705871 0.8821659
vn -0.01819551 0.4705871 0.8821659
vn -0.008512883 0.7230209 0.6907738
vn -0.008512883 0.7230209 0.6907738
vn -0.008512883 0.7230209 0.6907738
vn -0.008521381 0.7230099 0.6907852
vn -0.008521381 0.7230099 0.6907852
vn -0.008521381 0.7230099 0.6907852
vn -0.008520965 0.7230186 0.6907759
vn -0.008520965 0.7230186 0.6907759
vn -0.008520965 0.7230186 0.6907759
vn -0.008519181 0.723021 0.6907735
vn -0.008519181 0.723021 0.6907735
vn -0.008519181 0.723021 0.6907735
vn 0.00172895 0.8990368 0.4378696
vn 0.00172895 0.8990368 0.4378696
vn 0.00172895 0.8990368 0.4378696
vn 0.001733351 0.8990403 0.4378625
vn 0.001733351 0.8990403 0.4378625
vn 0.001733351 0.8990403 0.4378625
vn 0.001727952 0.8990368 0.4378696
vn 0.001727952 0.8990368 0.4378696
vn 0.001727952 0.8990368 0.4378696
vn 0.001727951 0.8990368 0.4378696
vn 0.001727951 0.8990368 0.4378696
vn 0.001727951 0.8990368 0.4378696
vn 0.01160208 0.9886187 0.1499952
vn 0.01160208 0.9886187 0.1499952
vn 0.01160208 0.9886187 0.1499952
vn 0.01160243 0.9886188 0.1499945
vn 0.01160243 0.9886188 0.1499945
vn 0.01160243 0.9886188 0.1499945
vn 0.01160243 0.9886188 0.1499945
vn 0.01160243 0.9886188 0.1499945
vn 0.01160243 0.9886188 0.1499945
vn 0.01160207 0.9886187 0.1499951
vn 0.01160207 0.9886187 0.1499951
vn 0.01160207 0.9886187 0.1499951
vn 0.02035393 0.988619 -0.1490575
vn 0.02035393 0.988619 -0.1490575
vn 0.02035393 0.988619 -0.1490575
vn 0.0203543 0.9886189 -0.1490582
vn 0.0203543 0.9886189 -0.1490582
vn 0.0203543 0.9886189 -0.1490582
vn 0.02035429 0.9886189 -0.1490582
vn 0.02035429 0.9886189 -0.1490582
vn 0.02035429 0.9886189 -0.1490582
vn 0.02035392 0.988619 -0.1490575
vn 0.02035392 0.988619 -0.1490575
vn 0.02035392 0.988619 -0.1490575
vn 0.02733279 0.8990369 -0.437019
vn 0.02733279 0.8990369 -0.437019
vn 0.02733279 0.8990369 -0.437019
vn 0.02733174 0.8990378 -0.4370172
vn 0.02733174 0.8990378 -0.4370172
vn 0.02733174 0.8990378 -0.4370172
vn 0.02733276 0.8990369 -0.4370188
vn 0.02733276 0.8990369 -0.4370188
vn 0.02733276 0.8990369 -0.4370188
vn 0.02733278 0.8990369 -0.4370189
vn 0.02733278 0.8990369 -0.4370189
vn 0.02733278 0.8990369 -0.4370189
vn 0.03189057 0.7230129 -0.6900982
vn 0.03189057 0.7230129 -0.6900982
vn 0.03189057 0.7230129 -0.6900982
vn 0.03189218 0.7230107 -0.6901004
vn 0.03189218 0.7230107 -0.6901004
vn 0.03189218 0.7230107 -0.6901004
vn 0.03189211 0.7230129 -0.6900981
vn 0.03189211 0.7230129 -0.6900981
vn 0.03189211 0.7230129 -0.6900981
vn 0.03189211 0.7230128 -0.6900981
vn 0.03189211 0.7230128 -0.6900981
vn 0.03189211 0.7230128 -0.6900981
vn 0.03341495 0.470578 -0.8817255
vn 0.03341495 0.470578 -0.8817255
vn 0.03341495 0.470578 -0.8817255
vn 0.03341498 0.470578 -0.8817255
vn 0.03341498 0.470578 -0.8817255
vn 0.03341498 0.470578 -0.8817255
vn 0.033417 0.4705779 -0.8817254
vn 0.033417 0.4705779 -0.8817254
vn 0.033417 0.4705779 -0.8817254
vn 0.03341696 0.470578 -0.8817254
vn 0.03341696 0.470578 -0.8817254
vn 0.03341696 0.470578 -0.8817254
vn 0.03150325 0.1635583 -0.9860306
vn 0.03150325 0.1635583 -0.9860306
vn 0.03150325 0.1635583 -0.9860306
vn 0.03150105 0.163563 -0.9860299
vn 0.03150105 0.163563 -0.9860299
vn 0.03150105 0.163563 -0.9860299
vn 0.03150108 0.163563 -0.9860299
vn 0.03150108 0.163563 -0.9860299
vn 0.03150108 0.163563 -0.9860299
vn 0.03150328 0.1635583 -0.9860306
vn 0.03150328 0.1635583 -0.9860306
vn 0.03150328 0.1635583 -0.9860306
vn 0.9994415 -0.01616628 0.02924815
vn 0.9994415 -0.01616628 0.02924815
vn 0.9994415 -0.01616628 0.02924815
vn 0.9994416 -0.01616526 0.02924784
vn 0.9994416 -0.01616526 0.02924784
vn 0.9994416 -0.01616526 0.02924784
vn 0.9994414 -0.01616748 0.02924937
vn 0.9994414 -0.01616748 0.02924937
vn 0.9994414 -0.01616748 0.02924937
vn 0.9994415 -0.01616627 0.02924779
vn 0.9994415 -0.01616627 0.02924779
vn 0.9994415 -0.01616627 0.02924779
vn 0.9994414 -0.01616688 0.02924957
vn 0.9994414 -0.01616688 0.02924957
vn 0.9994414 -0.01616688 0.02924957
vn 0.9994414 -0.01616688 0.02924807
vn 0.9994414 -0.01616688 0.02924807
vn 0.9994414 -0.01616688 0.02924807
vn 0.9994414 -0.01616665 0.02924874
vn 0.9994414 -0.01616665 0.02924874
vn 0.9994414 -0.01616665 0.02924874
vn 0.9994414 -0.01616643 0.02924905
vn 0.9994414 -0.01616643 0.02924905
vn 0.9994414 -0.01616643 0.02924905
vn 0.9994414 -0.01616671 0.02924884
vn 0.9994414 -0.01616671 0.02924884
vn 0.9994414 -0.01616671 0.02924884
vn 0.9994414 -0.01616725 0.02924868
vn 0.9994414 -0.01616725 0.02924868
vn 0.9994414 -0.01616725 0.02924868
vn 0.9994414 -0.01616799 0.02924868
vn 0.9994414 -0.01616799 0.02924868
vn 0.9994414 -0.01616799 0.02924868
vn 0.9994416 -0.01616581 0.029248
vn 0.9994416 -0.01616581 0.029248
vn 0.9994416 -0.01616581 0.029248
vn 0.9994414 -0.01616866 0.02924998
vn 0.9994414 -0.01616866 0.02924998
vn 0.9994414 -0.01616866 0.02924998
vn 0.9994414 -0.01616681 0.02924755
vn 0.9994414 -0.01616681 0.02924755
vn 0.9994414 -0.01616681 0.02924755
vn 0.9994414 -0.01616746 0.02924947
vn 0.9994414 -0.01616746 0.02924947
vn 0.9994414 -0.01616746 0.02924947
vn 0.9994415 -0.01616747 0.02924702
vn 0.9994415 -0.01616747 0.02924702
vn 0.9994415 -0.01616747 0.02924702
vn 0.9994414 -0.01616647 0.02924993
vn 0.9994414 -0.01616647 0.02924993
vn 0.9994414 -0.01616647 0.02924993
vn 0.9994414 -0.01616755 0.02924852
vn 0.9994414 -0.01616755 0.02924852
vn 0.9994414 -0.01616755 0.02924852
vn 0.9994414 -0.01616779 0.02924835
vn 0.9994414 -0.01616779 0.02924835
vn 0.9994414 -0.01616779 0.02924835
vn 0.9994414 -0.01616845 0.02924815
vn 0.9994414 -0.01616845 0.02924815
vn 0.9994414 -0.01616845 0.02924815
vn -0.9994414 0.01616842 -0.02924799
vn -0.9994414 0.01616842 -0.02924799
vn -0.9994414 0.01616842 -0.02924799
vn -0.9994414 0.01616771 -0.02924821
vn -0.9994414 0.01616771 -0.02924821
vn -0.9994414 0.01616771 -0.02924821
vn -0.9994414 0.01616731 -0.02924849
vn -0.9994414 0.01616731 -0.02924849
vn -0.9994414 0.01616731 -0.02924849
vn -0.9994414 0.01616636 -0.02924973
vn -0.9994414 0.01616636 -0.02924973
vn -0.9994414 0.01616636 -0.02924973
vn -0.9994415 0.01616729 -0.02924699
vn -0.9994415 0.01616729 -0.02924699
vn -0.9994415 0.01616729 -0.02924699
vn -0.9994414 0.01616729 -0.0292495
vn -0.9994414 0.01616729 -0.0292495
vn -0.9994414 0.01616729 -0.0292495
vn -0.9994415 0.01616649 -0.02924712
vn -0.9994415 0.01616649 -0.02924712
vn -0.9994415 0.01616649 -0.02924712
vn -0.9994414 0.01616899 -0.02925042
vn -0.9994414 0.01616899 -0.02925042
vn -0.9994414 0.01616899 -0.02925042
vn -0.9994415 0.01616528 -0.02924784
vn -0.9994415 0.01616528 -0.02924784
vn -0.9994415 0.01616528 -0.02924784
vn -0.9994414 0.01616855 -0.02924885
vn -0.9994414 0.01616855 -0.02924885
vn -0.9994414 0.01616855 -0.02924885
vn -0.9994414 0.01616669 -0.02924885
vn -0.9994414 0.01616669 -0.02924885
vn -0.9994414 0.01616669 -0.02924885
vn -0.9994414 0.01616671 -0.02924885
vn -0.9994414 0.01616671 -0.02924885
vn -0.9994414 0.01616671 -0.02924885
vn -0.9994414 0.01616689 -0.02924872
vn -0.9994414 0.01616689 -0.02924872
vn -0.9994414 0.01616689 -0.02924872
vn -0.9994414 0.01616689 -0.02924871
vn -0.9994414 0.01616689 -0.02924871
vn -0.9994414 0.01616689 -0.02924871
vn -0.9994414 0.0161671 -0.02924811
vn -0.9994414 0.0161671 -0.02924811
vn -0.9994414 0.0161671 -0.02924811
vn -0.9994414 0.0161671 -0.02924967
vn -0.9994414 0.0161671 -0.02924967
vn -0.9994414 0.0161671 -0.02924967
vn -0.9994414 0.01616639 -0.02924758
vn -0.9994414 0.01616639 -0.02924758
vn -0.9994414 0.01616639 -0.02924758
vn -0.9994414 0.01616772 -0.02924933
vn -0.9994414 0.01616772 -0.02924933
vn -0.9994414 0.01616772 -0.02924933
vn -0.9994415 0.0161658 -0.029248
vn -0.9994415 0.0161658 -0.029248
vn -0.9994415 0.0161658 -0.029248
vn -0.9994415 0.01616575 -0.02924799
vn -0.9994415 0.01616575 -0.02924799
vn -0.9994415 0.01616575 -0.02924799
vn 0.02621472 -0.163555 -0.9861858
vn 0.02621472 -0.163555 -0.9861858
vn 0.02621472 -0.163555 -0.9861858
vn 0.02621406 -0.1635536 -0.9861861
vn 0.02621406 -0.1635536 -0.9861861
vn 0.02621406 -0.1635536 -0.9861861
vn 0.02621478 -0.1635527 -0.9861863
vn 0.02621478 -0.1635527 -0.9861863
vn 0.02621478 -0.1635527 -0.9861863
vn 0.02621586 -0.163555 -0.9861858
vn 0.02621586 -0.163555 -0.9861858
vn 0.02621586 -0.163555 -0.9861858
vn 0.01820429 -0.4705789 -0.8821701
vn 0.01820429 -0.4705789 -0.8821701
vn 0.01820429 -0.4705789 -0.8821701
vn 0.01820429 -0.4705789 -0.8821701
vn 0.01820429 -0.4705789 -0.8821701
vn 0.01820429 -0.4705789 -0.8821701
vn 0.0182043 -0.4705789 -0.8821701
vn 0.0182043 -0.4705789 -0.8821701
vn 0.0182043 -0.4705789 -0.8821701
vn 0.01820431 -0.4705789 -0.8821701
vn 0.01820431 -0.4705789 -0.8821701
vn 0.01820431 -0.4705789 -0.8821701
vn 0.008520539 -0.7230165 -0.6907783
vn 0.008520539 -0.7230165 -0.6907783
vn 0.008520539 -0.7230165 -0.6907783
vn 0.008519868 -0.7230155 -0.6907793
vn 0.008519868 -0.7230155 -0.6907793
vn 0.008519868 -0.7230155 -0.6907793
vn 0.00851946 -0.7230159 -0.6907789
vn 0.00851946 -0.7230159 -0.6907789
vn 0.00851946 -0.7230159 -0.6907789
vn 0.008519834 -0.7230164 -0.6907783
vn 0.008519834 -0.7230164 -0.6907783
vn 0.008519834 -0.7230164 -0.6907783
vn -0.001728407 -0.8990383 -0.4378667
vn -0.001728407 -0.8990383 -0.4378667
vn -0.001728407 -0.8990383 -0.4378667
vn -0.001728483 -0.8990382 -0.4378668
vn -0.001728483 -0.8990382 -0.4378668
vn -0.001728483 -0.8990382 -0.4378668
vn -0.001728984 -0.8990384 -0.4378664
vn -0.001728984 -0.8990384 -0.4378664
vn -0.001728984 -0.8990384 -0.4378664
vn -0.001729142 -0.8990383 -0.4378667
vn -0.001729142 -0.8990383 -0.4378667
vn -0.001729142 -0.8990383 -0.4378667
vn -0.01160238 -0.9886189 -0.1499937
vn -0.01160238 -0.9886189 -0.1499937
vn -0.01160238 -0.9886189 -0.1499937
vn -0.01160231 -0.9886189 -0.1499936
vn -0.01160231 -0.9886189 -0.1499936
vn -0.01160231 -0.9886189 -0.1499936
vn -0.01160257 -0.9886189 -0.1499938
vn -0.01160257 -0.9886189 -0.1499938
vn -0.01160257 -0.9886189 -0.1499938
vn -0.01160255 -0.9886189 -0.1499937
vn -0.01160255 -0.9886189 -0.1499937
vn -0.01160255 -0.9886189 -0.1499937
vn -0.02035434 -0.9886187 0.1490593
vn -0.02035434 -0.9886187 0.1490593
vn -0.02035434 -0.9886187 0.1490593
vn -0.02035441 -0.9886188 0.1490592
vn -0.02035441 -0.9886188 0.1490592
vn -0.02035441 -0.9886188 0.1490592
vn -0.02035424 -0.9886188 0.149059
vn -0.02035424 -0.9886188 0.149059
vn -0.02035424 -0.9886188 0.149059
vn -0.02035409 -0.9886187 0.1490593
vn -0.02035409 -0.9886187 0.1490593
vn -0.02035409 -0.9886187 0.1490593
vn -0.02733244 -0.8990374 0.4370179
vn -0.02733244 -0.8990374 0.4370179
vn -0.02733244 -0.8990374 0.4370179
vn -0.0273326 -0.8990375 0.4370176
vn -0.0273326 -0.8990375 0.4370176
vn -0.0273326 -0.8990375 0.4370176
vn -0.02733234 -0.8990375 0.4370176
vn -0.02733234 -0.8990375 0.4370176
vn -0.02733234 -0.8990375 0.4370176
vn -0.02733219 -0.8990374 0.437018
vn -0.02733219 -0.8990374 0.437018
vn -0.02733219 -0.8990374 0.437018
vn -0.03189122 -0.7230216 0.6900889
vn -0.03189122 -0.7230216 0.6900889
vn -0.03189122 -0.7230216 0.6900889
vn -0.03189135 -0.7230219 0.6900887
vn -0.03189135 -0.7230219 0.6900887
vn -0.03189135 -0.7230219 0.6900887
vn -0.03188512 -0.723013 0.6900982
vn -0.03188512 -0.723013 0.6900982
vn -0.03188512 -0.723013 0.6900982
vn -0.03189128 -0.7230217 0.6900889
vn -0.03189128 -0.7230217 0.6900889
vn -0.03189128 -0.7230217 0.6900889
vn -0.03341603 -0.4705775 0.8817257
vn -0.03341603 -0.4705775 0.8817257
vn -0.03341603 -0.4705775 0.8817257
vn -0.03341598 -0.4705774 0.8817257
vn -0.03341598 -0.4705774 0.8817257
vn -0.03341598 -0.4705774 0.8817257
vn -0.033416 -0.470592 0.8817179
vn -0.033416 -0.470592 0.8817179
vn -0.033416 -0.470592 0.8817179
vn -0.03340798 -0.4705776 0.881726
vn -0.03340798 -0.4705776 0.881726
vn -0.03340798 -0.4705776 0.881726
vn -0.03150194 -0.1635402 0.9860336
vn -0.03150194 -0.1635402 0.9860336
vn -0.03150194 -0.1635402 0.9860336
vn -0.03150196 -0.1635402 0.9860336
vn -0.03150196 -0.1635402 0.9860336
vn -0.03150196 -0.1635402 0.9860336
vn -0.03150194 -0.1635402 0.9860336
vn -0.03150194 -0.1635402 0.9860336
vn -0.03150194 -0.1635402 0.9860336
vn -0.03150195 -0.1635402 0.9860336
vn -0.03150195 -0.1635402 0.9860336
vn -0.03150195 -0.1635402 0.9860336
vn -0.02621552 0.1635447 0.9861876
vn -0.02621552 0.1635447 0.9861876
vn -0.02621552 0.1635447 0.9861876
vn -0.02621553 0.1635447 0.9861876
vn -0.02621553 0.1635447 0.9861876
vn -0.02621553 0.1635447 0.9861876
vn -0.02621551 0.1635447 0.9861876
vn -0.02621551 0.1635447 0.9861876
vn -0.02621551 0.1635447 0.9861876
vn -0.02621553 0.1635447 0.9861876
vn -0.02621553 0.1635447 0.9861876
vn -0.02621553 0.1635447 0.9861876
vn -0.01820458 0.4705873 0.8821656
vn -0.01820458 0.4705873 0.8821656
vn -0.01820458 0.4705873 0.8821656
vn -0.01820458 0.4705873 0.8821656
vn -0.01820458 0.4705873 0.8821656
vn -0.01820458 0.4705873 0.8821656
vn -0.01820564 0.4705855 0.8821666
vn -0.01820564 0.4705855 0.8821666
vn -0.01820564 0.4705855 0.8821666
vn -0.01820457 0.4705873 0.8821657
vn -0.01820457 0.4705873 0.8821657
vn -0.01820457 0.4705873 0.8821657
vn -0.008520595 0.7230098 0.6907852
vn -0.008520595 0.7230098 0.6907852
vn -0.008520595 0.7230098 0.6907852
vn -0.008520596 0.7230099 0.6907852
vn -0.008520596 0.7230099 0.6907852
vn -0.008520596 0.7230099 0.6907852
vn -0.008513715 0.7230198 0.6907749
vn -0.008513715 0.7230198 0.6907749
vn -0.008513715 0.7230198 0.6907749
vn -0.008521384 0.7230099 0.6907852
vn -0.008521384 0.7230099 0.6907852
vn -0.008521384 0.7230099 0.6907852
vn 0.001729746 0.8990405 0.4378623
vn 0.001729746 0.8990405 0.4378623
vn 0.001729746 0.8990405 0.4378623
vn 0.001728659 0.8990396 0.4378641
vn 0.001728659 0.8990396 0.4378641
vn 0.001728659 0.8990396 0.4378641
vn 0.001728185 0.8990366 0.4378701
vn 0.001728185 0.8990366 0.4378701
vn 0.001728185 0.8990366 0.4378701
vn 0.001732849 0.8990404 0.4378624
vn 0.001732849 0.8990404 0.4378624
vn 0.001732849 0.8990404 0.4378624
vn 0.01160245 0.9886189 0.1499942
vn 0.01160245 0.9886189 0.1499942
vn 0.01160245 0.9886189 0.1499942
vn 0.01160325 0.988619 0.1499927
vn 0.01160325 0.988619 0.1499927
vn 0.01160325 0.988619 0.1499927
vn 0.01160219 0.9886189 0.1499942
vn 0.01160219 0.9886189 0.1499942
vn 0.01160219 0.9886189 0.1499942
vn 0.01160219 0.9886189 0.1499942
vn 0.01160219 0.9886189 0.1499942
vn 0.01160219 0.9886189 0.1499942
vn 0.02035397 0.9886188 -0.1490592
vn 0.02035397 0.9886188 -0.1490592
vn 0.02035397 0.9886188 -0.1490592
vn 0.02035397 0.9886188 -0.1490592
vn 0.02035397 0.9886188 -0.1490592
vn 0.02035397 0.9886188 -0.1490592
vn 0.02035404 0.9886189 -0.1490588
vn 0.02035404 0.9886189 -0.1490588
vn 0.02035404 0.9886189 -0.1490588
vn 0.02035422 0.9886188 -0.1490592
vn 0.02035422 0.9886188 -0.1490592
vn 0.02035422 0.9886188 -0.1490592
vn 0.02733198 0.8990382 -0.4370165
vn 0.02733198 0.8990382 -0.4370165
vn 0.02733198 0.8990382 -0.4370165
vn 0.02733172 0.8990384 -0.4370161
vn 0.02733172 0.8990384 -0.4370161
vn 0.02733172 0.8990384 -0.4370161
vn 0.02733291 0.8990374 -0.4370181
vn 0.02733291 0.8990374 -0.4370181
vn 0.02733291 0.8990374 -0.4370181
vn 0.02733197 0.8990381 -0.4370165
vn 0.02733197 0.8990381 -0.4370165
vn 0.02733197 0.8990381 -0.4370165
vn 0.03189171 0.7230149 -0.6900959
vn 0.03189171 0.7230149 -0.6900959
vn 0.03189171 0.7230149 -0.6900959
vn 0.0318909 0.723016 -0.6900948
vn 0.0318909 0.723016 -0.6900948
vn 0.0318909 0.723016 -0.6900948
vn 0.0318905 0.7230165 -0.6900944
vn 0.0318905 0.7230165 -0.6900944
vn 0.0318905 0.7230165 -0.6900944
vn 0.03189163 0.7230149 -0.690096
vn 0.03189163 0.7230149 -0.690096
vn 0.03189163 0.7230149 -0.690096
vn 0.03341655 0.470578 -0.8817254
vn 0.03341655 0.470578 -0.8817254
vn 0.03341655 0.470578 -0.8817254
vn 0.03341648 0.4705781 -0.8817254
vn 0.03341648 0.4705781 -0.8817254
vn 0.03341648 0.4705781 -0.8817254
vn 0.03341546 0.4705772 -0.8817259
vn 0.03341546 0.4705772 -0.8817259
vn 0.03341546 0.4705772 -0.8817259
vn 0.03341497 0.470578 -0.8817255
vn 0.03341497 0.470578 -0.8817255
vn 0.03341497 0.470578 -0.8817255
vn 0.03150114 0.163555 -0.9860312
vn 0.03150114 0.163555 -0.9860312
vn 0.03150114 0.163555 -0.9860312
vn 0.03150266 0.1635518 -0.9860317
vn 0.03150266 0.1635518 -0.9860317
vn 0.03150266 0.1635518 -0.9860317
vn 0.03150263 0.1635527 -0.9860315
vn 0.03150263 0.1635527 -0.9860315
vn 0.03150263 0.1635527 -0.9860315
vn 0.03150153 0.163555 -0.9860312
vn 0.03150153 0.163555 -0.9860312
vn 0.03150153 0.163555 -0.9860312
vn 0.9994414 -0.0161677 0.02924895
vn 0.9994414 -0.0161677 0.02924895
vn 0.9994414 -0.0161677 0.02924895
vn 0.9994414 -0.01616654 0.02924859
vn 0.9994414 -0.01616654 0.02924859
vn 0.9994414 -0.01616654 0.02924859
vn 0.9994414 -0.01616735 0.02924915
vn 0.9994414 -0.01616735 0.02924915
vn 0.9994414 -0.01616735 0.02924915
vn 0.9994414 -0.01616662 0.02924819
vn 0.9994414 -0.01616662 0.02924819
vn 0.9994414 -0.01616662 0.02924819
vn 0.9994414 -0.01616679 0.02924869
vn 0.9994414 -0.01616679 0.02924869
vn 0.9994414 -0.01616679 0.02924869
vn 0.9994414 -0.01616679 0.02924909
vn 0.9994414 -0.01616679 0.02924909
vn 0.9994414 -0.01616679 0.02924909
vn 0.9994414 -0.01616718 0.02924794
vn 0.9994414 -0.01616718 0.02924794
vn 0.9994414 -0.01616718 0.02924794
vn 0.9994414 -0.0161669 0.02924831
vn 0.9994414 -0.0161669 0.02924831
vn 0.9994414 -0.0161669 0.02924831
vn 0.9994414 -0.01616651 0.02924857
vn 0.9994414 -0.01616651 0.02924857
vn 0.9994414 -0.01616651 0.02924857
vn 0.9994414 -0.01616692 0.02924845
vn 0.9994414 -0.01616692 0.02924845
vn 0.9994414 -0.01616692 0.02924845
vn 0.9994414 -0.01616832 0.02924845
vn 0.9994414 -0.01616832 0.02924845
vn 0.9994414 -0.01616832 0.02924845
vn 0.9994415 -0.01616606 0.02924775
vn 0.9994415 -0.01616606 0.02924775
vn 0.9994415 -0.01616606 0.02924775
vn 0.9994414 -0.01616742 0.02924868
vn 0.9994414 -0.01616742 0.02924868
vn 0.9994414 -0.01616742 0.02924868
vn 0.9994414 -0.01616717 0.02924836
vn 0.9994414 -0.01616717 0.02924836
vn 0.9994414 -0.01616717 0.02924836
vn 0.9994414 -0.01616733 0.02924885
vn 0.9994414 -0.01616733 0.02924885
vn 0.9994414 -0.01616733 0.02924885
vn 0.9994414 -0.01616734 0.02924885
vn 0.9994414 -0.01616734 0.02924885
vn 0.9994414 -0.01616734 0.02924885
vn 0.9994414 -0.0161675 0.02924837
vn 0.9994414 -0.0161675 0.02924837
vn 0.9994414 -0.0161675 0.02924837
vn 0.9994414 -0.01616758 0.02924827
vn 0.9994414 -0.01616758 0.02924827
vn 0.9994414 -0.01616758 0.02924827
vn 0.9994414 -0.01616598 0.02924938
vn 0.9994414 -0.01616598 0.02924938
vn 0.9994414 -0.01616598 0.02924938
vn 0.9994414 -0.01616737 0.02924894
vn 0.9994414 -0.01616737 0.02924894
vn 0.9994414 -0.01616737 0.02924894
vn -0.9994414 0.01616677 -0.02924855
vn -0.9994414 0.01616677 -0.02924855
vn -0.9994414 0.01616677 -0.02924855
vn -0.9994414 0.01616689 -0.02924852
vn -0.9994414 0.01616689 -0.02924852
vn -0.9994414 0.01616689 -0.02924852
vn -0.9994414 0.01616694 -0.02924847
vn -0.9994414 0.01616694 -0.02924847
vn -0.9994414 0.01616694 -0.02924847
vn -0.9994414 0.01616689 -0.02924855
vn -0.9994414 0.01616689 -0.02924855
vn -0.9994414 0.01616689 -0.02924855
vn -0.9994414 0.01616691 -0.02924849
vn -0.9994414 0.01616691 -0.02924849
vn -0.9994414 0.01616691 -0.02924849
vn -0.9994414 0.01616691 -0.02924862
vn -0.9994414 0.01616691 -0.02924862
vn -0.9994414 0.01616691 -0.02924862
vn -0.9994414 0.01616681 -0.02924831
vn -0.9994414 0.01616681 -0.02924831
vn -0.9994414 0.01616681 -0.02924831
vn -0.9994414 0.01616707 -0.02924867
vn -0.9994414 0.01616707 -0.02924867
vn -0.9994414 0.01616707 -0.02924867
vn -0.9994414 0.01616664 -0.02924837
vn -0.9994414 0.01616664 -0.02924837
vn -0.9994414 0.01616664 -0.02924837
vn -0.9994414 0.01616726 -0.02924856
vn -0.9994414 0.01616726 -0.02924856
vn -0.9994414 0.01616726 -0.02924856
vn -0.9994414 0.01616649 -0.02924856
vn -0.9994414 0.01616649 -0.02924856
vn -0.9994414 0.01616649 -0.02924856
vn -0.9994414 0.01616704 -0.02924839
vn -0.9994414 0.01616704 -0.02924839
vn -0.9994414 0.01616704 -0.02924839
vn -0.9994414 0.01616705 -0.02924839
vn -0.9994414 0.01616705 -0.02924839
vn -0.9994414 0.01616705 -0.02924839
vn -0.9994414 0.01616693 -0.02924854
vn -0.9994414 0.01616693 -0.02924854
vn -0.9994414 0.01616693 -0.02924854
vn -0.9994414 0.01616695 -0.0292485
vn -0.9994414 0.01616695 -0.0292485
vn -0.9994414 0.01616695 -0.0292485
vn -0.9994414 0.01616694 -0.0292487
vn -0.9994414 0.01616694 -0.0292487
vn -0.9994414 0.01616694 -0.0292487
vn -0.9994414 0.01616687 -0.0292485
vn -0.9994414 0.01616687 -0.0292485
vn -0.9994414 0.01616687 -0.0292485
vn -0.9994414 0.01616686 -0.02924848
vn -0.9994414 0.01616686 -0.02924848
vn -0.9994414 0.01616686 -0.02924848
vn -0.9994414 0.0161669 -0.02924852
vn -0.9994414 0.0161669 -0.02924852
vn -0.9994414 0.0161669 -0.02924852
vn -0.9994414 0.01616703 -0.02924855
vn -0.9994414 0.01616703 -0.02924855
vn -0.9994414 0.01616703 -0.02924855
vn 0.1819151 0 -0.9833143
vn 0.1819151 0 -0.9833143
vn 0.1819151 0 -0.9833143
vn 0.1819151 0 -0.9833143
vn 0.1819151 0 -0.9833143
vn 0.1819151 0 -0.9833143
vn 0.1819151 0 -0.9833143
vn 0.1819151 0 -0.9833143
vn 0.1819151 0 -0.9833143
vn 0.1819151 0 -0.9833143
vn 0.1819151 0 -0.9833143
vn 0.1819151 0 -0.9833143
vn 0.4719815 0 -0.8816084
vn 0.4719815 0 -0.8816084
vn 0.4719815 0 -0.8816084
vn 0.4719815 0 -0.8816084
vn 0.4719815 0 -0.8816084
vn 0.4719815 0 -0.8816084
vn 0.4719815 0 -0.8816085
vn 0.4719815 0 -0.8816085
vn 0.4719815 0 -0.8816085
vn 0.4719815 0 -0.8816085
vn 0.4719815 0 -0.8816085
vn 0.4719815 0 -0.8816085
vn 0.7198068 0 -0.6941745
vn 0.7198068 0 -0.6941745
vn 0.7198068 0 -0.6941745
vn 0.7198068 0 -0.6941745
vn 0.7198068 0 -0.6941745
vn 0.7198068 0 -0.6941745
vn 0.7198067 0 -0.6941745
vn 0.7198067 0 -0.6941745
vn 0.7198067 0 -0.6941745
vn 0.7198067 0 -0.6941745
vn 0.7198067 0 -0.6941745
vn 0.7198067 0 -0.6941745
vn 0.8999934 0 -0.4359037
vn 0.8999934 0 -0.4359037
vn 0.8999934 0 -0.4359037
vn 0.8999934 0 -0.4359037
vn 0.8999934 0 -0.4359037
vn 0.8999934 0 -0.4359037
vn 0.8999933 0 -0.4359037
vn 0.8999933 0 -0.4359037
vn 0.8999933 0 -0.4359037
vn 0.8999933 0 -0.4359037
vn 0.8999933 0 -0.4359037
vn 0.8999933 0 -0.4359037
vn 0.9913929 0 -0.1309205
vn 0.9913929 0 -0.1309205
vn 0.9913929 0 -0.1309205
vn 0.9913929 0 -0.1309205
vn 0.9913929 0 -0.1309205
vn 0.9913929 0 -0.1309205
vn 0.9913929 0 -0.1309205
vn 0.9913929 0 -0.1309205
vn 0.9913929 0 -0.1309205
vn 0.9913929 0 -0.1309205
vn 0.9913929 0 -0.1309205
vn 0.9913929 0 -0.1309205
vn 0.9820386 0 0.1886799
vn 0.9820386 0 0.1886799
vn 0.9820386 0 0.1886799
vn 0.9820386 0 0.1886799
vn 0.9820386 0 0.1886799
vn 0.9820386 0 0.1886799
vn 0.9820386 0 0.1886799
vn 0.9820386 0 0.1886799
vn 0.9820386 0 0.1886799
vn 0.9820386 0 0.1886799
vn 0.9820386 0 0.1886799
vn 0.9820386 0 0.1886799
vn 0.8729581 0 0.4877953
vn 0.8729581 0 0.4877953
vn 0.8729581 0 0.4877953
vn 0.8729581 0 0.4877953
vn 0.8729581 0 0.4877953
vn 0.8729581 0 0.4877953
vn 0.8729581 0 0.4877953
vn 0.8729581 0 0.4877953
vn 0.8729581 0 0.4877953
vn 0.8729581 0 0.4877953
vn 0.8729581 0 0.4877953
vn 0.8729581 0 0.4877953
vn 0.6779752 0 0.7350848
vn 0.6779752 0 0.7350848
vn 0.6779752 0 0.7350848
vn 0.6779752 0 0.7350848
vn 0.6779752 0 0.7350848
vn 0.6779752 0 0.7350848
vn 0.6779751 0 0.7350848
vn 0.6779751 0 0.7350848
vn 0.6779751 0 0.7350848
vn 0.6779751 0 0.7350848
vn 0.6779751 0 0.7350848
vn 0.6779751 0 0.7350848
vn 0.4196272 0 0.9076966
vn 0.4196272 0 0.9076966
vn 0.4196272 0 0.9076966
vn 0.4196272 0 0.9076966
vn 0.4196272 0 0.9076966
vn 0.4196272 0 0.9076966
vn 0.4196272 0 0.9076965
vn 0.4196272 0 0.9076965
vn 0.4196272 0 0.9076965
vn 0.4196272 0 0.9076965
vn 0.4196272 0 0.9076965
vn 0.4196272 0 0.9076965
vn 0.1240826 0 0.9922719
vn 0.1240826 0 0.9922719
vn 0.1240826 0 0.9922719
vn 0.1240826 0 0.9922719
vn 0.1240826 0 0.9922719
vn 0.1240826 0 0.9922719
vn 0.1240826 0 0.9922719
vn 0.1240826 0 0.9922719
vn 0.1240826 0 0.9922719
vn 0.1240826 0 0.9922719
vn 0.1240826 0 0.9922719
vn 0.1240826 0 0.9922719
vn -0.1818995 0 0.9833171
vn -0.1818995 0 0.9833171
vn -0.1818995 0 0.9833171
vn -0.1818995 0 0.9833171
vn -0.1818995 0 0.9833171
vn -0.1818995 0 0.9833171
vn -0.1818995 0 0.9833171
vn -0.1818995 0 0.9833171
vn -0.1818995 0 0.9833171
vn -0.1818995 0 0.9833171
vn -0.1818995 0 0.9833171
vn -0.1818995 0 0.9833171
vn -0.4719936 0 0.881602
vn -0.4719936 0 0.881602
vn -0.4719936 0 0.881602
vn -0.4719936 0 0.881602
vn -0.4719936 0 0.881602
vn -0.4719936 0 0.881602
vn -0.4719936 0 0.881602
vn -0.4719936 0 0.881602
vn -0.4719936 0 0.881602
vn -0.4719936 0 0.881602
vn -0.4719936 0 0.881602
vn -0.4719936 0 0.881602
vn -0.7198068 0 0.6941745
vn -0.7198068 0 0.6941745
vn -0.7198068 0 0.6941745
vn -0.7198068 0 0.6941745
vn -0.7198068 0 0.6941745
vn -0.7198068 0 0.6941745
vn -0.7198067 0 0.6941745
vn -0.7198067 0 0.6941745
vn -0.7198067 0 0.6941745
vn -0.7198067 0 0.6941745
vn -0.7198067 0 0.6941745
vn -0.7198067 0 0.6941745
vn -0.8999909 0 0.4359086
vn -0.8999909 0 0.4359086
vn -0.8999909 0 0.4359086
vn -0.8999909 0 0.4359086
vn -0.8999909 0 0.4359086
vn -0.8999909 0 0.4359086
vn -0.8999909 0 0.4359086
vn -0.8999909 0 0.4359086
vn -0.8999909 0 0.4359086
vn -0.8999909 0 0.4359086
vn -0.8999909 0 0.4359086
vn -0.8999909 0 0.4359086
vn -0.9913928 0 0.130921
vn -0.9913928 0 0.130921
vn -0.9913928 0 0.130921
vn -0.9913928 0 0.130921
vn -0.9913928 0 0.130921
vn -0.9913928 0 0.130921
vn -0.9913928 0 0.1309211
vn -0.9913928 0 0.1309211
vn -0.9913928 0 0.1309211
vn -0.9913928 0 0.1309211
vn -0.9913928 0 0.1309211
vn -0.9913928 0 0.1309211
vn -0.9820393 0 -0.1886765
vn -0.9820393 0 -0.1886765
vn -0.9820393 0 -0.1886765
vn -0.9820393 0 -0.1886765
vn -0.9820393 0 -0.1886765
vn -0.9820393 0 -0.1886765
vn -0.9820393 0 -0.1886765
vn -0.9820393 0 -0.1886765
vn -0.9820393 0 -0.1886765
vn -0.9820393 0 -0.1886765
vn -0.9820393 0 -0.1886765
vn -0.9820393 0 -0.1886765
vn -0.872958 0 -0.4877954
vn -0.872958 0 -0.4877954
vn -0.872958 0 -0.4877954
vn -0.872958 0 -0.4877954
vn -0.872958 0 -0.4877954
vn -0.872958 0 -0.4877954
vn -0.8729581 0 -0.4877954
vn -0.8729581 0 -0.4877954
vn -0.8729581 0 -0.4877954
vn -0.8729581 0 -0.4877954
vn -0.8729581 0 -0.4877954
vn -0.8729581 0 -0.4877954
vn -0.6779752 0 -0.7350848
vn -0.6779752 0 -0.7350848
vn -0.6779752 0 -0.7350848
vn -0.6779752 0 -0.7350848
vn -0.6779752 0 -0.7350848
vn -0.6779752 0 -0.7350848
vn -0.6779752 0 -0.7350848
vn -0.6779752 0 -0.7350848
vn -0.6779752 0 -0.7350848
vn -0.6779752 0 -0.7350848
vn -0.6779752 0 -0.7350848
vn -0.6779752 0 -0.7350848
vn -0.4196277 0 -0.9076964
vn -0.4196277 0 -0.9076964
vn -0.4196277 0 -0.9076964
vn -0.4196277 0 -0.9076964
vn -0.4196277 0 -0.9076964
vn -0.4196277 0 -0.9076964
vn -0.4196277 0 -0.9076964
vn -0.4196277 0 -0.9076964
vn -0.4196277 0 -0.9076964
vn -0.4196277 0 -0.9076964
vn -0.4196277 0 -0.9076964
vn -0.4196277 0 -0.9076964
vn -0.1240826 0 -0.9922719
vn -0.1240826 0 -0.9922719
vn -0.1240826 0 -0.9922719
vn -0.1240826 0 -0.9922719
vn -0.1240826 0 -0.9922719
vn -0.1240826 0 -0.9922719
vn -0.1240825 0 -0.9922719
vn -0.1240825 0 -0.9922719
vn -0.1240825 0 -0.9922719
vn -0.1240825 0 -0.9922719
vn -0.1240825 0 -0.9922719
vn -0.1240825 0 -0.9922719
vn 0 1 0
vn 0 1 0
vn 0 1 0
vn 0 1 0
vn 0 1 0
vn 0 1 0
vn 0 1 0
vn 0 1 0
vn 0 1 0
vn 0 1 0
vn 0 1 0
vn 0 1 0
vn 0 1 0
vn 0 1 0
vn 0 1 0
vn 0 1 0
vn 0 1 0
vn 0 1 0
vn 0 1 0
vn 0 1 0
vn 0 1 0
vn 0 1 0
vn 0 1 0
vn 0 1 0
vn 0 1 0
vn 0 1 0
vn 0 1 0
vn 0 1 0
vn 0 1 0
vn 0 1 0
vn 0 1 0
vn 0 1 0
vn 0 1 0
vn 0 1 0
vn 0 1 0
vn 0 1 0
vn 0 1 0
vn 0 1 0
vn 0 1 0
vn 0 1 0
vn 0 1 0
vn 0 1 0
vn 0 1 0
vn 0 1 0
vn 0 1 0
vn 0 1 0
vn 0 1 0
vn 0 1 0
vn 0 1 0
vn 0 1 0
vn 0 1 0
vn 0 1 0
vn 0 1 0
vn 0 1 0
vn 0 1 0
vn 0 1 0
vn 0 1 0
vn 0 1 0
vn 0 1 0
vn 0 1 0
vn 0 -1 0
vn 0 -1 0
vn 0 -1 0
vn 0 -1 0
vn 0 -1 0
vn 0 -1 0
vn 0 -1 0
vn 0 -1 0
vn 0 -1 0
vn 0 -1 0
vn 0 -1 0
vn 0 -1 0
vn 0 -1 0
vn 0 -1 0
vn 0 -1 0
vn 0 -1 0
vn 0 -1 0
vn 0 -1 0
vn 0 -1 0
vn 0 -1 0
vn 0 -1 0
vn 0 -1 0
vn 0 -1 0
vn 0 -1 0
vn 0 -1 0
vn 0 -1 0
vn 0 -1 0
vn 0 -1 0
vn 0 -1 0
vn 0 -1 0
vn 0 -1 0
vn 0 -1 0
vn 0 -1 0
vn 0 -1 0
vn 0 -1 0
vn 0 -1 0
vn 0 -1 0
vn 0 -1 0
vn 0 -1 0
vn 0 -1 0
vn 0 -1 0
vn 0 -1 0
vn 0 -1 0
vn 0 -1 0
vn 0 -1 0
vn 0 -1 0
vn 0 -1 0
vn 0 -1 0
vn 0 -1 0
vn 0 -1 0
vn 0 -1 0
vn 0 -1 0
vn 0 -1 0
vn 0 -1 0
vn 0 -1 0
vn 0 -1 0
vn 0 -1 0
vn 0 -1 0
vn 0 -1 0
vn 0 -1 0
vn 0.1669334 0 -0.9859682
vn 0.1669334 0 -0.9859682
vn 0.1669334 0 -0.9859682
vn 0.1669334 0 -0.9859682
vn 0.1669334 0 -0.9859682
vn 0.1669334 0 -0.9859682
vn 0.1669334 0 -0.9859682
vn 0.1669334 0 -0.9859682
vn 0.1669334 0 -0.9859682
vn 0.1669334 0 -0.9859682
vn 0.1669334 0 -0.9859682
vn 0.1669334 0 -0.9859682
vn 0.4355884 0 -0.900146
vn 0.4355884 0 -0.900146
vn 0.4355884 0 -0.900146
vn 0.4355884 0 -0.900146
vn 0.4355884 0 -0.900146
vn 0.4355884 0 -0.900146
vn 0.4355884 0 -0.9001459
vn 0.4355884 0 -0.9001459
vn 0.4355884 0 -0.9001459
vn 0.4355884 0 -0.9001459
vn 0.4355884 0 -0.9001459
vn 0.4355884 0 -0.9001459
vn 0.682236 0 -0.731132
vn 0.682236 0 -0.731132
vn 0.682236 0 -0.731132
vn 0.682236 0 -0.731132
vn 0.682236 0 -0.731132
vn 0.682236 0 -0.731132
vn 0.682236 0 -0.731132
vn 0.682236 0 -0.731132
vn 0.682236 0 -0.731132
vn 0.682236 0 -0.731132
vn 0.682236 0 -0.731132
vn 0.682236 0 -0.731132
vn 0.8796523 0 -0.4756173
vn 0.8796523 0 -0.4756173
vn 0.8796523 0 -0.4756173
vn 0.8796523 0 -0.4756173
vn 0.8796523 0 -0.4756173
vn 0.8796523 0 -0.4756173
vn 0.8796523 0 -0.4756174
vn 0.8796523 0 -0.4756174
vn 0.8796523 0 -0.4756174
vn 0.8796523 0 -0.4756174
vn 0.8796523 0 -0.4756174
vn 0.8796523 0 -0.4756174
vn 0.988942 0 -0.1483029
vn 0.988942 0 -0.1483029
vn 0.988942 0 -0.1483029
vn 0.988942 0 -0.1483029
vn 0.988942 0 -0.1483029
vn 0.988942 0 -0.1483029
vn 0.988942 0 -0.1483029
vn 0.988942 0 -0.1483029
vn 0.988942 0 -0.1483029
vn 0.988942 0 -0.1483029
vn 0.988942 0 -0.1483029
vn 0.988942 0 -0.1483029
vn 0.978576 0 0.2058858
vn 0.978576 0 0.2058858
vn 0.978576 0 0.2058858
vn 0.978576 0 0.2058858
vn 0.978576 0 0.2058858
vn 0.978576 0 0.2058858
vn 0.9785761 0 0.2058858
vn 0.9785761 0 0.2058858
vn 0.9785761 0 0.2058858
vn 0.9785761 0 0.2058858
vn 0.9785761 0 0.2058858
vn 0.9785761 0 0.2058858
vn 0.8503295 0 0.5262508
vn 0.8503295 0 0.5262508
vn 0.8503295 0 0.5262508
vn 0.8503295 0 0.5262508
vn 0.8503295 0 0.5262508
vn 0.8503295 0 0.5262508
vn 0.8503295 0 0.5262508
vn 0.8503295 0 0.5262508
vn 0.8503295 0 0.5262508
vn 0.8503295 0 0.5262508
vn 0.8503295 0 0.5262508
vn 0.8503295 0 0.5262508
vn 0.638306 0 0.7697828
vn 0.638306 0 0.7697828
vn 0.638306 0 0.7697828
vn 0.638306 0 0.7697828
vn 0.638306 0 0.7697828
vn 0.638306 0 0.7697828
vn 0.638306 0 0.7697828
vn 0.638306 0 0.7697828
vn 0.638306 0 0.7697828
vn 0.638306 0 0.7697828
vn 0.638306 0 0.7697828
vn 0.638306 0 0.7697828
vn 0.3822005 0 0.9240794
vn 0.3822005 0 0.9240794
vn 0.3822005 0 0.9240794
vn 0.3822005 0 0.9240794
vn 0.3822005 0 0.9240794
vn 0.3822005 0 0.9240794
vn 0.3822005 0 0.9240794
vn 0.3822005 0 0.9240794
vn 0.3822005 0 0.9240794
vn 0.3822005 0 0.9240794
vn 0.3822005 0 0.9240794
vn 0.3822005 0 0.9240794
vn 0.1089847 0 0.9940435
vn 0.1089847 0 0.9940435
vn 0.1089847 0 0.9940435
vn 0.1089847 0 0.9940435
vn 0.1089847 0 0.9940435
vn 0.1089847 0 0.9940435
vn 0.1089846 0 0.9940435
vn 0.1089846 0 0.9940435
vn 0.1089846 0 0.9940435
vn 0.1089846 0 0.9940435
vn 0.1089846 0 0.9940435
vn 0.1089846 0 0.9940435
vn -0.1669334 0 0.9859682
vn -0.1669334 0 0.9859682
vn -0.1669334 0 0.9859682
vn -0.1669334 0 0.9859682
vn -0.1669334 0 0.9859682
vn -0.1669334 0 0.9859682
vn -0.1669334 0 0.9859682
vn -0.1669334 0 0.9859682
vn -0.1669334 0 0.9859682
vn -0.1669334 0 0.9859682
vn -0.1669334 0 0.9859682
vn -0.1669334 0 0.9859682
vn -0.4355879 0 0.9001462
vn -0.4355879 0 0.9001462
vn -0.4355879 0 0.9001462
vn -0.4355879 0 0.9001462
vn -0.4355879 0 0.9001462
vn -0.4355879 0 0.9001462
vn -0.435588 0 0.9001462
vn -0.435588 0 0.9001462
vn -0.435588 0 0.9001462
vn -0.435588 0 0.9001462
vn -0.435588 0 0.9001462
vn -0.435588 0 0.9001462
vn -0.6822361 0 0.731132
vn -0.6822361 0 0.731132
vn -0.6822361 0 0.731132
vn -0.6822361 0 0.731132
vn -0.6822361 0 0.731132
vn -0.6822361 0 0.731132
vn -0.6822361 0 0.731132
vn -0.6822361 0 0.731132
vn -0.6822361 0 0.731132
vn -0.6822361 0 0.731132
vn -0.6822361 0 0.731132
vn -0.6822361 0 0.731132
vn -0.8796524 0 0.4756171
vn -0.8796524 0 0.4756171
vn -0.8796524 0 0.4756171
vn -0.8796524 0 0.4756171
vn -0.8796524 0 0.4756171
vn -0.8796524 0 0.4756171
vn -0.8796524 0 0.4756172
vn -0.8796524 0 0.4756172
vn -0.8796524 0 0.4756172
vn -0.8796524 0 0.4756172
vn -0.8796524 0 0.4756172
vn -0.8796524 0 0.4756172
vn -0.988942 0 0.1483032
vn -0.988942 0 0.1483032
vn -0.988942 0 0.1483032
vn -0.988942 0 0.1483032
vn -0.988942 0 0.1483032
vn -0.988942 0 0.1483032
vn -0.988942 0 0.1483032
vn -0.988942 0 0.1483032
vn -0.988942 0 0.1483032
vn -0.988942 0 0.1483032
vn -0.988942 0 0.1483032
vn -0.988942 0 0.1483032
vn -0.9785758 0 -0.2058869
vn -0.9785758 0 -0.2058869
vn -0.9785758 0 -0.2058869
vn -0.9785758 0 -0.2058869
vn -0.9785758 0 -0.2058869
vn -0.9785758 0 -0.2058869
vn -0.9785758 0 -0.2058869
vn -0.9785758 0 -0.2058869
vn -0.9785758 0 -0.2058869
vn -0.9785758 0 -0.2058869
vn -0.9785758 0 -0.2058869
vn -0.9785758 0 -0.2058869
vn -0.8503304 0 -0.5262493
vn -0.8503304 0 -0.5262493
vn -0.8503304 0 -0.5262493
vn -0.8503304 0 -0.5262493
vn -0.8503304 0 -0.5262493
vn -0.8503304 0 -0.5262493
vn -0.8503304 0 -0.5262493
vn -0.8503304 0 -0.5262493
vn -0.8503304 0 -0.5262493
vn -0.8503304 0 -0.5262493
vn -0.8503304 0 -0.5262493
vn -0.8503304 0 -0.5262493
vn -0.6383086 0 -0.7697806
vn -0.6383086 0 -0.7697806
vn -0.6383086 0 -0.7697806
vn -0.6383086 0 -0.7697806
vn -0.6383086 0 -0.7697806
vn -0.6383086 0 -0.7697806
vn -0.6383086 0 -0.7697806
vn -0.6383086 0 -0.7697806
vn -0.6383086 0 -0.7697806
vn -0.6383086 0 -0.7697806
vn -0.6383086 0 -0.7697806
vn -0.6383086 0 -0.7697806
vn -0.3821971 0 -0.9240808
vn -0.3821971 0 -0.9240808
vn -0.3821971 0 -0.9240808
vn -0.3821971 0 -0.9240808
vn -0.3821971 0 -0.9240808
vn -0.3821971 0 -0.9240808
vn -0.3821971 0 -0.9240809
vn -0.3821971 0 -0.9240809
vn -0.3821971 0 -0.9240809
vn -0.3821971 0 -0.9240809
vn -0.3821971 0 -0.9240809
vn -0.3821971 0 -0.9240809
vn -0.1089851 0 -0.9940434
vn -0.1089851 0 -0.9940434
vn -0.1089851 0 -0.9940434
vn -0.1089851 0 -0.9940434
vn -0.1089851 0 -0.9940434
vn -0.1089851 0 -0.9940434
vn -0.1089851 0 -0.9940434
vn -0.1089851 0 -0.9940434
vn -0.1089851 0 -0.9940434
vn -0.1089851 0 -0.9940434
vn -0.1089851 0 -0.9940434
vn -0.1089851 0 -0.9940434
vn 0 1 0
vn 0 1 0
vn 0 1 0
vn 0 1 0
vn 0 1 0
vn 0 1 0
vn 0 1 0
vn 0 1 0
vn 0 1 0
vn 0 1 0
vn 0 1 0
vn 0 1 0
vn 0 1 0
vn 0 1 0
vn 0 1 0
vn 0 1 0
vn 0 1 0
vn 0 1 0
vn 0 1 0
vn 0 1 0
vn 0 1 0
vn 0 1 0
vn 0 1 0
vn 0 1 0
vn 0 1 0
vn 0 1 0
vn 0 1 0
vn 0 1 0
vn 0 1 0
vn 0 1 0
vn 0 1 0
vn 0 1 0
vn 0 1 0
vn 0 1 0
vn 0 1 0
vn 0 1 0
vn 0 1 0
vn 0 1 0
vn 0 1 0
vn 0 1 0
vn 0 1 0
vn 0 1 0
vn 0 1 0
vn 0 1 0
vn 0 1 0
vn 0 1 0
vn 0 1 0
vn 0 1 0
vn 0 1 0
vn 0 1 0
vn 0 1 0
vn 0 1 0
vn 0 1 0
vn 0 1 0
vn 0 1 0
vn 0 1 0
vn 0 1 0
vn 0 1 0
vn 0 1 0
vn 0 1 0
vn 0 -1 0
vn 0 -1 0
vn 0 -1 0
vn 0 -1 0
vn 0 -1 0
vn 0 -1 0
vn 0 -1 0
vn 0 -1 0
vn 0 -1 0
vn 0 -1 0
vn 0 -1 0
vn 0 -1 0
vn 0 -1 0
vn 0 -1 0
vn 0 -1 0
vn 0 -1 0
vn 0 -1 0
vn 0 -1 0
vn 0 -1 0
vn 0 -1 0
vn 0 -1 0
vn 0 -1 0
vn 0 -1 0
vn 0 -1 0
vn 0 -1 0
vn 0 -1 0
vn 0 -1 0
vn 0 -1 0
vn 0 -1 0
vn 0 -1 0
vn 0 -1 0
vn 0 -1 0
vn 0 -1 0
vn 0 -1 0
vn 0 -1 0
vn 0 -1 0
vn 0 -1 0
vn 0 -1 0
vn 0 -1 0
vn 0 -1 0
vn 0 -1 0
vn 0 -1 0
vn 0 -1 0
vn 0 -1 0
vn 0 -1 0
vn 0 -1 0
vn 0 -1 0
vn 0 -1 0
vn 0 -1 0
vn 0 -1 0
vn 0 -1 0
vn 0 -1 0
vn 0 -1 0
vn 0 -1 0
vn 0 -1 0
vn 0 -1 0
vn 0 -1 0
vn 0 -1 0
vn 0 -1 0
vn 0 -1 0
vn 0.1203996 0.9792207 -0.1631896
vn 0.1203996 0.9792207 -0.1631896
vn 0.1203996 0.9792207 -0.1631896
vn 0.1204005 0.979221 -0.1631867
vn 0.1204005 0.979221 -0.1631867
vn 0.1204005 0.979221 -0.1631867
vn 0.1203999 0.9792188 -0.1632003
vn 0.1203999 0.9792188 -0.1632003
vn 0.1203999 0.9792188 -0.1632003
vn 0.1203999 0.9792188 -0.1632004
vn 0.1203999 0.9792188 -0.1632004
vn 0.1203999 0.9792188 -0.1632004
vn 0.3550011 0.9232669 -0.1468075
vn 0.3550011 0.9232669 -0.1468075
vn 0.3550011 0.9232669 -0.1468075
vn 0.3550045 0.9232673 -0.1467965
vn 0.3550045 0.9232673 -0.1467965
vn 0.3550045 0.9232673 -0.1467965
vn 0.3550052 0.9232675 -0.1467942
vn 0.3550052 0.9232675 -0.1467942
vn 0.3550052 0.9232675 -0.1467942
vn 0.3550011 0.923267 -0.1468071
vn 0.3550011 0.923267 -0.1468071
vn 0.3550011 0.923267 -0.1468071
vn 0.5957455 0.7944825 -0.1178342
vn 0.5957455 0.7944825 -0.1178342
vn 0.5957455 0.7944825 -0.1178342
vn 0.5957457 0.7944824 -0.1178336
vn 0.5957457 0.7944824 -0.1178336
vn 0.5957457 0.7944824 -0.1178336
vn 0.5957422 0.7944853 -0.1178325
vn 0.5957422 0.7944853 -0.1178325
vn 0.5957422 0.7944853 -0.1178325
vn 0.5957452 0.7944846 -0.1178221
vn 0.5957452 0.7944846 -0.1178221
vn 0.5957452 0.7944846 -0.1178221
vn 0.8241473 0.5618395 -0.07153717
vn 0.8241473 0.5618395 -0.07153717
vn 0.8241473 0.5618395 -0.07153717
vn 0.8241471 0.5618398 -0.07153813
vn 0.8241471 0.5618398 -0.07153813
vn 0.8241471 0.5618398 -0.07153813
vn 0.8241487 0.5618386 -0.07152905
vn 0.8241487 0.5618386 -0.07152905
vn 0.8241487 0.5618386 -0.07152905
vn 0.8241472 0.5618398 -0.07153571
vn 0.8241472 0.5618398 -0.07153571
vn 0.8241472 0.5618398 -0.07153571
vn 0.978155 0.2077678 -0.00674369
vn 0.978155 0.2077678 -0.00674369
vn 0.978155 0.2077678 -0.00674369
vn 0.978155 0.2077678 -0.006743735
vn 0.978155 0.2077678 -0.006743735
vn 0.978155 0.2077678 -0.006743735
vn 0.9781547 0.2077691 -0.006744743
vn 0.9781547 0.2077691 -0.006744743
vn 0.9781547 0.2077691 -0.006744743
vn 0.9781549 0.2077682 -0.006741422
vn 0.9781549 0.2077682 -0.006741422
vn 0.9781549 0.2077682 -0.006741422
vn 0.9760858 -0.2077677 0.06394683
vn 0.9760858 -0.2077677 0.06394683
vn 0.9760858 -0.2077677 0.06394683
vn 0.9760859 -0.2077674 0.06394579
vn 0.9760859 -0.2077674 0.06394579
vn 0.9760859 -0.2077674 0.06394579
vn 0.9760858 -0.2077676 0.06394522
vn 0.9760858 -0.2077676 0.06394522
vn 0.9760858 -0.2077676 0.06394522
vn 0.9760858 -0.2077679 0.06394602
vn 0.9760858 -0.2077679 0.06394602
vn 0.9760858 -0.2077679 0.06394602
vn 0.8185526 -0.5618387 0.1196206
vn 0.8185526 -0.5618387 0.1196206
vn 0.8185526 -0.5618387 0.1196206
vn 0.8185522 -0.5618389 0.1196216
vn 0.8185522 -0.5618389 0.1196216
vn 0.8185522 -0.5618389 0.1196216
vn 0.8185527 -0.5618389 0.1196187
vn 0.8185527 -0.5618389 0.1196187
vn 0.8185527 -0.5618389 0.1196187
vn 0.8185525 -0.561839 0.1196194
vn 0.8185525 -0.561839 0.1196194
vn 0.8185525 -0.561839 0.1196194
vn 0.5878335 -0.7944825 0.1524774
vn 0.5878335 -0.7944825 0.1524774
vn 0.5878335 -0.7944825 0.1524774
vn 0.5878334 -0.7944825 0.1524777
vn 0.5878334 -0.7944825 0.1524777
vn 0.5878334 -0.7944825 0.1524777
vn 0.5878336 -0.7944828 0.1524759
vn 0.5878336 -0.7944828 0.1524759
vn 0.5878336 -0.7944828 0.1524759
vn 0.5878336 -0.7944828 0.1524759
vn 0.5878336 -0.7944828 0.1524759
vn 0.5878336 -0.7944828 0.1524759
vn 0.3458114 -0.9232654 0.1673184
vn 0.3458114 -0.9232654 0.1673184
vn 0.3458114 -0.9232654 0.1673184
vn 0.3458107 -0.9232654 0.16732
vn 0.3458107 -0.9232654 0.16732
vn 0.3458107 -0.9232654 0.16732
vn 0.3458107 -0.9232654 0.1673202
vn 0.3458107 -0.9232654 0.1673202
vn 0.3458107 -0.9232654 0.1673202
vn 0.3458114 -0.9232654 0.1673185
vn 0.3458114 -0.9232654 0.1673185
vn 0.3458114 -0.9232654 0.1673185
vn 0.1106479 -0.9792188 0.1699632
vn 0.1106479 -0.9792188 0.1699632
vn 0.1106479 -0.9792188 0.1699632
vn 0.1106484 -0.979219 0.169962
vn 0.1106484 -0.979219 0.169962
vn 0.1106484 -0.979219 0.169962
vn 0.1106529 -0.9792205 0.1699506
vn 0.1106529 -0.9792205 0.1699506
vn 0.1106529 -0.9792205 0.1699506
vn 0.1106479 -0.9792188 0.1699634
vn 0.1106479 -0.9792188 0.1699634
vn 0.1106479 -0.9792188 0.1699634
vn -0.1204 -0.9792191 0.163199
vn -0.1204 -0.9792191 0.163199
vn -0.1204 -0.9792191 0.163199
vn -0.1204006 -0.9792188 0.1632004
vn -0.1204006 -0.9792188 0.1632004
vn -0.1204006 -0.9792188 0.1632004
vn -0.1204002 -0.9792207 0.1631891
vn -0.1204002 -0.9792207 0.1631891
vn -0.1204002 -0.9792207 0.1631891
vn -0.1203997 -0.979221 0.1631877
vn -0.1203997 -0.979221 0.1631877
vn -0.1203997 -0.979221 0.1631877
vn -0.3550061 -0.9232649 0.1468086
vn -0.3550061 -0.9232649 0.1468086
vn -0.3550061 -0.9232649 0.1468086
vn -0.3550048 -0.9232659 0.1468054
vn -0.3550048 -0.9232659 0.1468054
vn -0.3550048 -0.9232659 0.1468054
vn -0.355005 -0.9232675 0.1467943
vn -0.355005 -0.9232675 0.1467943
vn -0.355005 -0.9232675 0.1467943
vn -0.3550057 -0.9232669 0.1467961
vn -0.3550057 -0.9232669 0.1467961
vn -0.3550057 -0.9232669 0.1467961
vn -0.595741 -0.7944877 0.1178223
vn -0.595741 -0.7944877 0.1178223
vn -0.595741 -0.7944877 0.1178223
vn -0.5957458 -0.7944822 0.1178348
vn -0.5957458 -0.7944822 0.1178348
vn -0.5957458 -0.7944822 0.1178348
vn -0.5957451 -0.7944828 0.1178338
vn -0.5957451 -0.7944828 0.1178338
vn -0.5957451 -0.7944828 0.1178338
vn -0.595741 -0.7944875 0.117823
vn -0.595741 -0.7944875 0.117823
vn -0.595741 -0.7944875 0.117823
vn -0.8241495 -0.5618364 0.07153641
vn -0.8241495 -0.5618364 0.07153641
vn -0.8241495 -0.5618364 0.07153641
vn -0.824147 -0.5618411 0.07152837
vn -0.824147 -0.5618411 0.07152837
vn -0.824147 -0.5618411 0.07152837
vn -0.824147 -0.561841 0.0715294
vn -0.824147 -0.561841 0.0715294
vn -0.824147 -0.561841 0.0715294
vn -0.8241495 -0.5618363 0.07153749
vn -0.8241495 -0.5618363 0.07153749
vn -0.8241495 -0.5618363 0.07153749
vn -0.9781545 -0.2077698 0.006740836
vn -0.9781545 -0.2077698 0.006740836
vn -0.9781545 -0.2077698 0.006740836
vn -0.978155 -0.2077678 0.00674372
vn -0.978155 -0.2077678 0.00674372
vn -0.978155 -0.2077678 0.00674372
vn -0.9781549 -0.2077681 0.006743958
vn -0.9781549 -0.2077681 0.006743958
vn -0.9781549 -0.2077681 0.006743958
vn -0.9781545 -0.2077697 0.006741676
vn -0.9781545 -0.2077697 0.006741676
vn -0.9781545 -0.2077697 0.006741676
vn -0.9760858 0.2077685 -0.0639431
vn -0.9760858 0.2077685 -0.0639431
vn -0.9760858 0.2077685 -0.0639431
vn -0.9760858 0.2077679 -0.06394397
vn -0.9760858 0.2077679 -0.06394397
vn -0.9760858 0.2077679 -0.06394397
vn -0.9760859 0.207767 -0.06394716
vn -0.9760859 0.207767 -0.06394716
vn -0.9760859 0.207767 -0.06394716
vn -0.9760858 0.2077681 -0.06394554
vn -0.9760858 0.2077681 -0.06394554
vn -0.9760858 0.2077681 -0.06394554
vn -0.8185523 0.5618408 -0.1196127
vn -0.8185523 0.5618408 -0.1196127
vn -0.8185523 0.5618408 -0.1196127
vn -0.8185524 0.5618404 -0.1196133
vn -0.8185524 0.5618404 -0.1196133
vn -0.8185524 0.5618404 -0.1196133
vn -0.8185521 0.5618395 -0.1196203
vn -0.8185521 0.5618395 -0.1196203
vn -0.8185521 0.5618395 -0.1196203
vn -0.8185521 0.5618393 -0.1196205
vn -0.8185521 0.5618393 -0.1196205
vn -0.8185521 0.5618393 -0.1196205
vn -0.5878341 0.7944838 -0.1524687
vn -0.5878341 0.7944838 -0.1524687
vn -0.5878341 0.7944838 -0.1524687
vn -0.5878337 0.7944841 -0.1524676
vn -0.5878337 0.7944841 -0.1524676
vn -0.5878337 0.7944841 -0.1524676
vn -0.5878327 0.7944836 -0.1524743
vn -0.5878327 0.7944836 -0.1524743
vn -0.5878327 0.7944836 -0.1524743
vn -0.5878338 0.7944823 -0.1524775
vn -0.5878338 0.7944823 -0.1524775
vn -0.5878338 0.7944823 -0.1524775
vn -0.3458108 0.9232672 -0.1673095
vn -0.3458108 0.9232672 -0.1673095
vn -0.3458108 0.9232672 -0.1673095
vn -0.3458109 0.9232671 -0.1673099
vn -0.3458109 0.9232671 -0.1673099
vn -0.3458109 0.9232671 -0.1673099
vn -0.3458117 0.923265 -0.1673203
vn -0.3458117 0.923265 -0.1673203
vn -0.3458117 0.923265 -0.1673203
vn -0.3458106 0.9232661 -0.1673169
vn -0.3458106 0.9232661 -0.1673169
vn -0.3458106 0.9232661 -0.1673169
vn -0.1106485 0.9792212 -0.1699496
vn -0.1106485 0.9792212 -0.1699496
vn -0.1106485 0.9792212 -0.1699496
vn -0.1106494 0.9792206 -0.1699524
vn -0.1106494 0.9792206 -0.1699524
vn -0.1106494 0.9792206 -0.1699524
vn -0.1106479 0.9792189 -0.1699633
vn -0.1106479 0.9792189 -0.1699633
vn -0.1106479 0.9792189 -0.1699633
vn -0.1106481 0.9792187 -0.1699639
vn -0.1106481 0.9792187 -0.1699639
vn -0.1106481 0.9792187 -0.1699639
vn -0.02884354 0.1677741 0.9854035
vn -0.02884354 0.1677741 0.9854035
vn -0.02884354 0.1677741 0.9854035
vn -0.02884028 0.1677727 0.9854038
vn -0.02884028 0.1677727 0.9854038
vn -0.02884028 0.1677727 0.9854038
vn -0.02884396 0.1677763 0.9854031
vn -0.02884396 0.1677763 0.9854031
vn -0.02884396 0.1677763 0.9854031
vn -0.02884312 0.1677747 0.9854034
vn -0.02884312 0.1677747 0.9854034
vn -0.02884312 0.1677747 0.9854034
vn -0.0288428 0.1677733 0.9854036
vn -0.0288428 0.1677733 0.9854036
vn -0.0288428 0.1677733 0.9854036
vn -0.02884278 0.1677744 0.9854034
vn -0.02884278 0.1677744 0.9854034
vn -0.02884278 0.1677744 0.9854034
vn -0.02884228 0.1677765 0.9854031
vn -0.02884228 0.1677765 0.9854031
vn -0.02884228 0.1677765 0.9854031
vn -0.02884346 0.1677743 0.9854034
vn -0.02884346 0.1677743 0.9854034
vn -0.02884346 0.1677743 0.9854034
vn -0.02884275 0.167775 0.9854033
vn -0.02884275 0.167775 0.9854033
vn -0.02884275 0.167775 0.9854033
vn -0.02884477 0.1677741 0.9854034
vn -0.02884477 0.1677741 0.9854034
vn -0.02884477 0.1677741 0.9854034
vn -0.02884399 0.1677741 0.9854034
vn -0.02884399 0.1677741 0.9854034
vn -0.02884399 0.1677741 0.9854034
vn -0.02884436 0.1677743 0.9854034
vn -0.02884436 0.1677743 0.9854034
vn -0.02884436 0.1677743 0.9854034
vn -0.02884099 0.167771 0.9854041
vn -0.02884099 0.167771 0.9854041
vn -0.02884099 0.167771 0.9854041
vn -0.02884324 0.1677752 0.9854032
vn -0.02884324 0.1677752 0.9854032
vn -0.02884324 0.1677752 0.9854032
vn -0.02884379 0.1677775 0.9854028
vn -0.02884379 0.1677775 0.9854028
vn -0.02884379 0.1677775 0.9854028
vn -0.0288438 0.1677747 0.9854033
vn -0.0288438 0.1677747 0.9854033
vn -0.0288438 0.1677747 0.9854033
vn -0.02884435 0.1677725 0.9854037
vn -0.02884435 0.1677725 0.9854037
vn -0.02884435 0.1677725 0.9854037
vn -0.02884364 0.1677737 0.9854035
vn -0.02884364 0.1677737 0.9854035
vn -0.02884364 0.1677737 0.9854035
vn -0.02884234 0.167775 0.9854034
vn -0.02884234 0.167775 0.9854034
vn -0.02884234 0.167775 0.9854034
vn -0.02884451 0.1677741 0.9854034
vn -0.02884451 0.1677741 0.9854034
vn -0.02884451 0.1677741 0.9854034
vn 0.0288431 -0.1677741 -0.9854034
vn 0.0288431 -0.1677741 -0.9854034
vn 0.0288431 -0.1677741 -0.9854034
vn 0.02884346 -0.1677739 -0.9854035
vn 0.02884346 -0.1677739 -0.9854035
vn 0.02884346 -0.1677739 -0.9854035
vn 0.02884315 -0.1677743 -0.9854034
vn 0.02884315 -0.1677743 -0.9854034
vn 0.02884315 -0.1677743 -0.9854034
vn 0.02884299 -0.1677745 -0.9854034
vn 0.02884299 -0.1677745 -0.9854034
vn 0.02884299 -0.1677745 -0.9854034
vn 0.02884316 -0.1677738 -0.9854035
vn 0.02884316 -0.1677738 -0.9854035
vn 0.02884316 -0.1677738 -0.9854035
vn 0.02884316 -0.1677741 -0.9854034
vn 0.02884316 -0.1677741 -0.9854034
vn 0.02884316 -0.1677741 -0.9854034
vn 0.02884311 -0.167774 -0.9854035
vn 0.02884311 -0.167774 -0.9854035
vn 0.02884311 -0.167774 -0.9854035
vn 0.02884418 -0.1677759 -0.9854031
vn 0.02884418 -0.1677759 -0.9854031
vn 0.02884418 -0.1677759 -0.9854031
vn 0.02884007 -0.1677719 -0.9854039
vn 0.02884007 -0.1677719 -0.9854039
vn 0.02884007 -0.1677719 -0.9854039
vn 0.02884402 -0.1677736 -0.9854035
vn 0.02884402 -0.1677736 -0.9854035
vn 0.02884402 -0.1677736 -0.9854035
vn 0.02884454 -0.1677736 -0.9854035
vn 0.02884454 -0.1677736 -0.9854035
vn 0.02884454 -0.1677736 -0.9854035
vn 0.0288421 -0.1677747 -0.9854034
vn 0.0288421 -0.1677747 -0.9854034
vn 0.0288421 -0.1677747 -0.9854034
vn 0.02884349 -0.1677733 -0.9854035
vn 0.02884349 -0.1677733 -0.9854035
vn 0.02884349 -0.1677733 -0.9854035
vn 0.02884435 -0.1677718 -0.9854038
vn 0.02884435 -0.1677718 -0.9854038
vn 0.02884435 -0.1677718 -0.9854038
vn 0.02884323 -0.1677763 -0.9854031
vn 0.02884323 -0.1677763 -0.9854031
vn 0.02884323 -0.1677763 -0.9854031
vn 0.02884324 -0.1677741 -0.9854034
vn 0.02884324 -0.1677741 -0.9854034
vn 0.02884324 -0.1677741 -0.9854034
vn 0.02884329 -0.1677743 -0.9854034
vn 0.02884329 -0.1677743 -0.9854034
vn 0.02884329 -0.1677743 -0.9854034
vn 0.02884304 -0.1677739 -0.9854035
vn 0.02884304 -0.1677739 -0.9854035
vn 0.02884304 -0.1677739 -0.9854035
vn 0.02884335 -0.1677742 -0.9854034
vn 0.02884335 -0.1677742 -0.9854034
vn 0.02884335 -0.1677742 -0.9854034
vn 0.02884311 -0.1677741 -0.9854034
vn 0.02884311 -0.1677741 -0.9854034
vn 0.02884311 -0.1677741 -0.9854034
vt -0.05 0
vt -0.05 0.5
vt 0 0.5
vt 0 0
vt -0.05 0
vt 0 0.5
vt -0.05 0.5
vt -0.05 1
vt 0 1
vt 0 0.5
vt -0.05 0.5
vt 0 1
vt -0.1 0
vt -0.1 0.5
vt -0.05 0.5
vt -0.05 0
vt -0.1 0
vt -0.05 0.5
vt -0.1 0.5
vt -0.1 1
vt -0.05 1
vt -0.05 0.5
vt -0.1 0.5
vt -0.05 1
vt -0.15 0
vt -0.15 0.5
vt -0.1 0.5
vt -0.1 0
vt -0.15 0
vt -0.1 0.5
vt -0.15 0.5
vt -0.15 1
vt -0.1 1
vt -0.1 0.5
vt -0.15 0.5
vt -0.1 1
vt -0.2 0
vt -0.2 0.5
vt -0.15 0.5
vt -0.15 0
vt -0.2 0
vt -0.15 0.5
vt -0.2 0.5
vt -0.2 1
vt -0.15 1
vt -0.15 0.5
vt -0.2 0.5
vt -0.15 1
vt -0.25 0
vt -0.25 0.5
vt -0.2 0.5
vt -0.2 0
vt -0.25 0
vt -0.2 0.5
vt -0.25 0.5
vt -0.25 1
vt -0.2 1
vt -0.2 0.5
vt -0.25 0.5
vt -0.2 1
vt -0.3 0
vt -0.3 0.5
vt -0.25 0.5
vt -0.25 0
vt -0.3 0
vt -0.25 0.5
vt -0.3 0.5
vt -0.3 1
vt -0.25 1
vt -0.25 0.5
vt -0.3 0.5
vt -0.25 1
vt -0.35 0
vt -0.35 0.5
vt -0.3 0.5
vt -0.3 0
vt -0.35 0
vt -0.3 0.5
vt -0.35 0.5
vt -0.35 1
vt -0.3 1
vt -0.3 0.5
vt -0.35 0.5
vt -0.3 1
vt -0.4 0
vt -0.4 0.5
vt -0.35 0.5
vt -0.35 0
vt -0.4 0
vt -0.35 0.5
vt -0.4 0.5
vt -0.4 1
vt -0.35 1
vt -0.35 0.5
vt -0.4 0.5
vt -0.35 1
vt -0.45 0
vt -0.45 0.5
vt -0.4 0.5
vt -0.4 0
vt -0.45 0
vt -0.4 0.5
vt -0.45 0.5
vt -0.45 1
vt -0.4 1
vt -0.4 0.5
vt -0.45 0.5
vt -0.4 1
vt -0.5 0
vt -0.5 0.5
vt -0.45 0.5
vt -0.45 0
vt -0.5 0
vt -0.45 0.5
vt -0.5 0.5
vt -0.5 1
vt -0.45 1
vt -0.45 0.5
vt -0.5 0.5
vt -0.45 1
vt -0.55 0
vt -0.55 0.5
vt -0.5 0.5
vt -0.5 0
vt -0.55 0
vt -0.5 0.5
vt -0.55 0.5
vt -0.55 1
vt -0.5 1
vt -0.5 0.5
vt -0.55 0.5
vt -0.5 1
vt -0.6 0
vt -0.6 0.5
vt -0.55 0.5
vt -0.55 0
vt -0.6 0
vt -0.55 0.5
vt -0.6 0.5
vt -0.6 1
vt -0.55 1
vt -0.55 0.5
vt -0.6 0.5
vt -0.55 1
vt -0.65 0
vt -0.65 0.5
vt -0.6 0.5
vt -0.6 0
vt -0.65 0
vt -0.6 0.5
vt -0.65 0.5
vt -0.65 1
vt -0.6 1
vt -0.6 0.5
vt -0.65 0.5
vt -0.6 1
vt -0.7 0
vt -0.7 0.5
vt -0.65 0.5
vt -0.65 0
vt -0.7 0
vt -0.65 0.5
vt -0.7 0.5
vt -0.7 1
vt -0.65 1
vt -0.65 0.5
vt -0.7 0.5
vt -0.65 1
vt -0.75 0
vt -0.75 0.5
vt -0.7 0.5
vt -0.7 0
vt -0.75 0
vt -0.7 0.5
vt -0.75 0.5
vt -0.75 1
vt -0.7 1
vt -0.7 0.5
vt -0.75 0.5
vt -0.7 1
vt -0.8 0
vt -0.8 0.5
vt -0.75 0.5
vt -0.75 0
vt -0.8 0
vt -0.75 0.5
vt -0.8 0.5
vt -0.8 1
vt -0.75 1
vt -0.75 0.5
vt -0.8 0.5
vt -0.75 1
vt -0.85 0
vt -0.85 0.5
vt -0.8 0.5
vt -0.8 0
vt -0.85 0
vt -0.8 0.5
vt -0.85 0.5
vt -0.85 1
vt -0.8 1
vt -0.8 0.5
vt -0.85 0.5
vt -0.8 1
vt -0.9 0
vt -0.9 0.5
vt -0.85 0.5
vt -0.85 0
vt -0.9 0
vt -0.85 0.5
vt -0.9 0.5
vt -0.9 1
vt -0.85 1
vt -0.85 0.5
vt -0.9 0.5
vt -0.85 1
vt -0.95 0
vt -0.95 0.5
vt -0.9 0.5
vt -0.9 0
vt -0.95 0
vt -0.9 0.5
vt -0.95 0.5
vt -0.95 1
vt -0.9 1
vt -0.9 0.5
vt -0.95 0.5
vt -0.9 1
vt -1 0
vt -1 0.5
vt -0.95 0.5
vt -0.95 0
vt -1 0
vt -0.95 0.5
vt -1 0.5
vt -1 1
vt -0.95 1
vt -0.95 0.5
vt -1 0.5
vt -0.95 1
vt 0.5 0.5
vt 0.5 1
vt 0.6545085 0.9755282
vt 0.5 0.5
vt 0.6545085 0.9755282
vt 0.7938926 0.9045085
vt 0.5 0.5
vt 0.7938926 0.9045085
vt 0.9045085 0.7938926
vt 0.5 0.5
vt 0.9045085 0.7938926
vt 0.9755282 0.6545085
vt 0.5 0.5
vt 0.9755282 0.6545085
vt 1 0.5
vt 0.5 0.5
vt 1 0.5
vt 0.9755282 0.3454915
vt 0.5 0.5
vt 0.9755282 0.3454915
vt 0.9045085 0.2061074
vt 0.5 0.5
vt 0.9045085 0.2061074
vt 0.7938926 0.09549147
vt 0.5 0.5
vt 0.7938926 0.09549147
vt 0.6545084 0.0244717
vt 0.5 0.5
vt 0.6545084 0.0244717
vt 0.5 0
vt 0.5 0.5
vt 0.5 0
vt 0.3454915 0.02447173
vt 0.5 0.5
vt 0.3454915 0.02447173
vt 0.2061073 0.09549153
vt 0.5 0.5
vt 0.2061073 0.09549153
vt 0.09549144 0.2061075
vt 0.5 0.5
vt 0.09549144 0.2061075
vt 0.02447176 0.3454915
vt 0.5 0.5
vt 0.02447176 0.3454915
vt 0 0.5
vt 0.5 0.5
vt 0 0.5
vt 0.02447176 0.6545086
vt 0.5 0.5
vt 0.02447176 0.6545086
vt 0.09549159 0.7938927
vt 0.5 0.5
vt 0.09549159 0.7938927
vt 0.2061075 0.9045086
vt 0.5 0.5
vt 0.2061075 0.9045086
vt 0.3454915 0.9755282
vt 0.5 0.5
vt 0.3454915 0.9755282
vt 0.5000001 1
vt 0.5 0.5
vt 0.5000001 1
vt 0.3454915 0.9755282
vt 0.5 0.5
vt 0.3454915 0.9755282
vt 0.2061075 0.9045086
vt 0.5 0.5
vt 0.2061075 0.9045086
vt 0.09549159 0.7938927
vt 0.5 0.5
vt 0.09549159 0.7938927
vt 0.02447176 0.6545086
vt 0.5 0.5
vt 0.02447176 0.6545086
vt 0 0.5
vt 0.5 0.5
vt 0 0.5
vt 0.02447176 0.3454915
vt 0.5 0.5
vt 0.02447176 0.3454915
vt 0.09549144 0.2061075
vt 0.5 0.5
vt 0.09549144 0.2061075
vt 0.2061073 0.09549153
vt 0.5 0.5
vt 0.2061073 0.09549153
vt 0.3454915 0.02447173
vt 0.5 0.5
vt 0.3454915 0.02447173
vt 0.5 0
vt 0.5 0.5
vt 0.5 0
vt 0.6545084 0.0244717
vt 0.5 0.5
vt 0.6545084 0.0244717
vt 0.7938926 0.09549147
vt 0.5 0.5
vt 0.7938926 0.09549147
vt 0.9045085 0.2061074
vt 0.5 0.5
vt 0.9045085 0.2061074
vt 0.9755282 0.3454915
vt 0.5 0.5
vt 0.9755282 0.3454915
vt 1 0.5
vt 0.5 0.5
vt 1 0.5
vt 0.9755282 0.6545085
vt 0.5 0.5
vt 0.9755282 0.6545085
vt 0.9045085 0.7938926
vt 0.5 0.5
vt 0.9045085 0.7938926
vt 0.7938926 0.9045085
vt 0.5 0.5
vt 0.7938926 0.9045085
vt 0.6545085 0.9755282
vt 0.5 0.5
vt 0.6545085 0.9755282
vt 0.5 1
vt -0.05 0
vt -0.05 0.5
vt 0 0.5
vt 0 0
vt -0.05 0
vt 0 0.5
vt -0.05 0.5
vt -0.05 1
vt 0 1
vt 0 0.5
vt -0.05 0.5
vt 0 1
vt -0.1 0
vt -0.1 0.5
vt -0.05 0.5
vt -0.05 0
vt -0.1 0
vt -0.05 0.5
vt -0.1 0.5
vt -0.1 1
vt -0.05 1
vt -0.05 0.5
vt -0.1 0.5
vt -0.05 1
vt -0.15 0
vt -0.15 0.5
vt -0.1 0.5
vt -0.1 0
vt -0.15 0
vt -0.1 0.5
vt -0.15 0.5
vt -0.15 1
vt -0.1 1
vt -0.1 0.5
vt -0.15 0.5
vt -0.1 1
vt -0.2 0
vt -0.2 0.5
vt -0.15 0.5
vt -0.15 0
vt -0.2 0
vt -0.15 0.5
vt -0.2 0.5
vt -0.2 1
vt -0.15 1
vt -0.15 0.5
vt -0.2 0.5
vt -0.15 1
vt -0.25 0
vt -0.25 0.5
vt -0.2 0.5
vt -0.2 0
vt -0.25 0
vt -0.2 0.5
vt -0.25 0.5
vt -0.25 1
vt -0.2 1
vt -0.2 0.5
vt -0.25 0.5
vt -0.2 1
vt -0.3 0
vt -0.3 0.5
vt -0.25 0.5
vt -0.25 0
vt -0.3 0
vt -0.25 0.5
vt -0.3 0.5
vt -0.3 1
vt -0.25 1
vt -0.25 0.5
vt -0.3 0.5
vt -0.25 1
vt -0.35 0
vt -0.35 0.5
vt -0.3 0.5
vt -0.3 0
vt -0.35 0
vt -0.3 0.5
vt -0.35 0.5
vt -0.35 1
vt -0.3 1
vt -0.3 0.5
vt -0.35 0.5
vt -0.3 1
vt -0.4 0
vt -0.4 0.5
vt -0.35 0.5
vt -0.35 0
vt -0.4 0
vt -0.35 0.5
vt -0.4 0.5
vt -0.4 1
vt -0.35 1
vt -0.35 0.5
vt -0.4 0.5
vt -0.35 1
vt -0.45 0
vt -0.45 0.5
vt -0.4 0.5
vt -0.4 0
vt -0.45 0
vt -0.4 0.5
vt -0.45 0.5
vt -0.45 1
vt -0.4 1
vt -0.4 0.5
vt -0.45 0.5
vt -0.4 1
vt -0.5 0
vt -0.5 0.5
vt -0.45 0.5
vt -0.45 0
vt -0.5 0
vt -0.45 0.5
vt -0.5 0.5
vt -0.5 1
vt -0.45 1
vt -0.45 0.5
vt -0.5 0.5
vt -0.45 1
vt -0.55 0
vt -0.55 0.5
vt -0.5 0.5
vt -0.5 0
vt -0.55 0
vt -0.5 0.5
vt -0.55 0.5
vt -0.55 1
vt -0.5 1
vt -0.5 0.5
vt -0.55 0.5
vt -0.5 1
vt -0.6 0
vt -0.6 0.5
vt -0.55 0.5
vt -0.55 0
vt -0.6 0
vt -0.55 0.5
vt -0.6 0.5
vt -0.6 1
vt -0.55 1
vt -0.55 0.5
vt -0.6 0.5
vt -0.55 1
vt -0.65 0
vt -0.65 0.5
vt -0.6 0.5
vt -0.6 0
vt -0.65 0
vt -0.6 0.5
vt -0.65 0.5
vt -0.65 1
vt -0.6 1
vt -0.6 0.5
vt -0.65 0.5
vt -0.6 1
vt -0.7 0
vt -0.7 0.5
vt -0.65 0.5
vt -0.65 0
vt -0.7 0
vt -0.65 0.5
vt -0.7 0.5
vt -0.7 1
vt -0.65 1
vt -0.65 0.5
vt -0.7 0.5
vt -0.65 1
vt -0.75 0
vt -0.75 0.5
vt -0.7 0.5
vt -0.7 0
vt -0.75 0
vt -0.7 0.5
vt -0.75 0.5
vt -0.75 1
vt -0.7 1
vt -0.7 0.5
vt -0.75 0.5
vt -0.7 1
vt -0.8 0
vt -0.8 0.5
vt -0.75 0.5
vt -0.75 0
vt -0.8 0
vt -0.75 0.5
vt -0.8 0.5
vt -0.8 1
vt -0.75 1
vt -0.75 0.5
vt -0.8 0.5
vt -0.75 1
vt -0.85 0
vt -0.85 0.5
vt -0.8 0.5
vt -0.8 0
vt -0.85 0
vt -0.8 0.5
vt -0.85 0.5
vt -0.85 1
vt -0.8 1
vt -0.8 0.5
vt -0.85 0.5
vt -0.8 1
vt -0.9 0
vt -0.9 0.5
vt -0.85 0.5
vt -0.85 0
vt -0.9 0
vt -0.85 0.5
vt -0.9 0.5
vt -0.9 1
vt -0.85 1
vt -0.85 0.5
vt -0.9 0.5
vt -0.85 1
vt -0.95 0
vt -0.95 0.5
vt -0.9 0.5
vt -0.9 0
vt -0.95 0
vt -0.9 0.5
vt -0.95 0.5
vt -0.95 1
vt -0.9 1
vt -0.9 0.5
vt -0.95 0.5
vt -0.9 1
vt -1 0
vt -1 0.5
vt -0.95 0.5
vt -0.95 0
vt -1 0
vt -0.95 0.5
vt -1 0.5
vt -1 1
vt -0.95 1
vt -0.95 0.5
vt -1 0.5
vt -0.95 1
vt 0.5 0.5
vt 0.5 1
vt 0.6545085 0.9755282
vt 0.5 0.5
vt 0.6545085 0.9755282
vt 0.7938926 0.9045085
vt 0.5 0.5
vt 0.7938926 0.9045085
vt 0.9045085 0.7938926
vt 0.5 0.5
vt 0.9045085 0.7938926
vt 0.9755282 0.6545085
vt 0.5 0.5
vt 0.9755282 0.6545085
vt 1 0.5
vt 0.5 0.5
vt 1 0.5
vt 0.9755282 0.3454915
vt 0.5 0.5
vt 0.9755282 0.3454915
vt 0.9045085 0.2061074
vt 0.5 0.5
vt 0.9045085 0.2061074
vt 0.7938926 0.09549147
vt 0.5 0.5
vt 0.7938926 0.09549147
vt 0.6545084 0.0244717
vt 0.5 0.5
vt 0.6545084 0.0244717
vt 0.5 0
vt 0.5 0.5
vt 0.5 0
vt 0.3454915 0.02447173
vt 0.5 0.5
vt 0.3454915 0.02447173
vt 0.2061073 0.09549153
vt 0.5 0.5
vt 0.2061073 0.09549153
vt 0.09549144 0.2061075
vt 0.5 0.5
vt 0.09549144 0.2061075
vt 0.02447176 0.3454915
vt 0.5 0.5
vt 0.02447176 0.3454915
vt 0 0.5
vt 0.5 0.5
vt 0 0.5
vt 0.02447176 0.6545086
vt 0.5 0.5
vt 0.02447176 0.6545086
vt 0.09549159 0.7938927
vt 0.5 0.5
vt 0.09549159 0.7938927
vt 0.2061075 0.9045086
vt 0.5 0.5
vt 0.2061075 0.9045086
vt 0.3454915 0.9755282
vt 0.5 0.5
vt 0.3454915 0.9755282
vt 0.5000001 1
vt 0.5 0.5
vt 0.5000001 1
vt 0.3454915 0.9755282
vt 0.5 0.5
vt 0.3454915 0.9755282
vt 0.2061075 0.9045086
vt 0.5 0.5
vt 0.2061075 0.9045086
vt 0.09549159 0.7938927
vt 0.5 0.5
vt 0.09549159 0.7938927
vt 0.02447176 0.6545086
vt 0.5 0.5
vt 0.02447176 0.6545086
vt 0 0.5
vt 0.5 0.5
vt 0 0.5
vt 0.02447176 0.3454915
vt 0.5 0.5
vt 0.02447176 0.3454915
vt 0.09549144 0.2061075
vt 0.5 0.5
vt 0.09549144 0.2061075
vt 0.2061073 0.09549153
vt 0.5 0.5
vt 0.2061073 0.09549153
vt 0.3454915 0.02447173
vt 0.5 0.5
vt 0.3454915 0.02447173
vt 0.5 0
vt 0.5 0.5
vt 0.5 0
vt 0.6545084 0.0244717
vt 0.5 0.5
vt 0.6545084 0.0244717
vt 0.7938926 0.09549147
vt 0.5 0.5
vt 0.7938926 0.09549147
vt 0.9045085 0.2061074
vt 0.5 0.5
vt 0.9045085 0.2061074
vt 0.9755282 0.3454915
vt 0.5 0.5
vt 0.9755282 0.3454915
vt 1 0.5
vt 0.5 0.5
vt 1 0.5
vt 0.9755282 0.6545085
vt 0.5 0.5
vt 0.9755282 0.6545085
vt 0.9045085 0.7938926
vt 0.5 0.5
vt 0.9045085 0.7938926
vt 0.7938926 0.9045085
vt 0.5 0.5
vt 0.7938926 0.9045085
vt 0.6545085 0.9755282
vt 0.5 0.5
vt 0.6545085 0.9755282
vt 0.5 1
vt -0.05 0
vt -0.05 0.5
vt 0 0.5
vt 0 0
vt -0.05 0
vt 0 0.5
vt -0.05 0.5
vt -0.05 1
vt 0 1
vt 0 0.5
vt -0.05 0.5
vt 0 1
vt -0.1 0
vt -0.1 0.5
vt -0.05 0.5
vt -0.05 0
vt -0.1 0
vt -0.05 0.5
vt -0.1 0.5
vt -0.1 1
vt -0.05 1
vt -0.05 0.5
vt -0.1 0.5
vt -0.05 1
vt -0.15 0
vt -0.15 0.5
vt -0.1 0.5
vt -0.1 0
vt -0.15 0
vt -0.1 0.5
vt -0.15 0.5
vt -0.15 1
vt -0.1 1
vt -0.1 0.5
vt -0.15 0.5
vt -0.1 1
vt -0.2 0
vt -0.2 0.5
vt -0.15 0.5
vt -0.15 0
vt -0.2 0
vt -0.15 0.5
vt -0.2 0.5
vt -0.2 1
vt -0.15 1
vt -0.15 0.5
vt -0.2 0.5
vt -0.15 1
vt -0.25 0
vt -0.25 0.5
vt -0.2 0.5
vt -0.2 0
vt -0.25 0
vt -0.2 0.5
vt -0.25 0.5
vt -0.25 1
vt -0.2 1
vt -0.2 0.5
vt -0.25 0.5
vt -0.2 1
vt -0.3 0
vt -0.3 0.5
vt -0.25 0.5
vt -0.25 0
vt -0.3 0
vt -0.25 0.5
vt -0.3 0.5
vt -0.3 1
vt -0.25 1
vt -0.25 0.5
vt -0.3 0.5
vt -0.25 1
vt -0.35 0
vt -0.35 0.5
vt -0.3 0.5
vt -0.3 0
vt -0.35 0
vt -0.3 0.5
vt -0.35 0.5
vt -0.35 1
vt -0.3 1
vt -0.3 0.5
vt -0.35 0.5
vt -0.3 1
vt -0.4 0
vt -0.4 0.5
vt -0.35 0.5
vt -0.35 0
vt -0.4 0
vt -0.35 0.5
vt -0.4 0.5
vt -0.4 1
vt -0.35 1
vt -0.35 0.5
vt -0.4 0.5
vt -0.35 1
vt -0.45 0
vt -0.45 0.5
vt -0.4 0.5
vt -0.4 0
vt -0.45 0
vt -0.4 0.5
vt -0.45 0.5
vt -0.45 1
vt -0.4 1
vt -0.4 0.5
vt -0.45 0.5
vt -0.4 1
vt -0.5 0
vt -0.5 0.5
vt -0.45 0.5
vt -0.45 0
vt -0.5 0
vt -0.45 0.5
vt -0.5 0.5
vt -0.5 1
vt -0.45 1
vt -0.45 0.5
vt -0.5 0.5
vt -0.45 1
vt -0.55 0
vt -0.55 0.5
vt -0.5 0.5
vt -0.5 0
vt -0.55 0
vt -0.5 0.5
vt -0.55 0.5
vt -0.55 1
vt -0.5 1
vt -0.5 0.5
vt -0.55 0.5
vt -0.5 1
vt -0.6 0
vt -0.6 0.5
vt -0.55 0.5
vt -0.55 0
vt -0.6 0
vt -0.55 0.5
vt -0.6 0.5
vt -0.6 1
vt -0.55 1
vt -0.55 0.5
vt -0.6 0.5
vt -0.55 1
vt -0.65 0
vt -0.65 0.5
vt -0.6 0.5
vt -0.6 0
vt -0.65 0
vt -0.6 0.5
vt -0.65 0.5
vt -0.65 1
vt -0.6 1
vt -0.6 0.5
vt -0.65 0.5
vt -0.6 1
vt -0.7 0
vt -0.7 0.5
vt -0.65 0.5
vt -0.65 0
vt -0.7 0
vt -0.65 0.5
vt -0.7 0.5
vt -0.7 1
vt -0.65 1
vt -0.65 0.5
vt -0.7 0.5
vt -0.65 1
vt -0.75 0
vt -0.75 0.5
vt -0.7 0.5
vt -0.7 0
vt -0.75 0
vt -0.7 0.5
vt -0.75 0.5
vt -0.75 1
vt -0.7 1
vt -0.7 0.5
vt -0.75 0.5
vt -0.7 1
vt -0.8 0
vt -0.8 0.5
vt -0.75 0.5
vt -0.75 0
vt -0.8 0
vt -0.75 0.5
vt -0.8 0.5
vt -0.8 1
vt -0.75 1
vt -0.75 0.5
vt -0.8 0.5
vt -0.75 1
vt -0.85 0
vt -0.85 0.5
vt -0.8 0.5
vt -0.8 0
vt -0.85 0
vt -0.8 0.5
vt -0.85 0.5
vt -0.85 1
vt -0.8 1
vt -0.8 0.5
vt -0.85 0.5
vt -0.8 1
vt -0.9 0
vt -0.9 0.5
vt -0.85 0.5
vt -0.85 0
vt -0.9 0
vt -0.85 0.5
vt -0.9 0.5
vt -0.9 1
vt -0.85 1
vt -0.85 0.5
vt -0.9 0.5
vt -0.85 1
vt -0.95 0
vt -0.95 0.5
vt -0.9 0.5
vt -0.9 0
vt -0.95 0
vt -0.9 0.5
vt -0.95 0.5
vt -0.95 1
vt -0.9 1
vt -0.9 0.5
vt -0.95 0.5
vt -0.9 1
vt -1 0
vt -1 0.5
vt -0.95 0.5
vt -0.95 0
vt -1 0
vt -0.95 0.5
vt -1 0.5
vt -1 1
vt -0.95 1
vt -0.95 0.5
vt -1 0.5
vt -0.95 1
vt 0.5 0.5
vt 0.5 1
vt 0.6545085 0.9755282
vt 0.5 0.5
vt 0.6545085 0.9755282
vt 0.7938926 0.9045085
vt 0.5 0.5
vt 0.7938926 0.9045085
vt 0.9045085 0.7938926
vt 0.5 0.5
vt 0.9045085 0.7938926
vt 0.9755282 0.6545085
vt 0.5 0.5
vt 0.9755282 0.6545085
vt 1 0.5
vt 0.5 0.5
vt 1 0.5
vt 0.9755282 0.3454915
vt 0.5 0.5
vt 0.9755282 0.3454915
vt 0.9045085 0.2061074
vt 0.5 0.5
vt 0.9045085 0.2061074
vt 0.7938926 0.09549147
vt 0.5 0.5
vt 0.7938926 0.09549147
vt 0.6545084 0.0244717
vt 0.5 0.5
vt 0.6545084 0.0244717
vt 0.5 0
vt 0.5 0.5
vt 0.5 0
vt 0.3454915 0.02447173
vt 0.5 0.5
vt 0.3454915 0.02447173
vt 0.2061073 0.09549153
vt 0.5 0.5
vt 0.2061073 0.09549153
vt 0.09549144 0.2061075
vt 0.5 0.5
vt 0.09549144 0.2061075
vt 0.02447176 0.3454915
vt 0.5 0.5
vt 0.02447176 0.3454915
vt 0 0.5
vt 0.5 0.5
vt 0 0.5
vt 0.02447176 0.6545086
vt 0.5 0.5
vt 0.02447176 0.6545086
vt 0.09549159 0.7938927
vt 0.5 0.5
vt 0.09549159 0.7938927
vt 0.2061075 0.9045086
vt 0.5 0.5
vt 0.2061075 0.9045086
vt 0.3454915 0.9755282
vt 0.5 0.5
vt 0.3454915 0.9755282
vt 0.5000001 1
vt 0.5 0.5
vt 0.5000001 1
vt 0.3454915 0.9755282
vt 0.5 0.5
vt 0.3454915 0.9755282
vt 0.2061075 0.9045086
vt 0.5 0.5
vt 0.2061075 0.9045086
vt 0.09549159 0.7938927
vt 0.5 0.5
vt 0.09549159 0.7938927
vt 0.02447176 0.6545086
vt 0.5 0.5
vt 0.02447176 0.6545086
vt 0 0.5
vt 0.5 0.5
vt 0 0.5
vt 0.02447176 0.3454915
vt 0.5 0.5
vt 0.02447176 0.3454915
vt 0.09549144 0.2061075
vt 0.5 0.5
vt 0.09549144 0.2061075
vt 0.2061073 0.09549153
vt 0.5 0.5
vt 0.2061073 0.09549153
vt 0.3454915 0.02447173
vt 0.5 0.5
vt 0.3454915 0.02447173
vt 0.5 0
vt 0.5 0.5
vt 0.5 0
vt 0.6545084 0.0244717
vt 0.5 0.5
vt 0.6545084 0.0244717
vt 0.7938926 0.09549147
vt 0.5 0.5
vt 0.7938926 0.09549147
vt 0.9045085 0.2061074
vt 0.5 0.5
vt 0.9045085 0.2061074
vt 0.9755282 0.3454915
vt 0.5 0.5
vt 0.9755282 0.3454915
vt 1 0.5
vt 0.5 0.5
vt 1 0.5
vt 0.9755282 0.6545085
vt 0.5 0.5
vt 0.9755282 0.6545085
vt 0.9045085 0.7938926
vt 0.5 0.5
vt 0.9045085 0.7938926
vt 0.7938926 0.9045085
vt 0.5 0.5
vt 0.7938926 0.9045085
vt 0.6545085 0.9755282
vt 0.5 0.5
vt 0.6545085 0.9755282
vt 0.5 1
vt -0.05 0
vt -0.05 0.5
vt 0 0.5
vt 0 0
vt -0.05 0
vt 0 0.5
vt -0.05 0.5
vt -0.05 1
vt 0 1
vt 0 0.5
vt -0.05 0.5
vt 0 1
vt -0.1 0
vt -0.1 0.5
vt -0.05 0.5
vt -0.05 0
vt -0.1 0
vt -0.05 0.5
vt -0.1 0.5
vt -0.1 1
vt -0.05 1
vt -0.05 0.5
vt -0.1 0.5
vt -0.05 1
vt -0.15 0
vt -0.15 0.5
vt -0.1 0.5
vt -0.1 0
vt -0.15 0
vt -0.1 0.5
vt -0.15 0.5
vt -0.15 1
vt -0.1 1
vt -0.1 0.5
vt -0.15 0.5
vt -0.1 1
vt -0.2 0
vt -0.2 0.5
vt -0.15 0.5
vt -0.15 0
vt -0.2 0
vt -0.15 0.5
vt -0.2 0.5
vt -0.2 1
vt -0.15 1
vt -0.15 0.5
vt -0.2 0.5
vt -0.15 1
vt -0.25 0
vt -0.25 0.5
vt -0.2 0.5
vt -0.2 0
vt -0.25 0
vt -0.2 0.5
vt -0.25 0.5
vt -0.25 1
vt -0.2 1
vt -0.2 0.5
vt -0.25 0.5
vt -0.2 1
vt -0.3 0
vt -0.3 0.5
vt -0.25 0.5
vt -0.25 0
vt -0.3 0
vt -0.25 0.5
vt -0.3 0.5
vt -0.3 1
vt -0.25 1
vt -0.25 0.5
vt -0.3 0.5
vt -0.25 1
vt -0.35 0
vt -0.35 0.5
vt -0.3 0.5
vt -0.3 0
vt -0.35 0
vt -0.3 0.5
vt -0.35 0.5
vt -0.35 1
vt -0.3 1
vt -0.3 0.5
vt -0.35 0.5
vt -0.3 1
vt -0.4 0
vt -0.4 0.5
vt -0.35 0.5
vt -0.35 0
vt -0.4 0
vt -0.35 0.5
vt -0.4 0.5
vt -0.4 1
vt -0.35 1
vt -0.35 0.5
vt -0.4 0.5
vt -0.35 1
vt -0.45 0
vt -0.45 0.5
vt -0.4 0.5
vt -0.4 0
vt -0.45 0
vt -0.4 0.5
vt -0.45 0.5
vt -0.45 1
vt -0.4 1
vt -0.4 0.5
vt -0.45 0.5
vt -0.4 1
vt -0.5 0
vt -0.5 0.5
vt -0.45 0.5
vt -0.45 0
vt -0.5 0
vt -0.45 0.5
vt -0.5 0.5
vt -0.5 1
vt -0.45 1
vt -0.45 0.5
vt -0.5 0.5
vt -0.45 1
vt -0.55 0
vt -0.55 0.5
vt -0.5 0.5
vt -0.5 0
vt -0.55 0
vt -0.5 0.5
vt -0.55 0.5
vt -0.55 1
vt -0.5 1
vt -0.5 0.5
vt -0.55 0.5
vt -0.5 1
vt -0.6 0
vt -0.6 0.5
vt -0.55 0.5
vt -0.55 0
vt -0.6 0
vt -0.55 0.5
vt -0.6 0.5
vt -0.6 1
vt -0.55 1
vt -0.55 0.5
vt -0.6 0.5
vt -0.55 1
vt -0.65 0
vt -0.65 0.5
vt -0.6 0.5
vt -0.6 0
vt -0.65 0
vt -0.6 0.5
vt -0.65 0.5
vt -0.65 1
vt -0.6 1
vt -0.6 0.5
vt -0.65 0.5
vt -0.6 1
vt -0.7 0
vt -0.7 0.5
vt -0.65 0.5
vt -0.65 0
vt -0.7 0
vt -0.65 0.5
vt -0.7 0.5
vt -0.7 1
vt -0.65 1
vt -0.65 0.5
vt -0.7 0.5
vt -0.65 1
vt -0.75 0
vt -0.75 0.5
vt -0.7 0.5
vt -0.7 0
vt -0.75 0
vt -0.7 0.5
vt -0.75 0.5
vt -0.75 1
vt -0.7 1
vt -0.7 0.5
vt -0.75 0.5
vt -0.7 1
vt -0.8 0
vt -0.8 0.5
vt -0.75 0.5
vt -0.75 0
vt -0.8 0
vt -0.75 0.5
vt -0.8 0.5
vt -0.8 1
vt -0.75 1
vt -0.75 0.5
vt -0.8 0.5
vt -0.75 1
vt -0.85 0
vt -0.85 0.5
vt -0.8 0.5
vt -0.8 0
vt -0.85 0
vt -0.8 0.5
vt -0.85 0.5
vt -0.85 1
vt -0.8 1
vt -0.8 0.5
vt -0.85 0.5
vt -0.8 1
vt -0.9 0
vt -0.9 0.5
vt -0.85 0.5
vt -0.85 0
vt -0.9 0
vt -0.85 0.5
vt -0.9 0.5
vt -0.9 1
vt -0.85 1
vt -0.85 0.5
vt -0.9 0.5
vt -0.85 1
vt -0.95 0
vt -0.95 0.5
vt -0.9 0.5
vt -0.9 0
vt -0.95 0
vt -0.9 0.5
vt -0.95 0.5
vt -0.95 1
vt -0.9 1
vt -0.9 0.5
vt -0.95 0.5
vt -0.9 1
vt -1 0
vt -1 0.5
vt -0.95 0.5
vt -0.95 0
vt -1 0
vt -0.95 0.5
vt -1 0.5
vt -1 1
vt -0.95 1
vt -0.95 0.5
vt -1 0.5
vt -0.95 1
vt 0.5 0.5
vt 0.5 1
vt 0.6545085 0.9755282
vt 0.5 0.5
vt 0.6545085 0.9755282
vt 0.7938926 0.9045085
vt 0.5 0.5
vt 0.7938926 0.9045085
vt 0.9045085 0.7938926
vt 0.5 0.5
vt 0.9045085 0.7938926
vt 0.9755282 0.6545085
vt 0.5 0.5
vt 0.9755282 0.6545085
vt 1 0.5
vt 0.5 0.5
vt 1 0.5
vt 0.9755282 0.3454915
vt 0.5 0.5
vt 0.9755282 0.3454915
vt 0.9045085 0.2061074
vt 0.5 0.5
vt 0.9045085 0.2061074
vt 0.7938926 0.09549147
vt 0.5 0.5
vt 0.7938926 0.09549147
vt 0.6545084 0.0244717
vt 0.5 0.5
vt 0.6545084 0.0244717
vt 0.5 0
vt 0.5 0.5
vt 0.5 0
vt 0.3454915 0.02447173
vt 0.5 0.5
vt 0.3454915 0.02447173
vt 0.2061073 0.09549153
vt 0.5 0.5
vt 0.2061073 0.09549153
vt 0.09549144 0.2061075
vt 0.5 0.5
vt 0.09549144 0.2061075
vt 0.02447176 0.3454915
vt 0.5 0.5
vt 0.02447176 0.3454915
vt 0 0.5
vt 0.5 0.5
vt 0 0.5
vt 0.02447176 0.6545086
vt 0.5 0.5
vt 0.02447176 0.6545086
vt 0.09549159 0.7938927
vt 0.5 0.5
vt 0.09549159 0.7938927
vt 0.2061075 0.9045086
vt 0.5 0.5
vt 0.2061075 0.9045086
vt 0.3454915 0.9755282
vt 0.5 0.5
vt 0.3454915 0.9755282
vt 0.5000001 1
vt 0.5 0.5
vt 0.5000001 1
vt 0.3454915 0.9755282
vt 0.5 0.5
vt 0.3454915 0.9755282
vt 0.2061075 0.9045086
vt 0.5 0.5
vt 0.2061075 0.9045086
vt 0.09549159 0.7938927
vt 0.5 0.5
vt 0.09549159 0.7938927
vt 0.02447176 0.6545086
vt 0.5 0.5
vt 0.02447176 0.6545086
vt 0 0.5
vt 0.5 0.5
vt 0 0.5
vt 0.02447176 0.3454915
vt 0.5 0.5
vt 0.02447176 0.3454915
vt 0.09549144 0.2061075
vt 0.5 0.5
vt 0.09549144 0.2061075
vt 0.2061073 0.09549153
vt 0.5 0.5
vt 0.2061073 0.09549153
vt 0.3454915 0.02447173
vt 0.5 0.5
vt 0.3454915 0.02447173
vt 0.5 0
vt 0.5 0.5
vt 0.5 0
vt 0.6545084 0.0244717
vt 0.5 0.5
vt 0.6545084 0.0244717
vt 0.7938926 0.09549147
vt 0.5 0.5
vt 0.7938926 0.09549147
vt 0.9045085 0.2061074
vt 0.5 0.5
vt 0.9045085 0.2061074
vt 0.9755282 0.3454915
vt 0.5 0.5
vt 0.9755282 0.3454915
vt 1 0.5
vt 0.5 0.5
vt 1 0.5
vt 0.9755282 0.6545085
vt 0.5 0.5
vt 0.9755282 0.6545085
vt 0.9045085 0.7938926
vt 0.5 0.5
vt 0.9045085 0.7938926
vt 0.7938926 0.9045085
vt 0.5 0.5
vt 0.7938926 0.9045085
vt 0.6545085 0.9755282
vt 0.5 0.5
vt 0.6545085 0.9755282
vt 0.5 1
vt -0.05 0
vt -0.05 0.5
vt 0 0.5
vt 0 0
vt -0.05 0
vt 0 0.5
vt -0.05 0.5
vt -0.05 1
vt 0 1
vt 0 0.5
vt -0.05 0.5
vt 0 1
vt -0.1 0
vt -0.1 0.5
vt -0.05 0.5
vt -0.05 0
vt -0.1 0
vt -0.05 0.5
vt -0.1 0.5
vt -0.1 1
vt -0.05 1
vt -0.05 0.5
vt -0.1 0.5
vt -0.05 1
vt -0.15 0
vt -0.15 0.5
vt -0.1 0.5
vt -0.1 0
vt -0.15 0
vt -0.1 0.5
vt -0.15 0.5
vt -0.15 1
vt -0.1 1
vt -0.1 0.5
vt -0.15 0.5
vt -0.1 1
vt -0.2 0
vt -0.2 0.5
vt -0.15 0.5
vt -0.15 0
vt -0.2 0
vt -0.15 0.5
vt -0.2 0.5
vt -0.2 1
vt -0.15 1
vt -0.15 0.5
vt -0.2 0.5
vt -0.15 1
vt -0.25 0
vt -0.25 0.5
vt -0.2 0.5
vt -0.2 0
vt -0.25 0
vt -0.2 0.5
vt -0.25 0.5
vt -0.25 1
vt -0.2 1
vt -0.2 0.5
vt -0.25 0.5
vt -0.2 1
vt -0.3 0
vt -0.3 0.5
vt -0.25 0.5
vt -0.25 0
vt -0.3 0
vt -0.25 0.5
vt -0.3 0.5
vt -0.3 1
vt -0.25 1
vt -0.25 0.5
vt -0.3 0.5
vt -0.25 1
vt -0.35 0
vt -0.35 0.5
vt -0.3 0.5
vt -0.3 0
vt -0.35 0
vt -0.3 0.5
vt -0.35 0.5
vt -0.35 1
vt -0.3 1
vt -0.3 0.5
vt -0.35 0.5
vt -0.3 1
vt -0.4 0
vt -0.4 0.5
vt -0.35 0.5
vt -0.35 0
vt -0.4 0
vt -0.35 0.5
vt -0.4 0.5
vt -0.4 1
vt -0.35 1
vt -0.35 0.5
vt -0.4 0.5
vt -0.35 1
vt -0.45 0
vt -0.45 0.5
vt -0.4 0.5
vt -0.4 0
vt -0.45 0
vt -0.4 0.5
vt -0.45 0.5
vt -0.45 1
vt -0.4 1
vt -0.4 0.5
vt -0.45 0.5
vt -0.4 1
vt -0.5 0
vt -0.5 0.5
vt -0.45 0.5
vt -0.45 0
vt -0.5 0
vt -0.45 0.5
vt -0.5 0.5
vt -0.5 1
vt -0.45 1
vt -0.45 0.5
vt -0.5 0.5
vt -0.45 1
vt -0.55 0
vt -0.55 0.5
vt -0.5 0.5
vt -0.5 0
vt -0.55 0
vt -0.5 0.5
vt -0.55 0.5
vt -0.55 1
vt -0.5 1
vt -0.5 0.5
vt -0.55 0.5
vt -0.5 1
vt -0.6 0
vt -0.6 0.5
vt -0.55 0.5
vt -0.55 0
vt -0.6 0
vt -0.55 0.5
vt -0.6 0.5
vt -0.6 1
vt -0.55 1
vt -0.55 0.5
vt -0.6 0.5
vt -0.55 1
vt -0.65 0
vt -0.65 0.5
vt -0.6 0.5
vt -0.6 0
vt -0.65 0
vt -0.6 0.5
vt -0.65 0.5
vt -0.65 1
vt -0.6 1
vt -0.6 0.5
vt -0.65 0.5
vt -0.6 1
vt -0.7 0
vt -0.7 0.5
vt -0.65 0.5
vt -0.65 0
vt -0.7 0
vt -0.65 0.5
vt -0.7 0.5
vt -0.7 1
vt -0.65 1
vt -0.65 0.5
vt -0.7 0.5
vt -0.65 1
vt -0.75 0
vt -0.75 0.5
vt -0.7 0.5
vt -0.7 0
vt -0.75 0
vt -0.7 0.5
vt -0.75 0.5
vt -0.75 1
vt -0.7 1
vt -0.7 0.5
vt -0.75 0.5
vt -0.7 1
vt -0.8 0
vt -0.8 0.5
vt -0.75 0.5
vt -0.75 0
vt -0.8 0
vt -0.75 0.5
vt -0.8 0.5
vt -0.8 1
vt -0.75 1
vt -0.75 0.5
vt -0.8 0.5
vt -0.75 1
vt -0.85 0
vt -0.85 0.5
vt -0.8 0.5
vt -0.8 0
vt -0.85 0
vt -0.8 0.5
vt -0.85 0.5
vt -0.85 1
vt -0.8 1
vt -0.8 0.5
vt -0.85 0.5
vt -0.8 1
vt -0.9 0
vt -0.9 0.5
vt -0.85 0.5
vt -0.85 0
vt -0.9 0
vt -0.85 0.5
vt -0.9 0.5
vt -0.9 1
vt -0.85 1
vt -0.85 0.5
vt -0.9 0.5
vt -0.85 1
vt -0.95 0
vt -0.95 0.5
vt -0.9 0.5
vt -0.9 0
vt -0.95 0
vt -0.9 0.5
vt -0.95 0.5
vt -0.95 1
vt -0.9 1
vt -0.9 0.5
vt -0.95 0.5
vt -0.9 1
vt -1 0
vt -1 0.5
vt -0.95 0.5
vt -0.95 0
vt -1 0
vt -0.95 0.5
vt -1 0.5
vt -1 1
vt -0.95 1
vt -0.95 0.5
vt -1 0.5
vt -0.95 1
vt 0.5 0.5
vt 0.5 1
vt 0.6545085 0.9755282
vt 0.5 0.5
vt 0.6545085 0.9755282
vt 0.7938926 0.9045085
vt 0.5 0.5
vt 0.7938926 0.9045085
vt 0.9045085 0.7938926
vt 0.5 0.5
vt 0.9045085 0.7938926
vt 0.9755282 0.6545085
vt 0.5 0.5
vt 0.9755282 0.6545085
vt 1 0.5
vt 0.5 0.5
vt 1 0.5
vt 0.9755282 0.3454915
vt 0.5 0.5
vt 0.9755282 0.3454915
vt 0.9045085 0.2061074
vt 0.5 0.5
vt 0.9045085 0.2061074
vt 0.7938926 0.09549147
vt 0.5 0.5
vt 0.7938926 0.09549147
vt 0.6545084 0.0244717
vt 0.5 0.5
vt 0.6545084 0.0244717
vt 0.5 0
vt 0.5 0.5
vt 0.5 0
vt 0.3454915 0.02447173
vt 0.5 0.5
vt 0.3454915 0.02447173
vt 0.2061073 0.09549153
vt 0.5 0.5
vt 0.2061073 0.09549153
vt 0.09549144 0.2061075
vt 0.5 0.5
vt 0.09549144 0.2061075
vt 0.02447176 0.3454915
vt 0.5 0.5
vt 0.02447176 0.3454915
vt 0 0.5
vt 0.5 0.5
vt 0 0.5
vt 0.02447176 0.6545086
vt 0.5 0.5
vt 0.02447176 0.6545086
vt 0.09549159 0.7938927
vt 0.5 0.5
vt 0.09549159 0.7938927
vt 0.2061075 0.9045086
vt 0.5 0.5
vt 0.2061075 0.9045086
vt 0.3454915 0.9755282
vt 0.5 0.5
vt 0.3454915 0.9755282
vt 0.5000001 1
vt 0.5 0.5
vt 0.5000001 1
vt 0.3454915 0.9755282
vt 0.5 0.5
vt 0.3454915 0.9755282
vt 0.2061075 0.9045086
vt 0.5 0.5
vt 0.2061075 0.9045086
vt 0.09549159 0.7938927
vt 0.5 0.5
vt 0.09549159 0.7938927
vt 0.02447176 0.6545086
vt 0.5 0.5
vt 0.02447176 0.6545086
vt 0 0.5
vt 0.5 0.5
vt 0 0.5
vt 0.02447176 0.3454915
vt 0.5 0.5
vt 0.02447176 0.3454915
vt 0.09549144 0.2061075
vt 0.5 0.5
vt 0.09549144 0.2061075
vt 0.2061073 0.09549153
vt 0.5 0.5
vt 0.2061073 0.09549153
vt 0.3454915 0.02447173
vt 0.5 0.5
vt 0.3454915 0.02447173
vt 0.5 0
vt 0.5 0.5
vt 0.5 0
vt 0.6545084 0.0244717
vt 0.5 0.5
vt 0.6545084 0.0244717
vt 0.7938926 0.09549147
vt 0.5 0.5
vt 0.7938926 0.09549147
vt 0.9045085 0.2061074
vt 0.5 0.5
vt 0.9045085 0.2061074
vt 0.9755282 0.3454915
vt 0.5 0.5
vt 0.9755282 0.3454915
vt 1 0.5
vt 0.5 0.5
vt 1 0.5
vt 0.9755282 0.6545085
vt 0.5 0.5
vt 0.9755282 0.6545085
vt 0.9045085 0.7938926
vt 0.5 0.5
vt 0.9045085 0.7938926
vt 0.7938926 0.9045085
vt 0.5 0.5
vt 0.7938926 0.9045085
vt 0.6545085 0.9755282
vt 0.5 0.5
vt 0.6545085 0.9755282
vt 0.5 1
f 3/3/3 2/2/2 1/1/1
f 6/6/6 5/5/5 4/4/4
f 9/9/9 8/8/8 7/7/7
f 12/12/12 11/11/11 10/10/10
f 15/15/15 14/14/14 13/13/13
f 18/18/18 17/17/17 16/16/16
f 21/21/21 20/20/20 19/19/19
f 24/24/24 23/23/23 22/22/22
f 27/27/27 26/26/26 25/25/25
f 30/30/30 29/29/29 28/28/28
f 33/33/33 32/32/32 31/31/31
f 36/36/36 35/35/35 34/34/34
f 39/39/39 38/38/38 37/37/37
f 42/42/42 41/41/41 40/40/40
f 45/45/45 44/44/44 43/43/43
f 48/48/48 47/47/47 46/46/46
f 51/51/51 50/50/50 49/49/49
f 54/54/54 53/53/53 52/52/52
f 57/57/57 56/56/56 55/55/55
f 60/60/60 59/59/59 58/58/58
f 63/63/63 62/62/62 61/61/61
f 66/66/66 65/65/65 64/64/64
f 69/69/69 68/68/68 67/67/67
f 72/72/72 71/71/71 70/70/70
f 75/75/75 74/74/74 73/73/73
f 78/78/78 77/77/77 76/76/76
f 81/81/81 80/80/80 79/79/79
f 84/84/84 83/83/83 82/82/82
f 87/87/87 86/86/86 85/85/85
f 90/90/90 89/89/89 88/88/88
f 93/93/93 92/92/92 91/91/91
f 96/96/96 95/95/95 94/94/94
f 99/99/99 98/98/98 97/97/97
f 102/102/102 101/101/101 100/100/100
f 105/105/105 104/104/104 103/103/103
f 108/108/108 107/107/107 106/106/106
f 111/111/111 110/110/110 109/109/109
f 114/114/114 113/113/113 112/112/112
f 117/117/117 116/116/116 115/115/115
f 120/120/120 119/119/119 118/118/118
f 123/123/123 122/122/122 121/121/121
f 126/126/126 125/125/125 124/124/124
f 129/129/129 128/128/128 127/127/127
f 132/132/132 131/131/131 130/130/130
f 135/135/135 134/134/134 133/133/133
f 138/138/138 137/137/137 136/136/136
f 141/141/141 140/140/140 139/139/139
f 144/144/144 143/143/143 142/142/142
f 147/147/147 146/146/146 145/145/145
f 150/150/150 149/149/149 148/148/148
f 153/153/153 152/152/152 151/151/151
f 156/156/156 155/155/155 154/154/154
f 159/159/159 158/158/158 157/157/157
f 162/162/162 161/161/161 160/160/160
f 165/165/165 164/164/164 163/163/163
f 168/168/168 167/167/167 166/166/166
f 171/171/171 170/170/170 169/169/169
f 174/174/174 173/173/173 172/172/172
f 177/177/177 176/176/176 175/175/175
f 180/180/180 179/179/179 178/178/178
f 183/183/183 182/182/182 181/181/181
f 186/186/186 185/185/185 184/184/184
f 189/189/189 188/188/188 187/187/187
f 192/192/192 191/191/191 190/190/190
f 195/195/195 194/194/194 193/193/193
f 198/198/198 197/197/197 196/196/196
f 201/201/201 200/200/200 199/199/199
f 204/204/204 203/203/203 202/202/202
f 207/207/207 206/206/206 205/205/205
f 210/210/210 209/209/209 208/208/208
f 213/213/213 212/212/212 211/211/211
f 216/216/216 215/215/215 214/214/214
f 219/219/219 218/218/218 217/217/217
f 222/222/222 221/221/221 220/220/220
f 225/225/225 224/224/224 223/223/223
f 228/228/228 227/227/227 226/226/226
f 231/231/231 230/230/230 229/229/229
f 234/234/234 233/233/233 232/232/232
f 237/237/237 236/236/236 235/235/235
f 240/240/240 239/239/239 238/238/238
f 243/243/243 242/242/242 241/241/241
f 246/246/246 245/245/245 244/244/244
f 249/249/249 248/248/248 247/247/247
f 252/252/252 251/251/251 250/250/250
f 255/255/255 254/254/254 253/253/253
f 258/258/258 257/257/257 256/256/256
f 261/261/261 260/260/260 259/259/259
f 264/264/264 263/263/263 262/262/262
f 267/267/267 266/266/266 265/265/265
f 270/270/270 269/269/269 268/268/268
f 273/273/273 272/272/272 271/271/271
f 276/276/276 275/275/275 274/274/274
f 279/279/279 278/278/278 277/277/277
f 282/282/282 281/281/281 280/280/280
f 285/285/285 284/284/284 283/283/283
f 288/288/288 287/287/287 286/286/286
f 291/291/291 290/290/290 289/289/289
f 294/294/294 293/293/293 292/292/292
f 297/297/297 296/296/296 295/295/295
f 300/300/300 299/299/299 298/298/298
f 303/303/303 302/302/302 301/301/301
f 306/306/306 305/305/305 304/304/304
f 309/309/309 308/308/308 307/307/307
f 312/312/312 311/311/311 310/310/310
f 315/315/315 314/314/314 313/313/313
f 318/318/318 317/317/317 316/316/316
f 321/321/321 320/320/320 319/319/319
f 324/324/324 323/323/323 322/322/322
f 327/327/327 326/326/326 325/325/325
f 330/330/330 329/329/329 328/328/328
f 333/333/333 332/332/332 331/331/331
f 336/336/336 335/335/335 334/334/334
f 339/339/339 338/338/338 337/337/337
f 342/342/342 341/341/341 340/340/340
f 345/345/345 344/344/344 343/343/343
f 348/348/348 347/347/347 346/346/346
f 351/351/351 350/350/350 349/349/349
f 354/354/354 353/353/353 352/352/352
f 357/357/357 356/356/356 355/355/355
f 360/360/360 359/359/359 358/358/358
f 363/363/363 362/362/362 361/361/361
f 366/366/366 365/365/365 364/364/364
f 369/369/369 368/368/368 367/367/367
f 372/372/372 371/371/371 370/370/370
f 375/375/375 374/374/374 373/373/373
f 378/378/378 377/377/377 376/376/376
f 381/381/381 380/380/380 379/379/379
f 384/384/384 383/383/383 382/382/382
f 387/387/387 386/386/386 385/385/385
f 390/390/390 389/389/389 388/388/388
f 393/393/393 392/392/392 391/391/391
f 396/396/396 395/395/395 394/394/394
f 399/399/399 398/398/398 397/397/397
f 402/402/402 401/401/401 400/400/400
f 405/405/405 404/404/404 403/403/403
f 408/408/408 407/407/407 406/406/406
f 411/411/411 410/410/410 409/409/409
f 414/414/414 413/413/413 412/412/412
f 417/417/417 416/416/416 415/415/415
f 420/420/420 419/419/419 418/418/418
f 423/423/423 422/422/422 421/421/421
f 426/426/426 425/425/425 424/424/424
f 429/429/429 428/428/428 427/427/427
f 432/432/432 431/431/431 430/430/430
f 435/435/435 434/434/434 433/433/433
f 438/438/438 437/437/437 436/436/436
f 441/441/441 440/440/440 439/439/439
f 444/444/444 443/443/443 442/442/442
f 447/447/447 446/446/446 445/445/445
f 450/450/450 449/449/449 448/448/448
f 453/453/453 452/452/452 451/451/451
f 456/456/456 455/455/455 454/454/454
f 459/459/459 458/458/458 457/457/457
f 462/462/462 461/461/461 460/460/460
f 465/465/465 464/464/464 463/463/463
f 468/468/468 467/467/467 466/466/466
f 471/471/471 470/470/470 469/469/469
f 474/474/474 473/473/473 472/472/472
f 477/477/477 476/476/476 475/475/475
f 480/480/480 479/479/479 478/478/478
f 483/483/483 482/482/482 481/481/481
f 486/486/486 485/485/485 484/484/484
f 489/489/489 488/488/488 487/487/487
f 492/492/492 491/491/491 490/490/490
f 495/495/495 494/494/494 493/493/493
f 498/498/498 497/497/497 496/496/496
f 501/501/501 500/500/500 499/499/499
f 504/504/504 503/503/503 502/502/502
f 507/507/507 506/506/506 505/505/505
f 510/510/510 509/509/509 508/508/508
f 513/513/513 512/512/512 511/511/511
f 516/516/516 515/515/515 514/514/514
f 519/519/519 518/518/518 517/517/517
f 522/522/522 521/521/521 520/520/520
f 525/525/525 524/524/524 523/523/523
f 528/528/528 527/527/527 526/526/526
f 531/531/531 530/530/530 529/529/529
f 534/534/534 533/533/533 532/532/532
f 537/537/537 536/536/536 535/535/535
f 540/540/540 539/539/539 538/538/538
f 543/543/543 542/542/542 541/541/541
f 546/546/546 545/545/545 544/544/544
f 549/549/549 548/548/548 547/547/547
f 552/552/552 551/551/551 550/550/550
f 555/555/555 554/554/554 553/553/553
f 558/558/558 557/557/557 556/556/556
f 561/561/561 560/560/560 559/559/559
f 564/564/564 563/563/563 562/562/562
f 567/567/567 566/566/566 565/565/565
f 570/570/570 569/569/569 568/568/568
f 573/573/573 572/572/572 571/571/571
f 576/576/576 575/575/575 574/574/574
f 579/579/579 578/578/578 577/577/577
f 582/582/582 581/581/581 580/580/580
f 585/585/585 584/584/584 583/583/583
f 588/588/588 587/587/587 586/586/586
f 591/591/591 590/590/590 589/589/589
f 594/594/594 593/593/593 592/592/592
f 597/597/597 596/596/596 595/595/595
f 600/600/600 599/599/599 598/598/598
f 603/603/603 602/602/602 601/601/601
f 606/606/606 605/605/605 604/604/604
f 609/609/609 608/608/608 607/607/607
f 612/612/612 611/611/611 610/610/610
f 615/615/615 614/614/614 613/613/613
f 618/618/618 617/617/617 616/616/616
f 621/621/621 620/620/620 619/619/619
f 624/624/624 623/623/623 622/622/622
f 627/627/627 626/626/626 625/625/625
f 630/630/630 629/629/629 628/628/628
f 633/633/633 632/632/632 631/631/631
f 636/636/636 635/635/635 634/634/634
f 639/639/639 638/638/638 637/637/637
f 642/642/642 641/641/641 640/640/640
f 645/645/645 644/644/644 643/643/643
f 648/648/648 647/647/647 646/646/646
f 651/651/651 650/650/650 649/649/649
f 654/654/654 653/653/653 652/652/652
f 657/657/657 656/656/656 655/655/655
f 660/660/660 659/659/659 658/658/658
f 663/663/663 662/662/662 661/661/661
f 666/666/666 665/665/665 664/664/664
f 669/669/669 668/668/668 667/667/667
f 672/672/672 671/671/671 670/670/670
f 675/675/675 674/674/674 673/673/673
f 678/678/678 677/677/677 676/676/676
f 681/681/681 680/680/680 679/679/679
f 684/684/684 683/683/683 682/682/682
f 687/687/687 686/686/686 685/685/685
f 690/690/690 689/689/689 688/688/688
f 693/693/693 692/692/692 691/691/691
f 696/696/696 695/695/695 694/694/694
f 699/699/699 698/698/698 697/697/697
f 702/702/702 701/701/701 700/700/700
f 705/705/705 704/704/704 703/703/703
f 708/708/708 707/707/707 706/706/706
f 711/711/711 710/710/710 709/709/709
f 714/714/714 713/713/713 712/712/712
f 717/717/717 716/716/716 715/715/715
f 720/720/720 719/719/719 718/718/718
f 723/723/723 722/722/722 721/721/721
f 726/726/726 725/725/725 724/724/724
f 729/729/729 728/728/728 727/727/727
f 732/732/732 731/731/731 730/730/730
f 735/735/735 734/734/734 733/733/733
f 738/738/738 737/737/737 736/736/736
f 741/741/741 740/740/740 739/739/739
f 744/744/744 743/743/743 742/742/742
f 747/747/747 746/746/746 745/745/745
f 750/750/750 749/749/749 748/748/748
f 753/753/753 752/752/752 751/751/751
f 756/756/756 755/755/755 754/754/754
f 759/759/759 758/758/758 757/757/757
f 762/762/762 761/761/761 760/760/760
f 765/765/765 764/764/764 763/763/763
f 768/768/768 767/767/767 766/766/766
f 771/771/771 770/770/770 769/769/769
f 774/774/774 773/773/773 772/772/772
f 777/777/777 776/776/776 775/775/775
f 780/780/780 779/779/779 778/778/778
f 783/783/783 782/782/782 781/781/781
f 786/786/786 785/785/785 784/784/784
f 789/789/789 788/788/788 787/787/787
f 792/792/792 791/791/791 790/790/790
f 795/795/795 794/794/794 793/793/793
f 798/798/798 797/797/797 796/796/796
f 801/801/801 800/800/800 799/799/799
f 804/804/804 803/803/803 802/802/802
f 807/807/807 806/806/806 805/805/805
f 810/810/810 809/809/809 808/808/808
f 813/813/813 812/812/812 811/811/811
f 816/816/816 815/815/815 814/814/814
f 819/819/819 818/818/818 817/817/817
f 822/822/822 821/821/821 820/820/820
f 825/825/825 824/824/824 823/823/823
f 828/828/828 827/827/827 826/826/826
f 831/831/831 830/830/830 829/829/829
f 834/834/834 833/833/833 832/832/832
f 837/837/837 836/836/836 835/835/835
f 840/840/840 839/839/839 838/838/838
f 843/843/843 842/842/842 841/841/841
f 846/846/846 845/845/845 844/844/844
f 849/849/849 848/848/848 847/847/847
f 852/852/852 851/851/851 850/850/850
f 855/855/855 854/854/854 853/853/853
f 858/858/858 857/857/857 856/856/856
f 861/861/861 860/860/860 859/859/859
f 864/864/864 863/863/863 862/862/862
f 867/867/867 866/866/866 865/865/865
f 870/870/870 869/869/869 868/868/868
f 873/873/873 872/872/872 871/871/871
f 876/876/876 875/875/875 874/874/874
f 879/879/879 878/878/878 877/877/877
f 882/882/882 881/881/881 880/880/880
f 885/885/885 884/884/884 883/883/883
f 888/888/888 887/887/887 886/886/886
f 891/891/891 890/890/890 889/889/889
f 894/894/894 893/893/893 892/892/892
f 897/897/897 896/896/896 895/895/895
f 900/900/900 899/899/899 898/898/898
f 903/903/903 902/902/902 901/901/901
f 906/906/906 905/905/905 904/904/904
f 909/909/909 908/908/908 907/907/907
f 912/912/912 911/911/911 910/910/910
f 915/915/915 914/914/914 913/913/913
f 918/918/918 917/917/917 916/916/916
f 921/921/921 920/920/920 919/919/919
f 924/924/924 923/923/923 922/922/922
f 927/927/927 926/926/926 925/925/925
f 930/930/930 929/929/929 928/928/928
f 933/933/933 932/932/932 931/931/931
f 936/936/936 935/935/935 934/934/934
f 939/939/939 938/938/938 937/937/937
f 942/942/942 941/941/941 940/940/940
f 945/945/945 944/944/944 943/943/943
f 948/948/948 947/947/947 946/946/946
f 951/951/951 950/950/950 949/949/949
f 954/954/954 953/953/953 952/952/952
f 957/957/957 956/956/956 955/955/955
f 960/960/960 959/959/959 958/958/958
f 963/963/963 962/962/962 961/961/961
f 966/966/966 965/965/965 964/964/964
f 969/969/969 968/968/968 967/967/967
f 972/972/972 971/971/971 970/970/970
f 975/975/975 974/974/974 973/973/973
f 978/978/978 977/977/977 976/976/976
f 981/981/981 980/980/980 979/979/979
f 984/984/984 983/983/983 982/982/982
f 987/987/987 986/986/986 985/985/985
f 990/990/990 989/989/989 988/988/988
f 993/993/993 992/992/992 991/991/991
f 996/996/996 995/995/995 994/994/994
f 999/999/999 998/998/998 997/997/997
f 1002/1002/1002 1001/1001/1001 1000/1000/1000
f 1005/1005/1005 1004/1004/1004 1003/1003/1003
f 1008/1008/1008 1007/1007/1007 1006/1006/1006
f 1011/1011/1011 1010/1010/1010 1009/1009/1009
f 1014/1014/1014 1013/1013/1013 1012/1012/1012
f 1017/1017/1017 1016/1016/1016 1015/1015/1015
f 1020/1020/1020 1019/1019/1019 1018/1018/1018
f 1023/1023/1023 1022/1022/1022 1021/1021/1021
f 1026/1026/1026 1025/1025/1025 1024/1024/1024
f 1029/1029/1029 1028/1028/1028 1027/1027/1027
f 1032/1032/1032 1031/1031/1031 1030/1030/1030
f 1035/1035/1035 1034/1034/1034 1033/1033/1033
f 1038/1038/1038 1037/1037/1037 1036/1036/1036
f 1041/1041/1041 1040/1040/1040 1039/1039/1039
f 1044/1044/1044 1043/1043/1043 1042/1042/1042
f 1047/1047/1047 1046/1046/1046 1045/1045/1045
f 1050/1050/1050 1049/1049/1049 1048/1048/1048
f 1053/1053/1053 1052/1052/1052 1051/1051/1051
f 1056/1056/1056 1055/1055/1055 1054/1054/1054
f 1059/1059/1059 1058/1058/1058 1057/1057/1057
f 1062/1062/1062 1061/1061/1061 1060/1060/1060
f 1065/1065/1065 1064/1064/1064 1063/1063/1063
f 1068/1068/1068 1067/1067/1067 1066/1066/1066
f 1071/1071/1071 1070/1070/1070 1069/1069/1069
f 1074/1074/1074 1073/1073/1073 1072/1072/1072
f 1077/1077/1077 1076/1076/1076 1075/1075/1075
f 1080/1080/1080 1079/1079/1079 1078/1078/1078
f 1083/1083/1083 1082/1082/1082 1081/1081/1081
f 1086/1086/1086 1085/1085/1085 1084/1084/1084
f 1089/1089/1089 1088/1088/1088 1087/1087/1087
f 1092/1092/1092 1091/1091/1091 1090/1090/1090
f 1095/1095/1095 1094/1094/1094 1093/1093/1093
f 1098/1098/1098 1097/1097/1097 1096/1096/1096
f 1101/1101/1101 1100/1100/1100 1099/1099/1099
f 1104/1104/1104 1103/1103/1103 1102/1102/1102
f 1107/1107/1107 1106/1106/1106 1105/1105/1105
f 1110/1110/1110 1109/1109/1109 1108/1108/1108
f 1113/1113/1113 1112/1112/1112 1111/1111/1111
f 1116/1116/1116 1115/1115/1115 1114/1114/1114
f 1119/1119/1119 1118/1118/1118 1117/1117/1117
f 1122/1122/1122 1121/1121/1121 1120/1120/1120
f 1125/1125/1125 1124/1124/1124 1123/1123/1123
f 1128/1128/1128 1127/1127/1127 1126/1126/1126
f 1131/1131/1131 1130/1130/1130 1129/1129/1129
f 1134/1134/1134 1133/1133/1133 1132/1132/1132
f 1137/1137/1137 1136/1136/1136 1135/1135/1135
f 1140/1140/1140 1139/1139/1139 1138/1138/1138
f 1143/1143/1143 1142/1142/1142 1141/1141/1141
f 1146/1146/1146 1145/1145/1145 1144/1144/1144
f 1149/1149/1149 1148/1148/1148 1147/1147/1147
f 1152/1152/1152 1151/1151/1151 1150/1150/1150
f 1155/1155/1155 1154/1154/1154 1153/1153/1153
f 1158/1158/1158 1157/1157/1157 1156/1156/1156
f 1161/1161/1161 1160/1160/1160 1159/1159/1159
f 1164/1164/1164 1163/1163/1163 1162/1162/1162
f 1167/1167/1167 1166/1166/1166 1165/1165/1165
f 1170/1170/1170 1169/1169/1169 1168/1168/1168
f 1173/1173/1173 1172/1172/1172 1171/1171/1171
f 1176/1176/1176 1175/1175/1175 1174/1174/1174
f 1179/1179/1179 1178/1178/1178 1177/1177/1177
f 1182/1182/1182 1181/1181/1181 1180/1180/1180
f 1185/1185/1185 1184/1184/1184 1183/1183/1183
f 1188/1188/1188 1187/1187/1187 1186/1186/1186
f 1191/1191/1191 1190/1190/1190 1189/1189/1189
f 1194/1194/1194 1193/1193/1193 1192/1192/1192
f 1197/1197/1197 1196/1196/1196 1195/1195/1195
f 1200/1200/1200 1199/1199/1199 1198/1198/1198
f 1203/1203/1203 1202/1202/1202 1201/1201/1201
f 1206/1206/1206 1205/1205/1205 1204/1204/1204
f 1209/1209/1209 1208/1208/1208 1207/1207/1207
f 1212/1212/1212 1211/1211/1211 1210/1210/1210
f 1215/1215/1215 1214/1214/1214 1213/1213/1213
f 1218/1218/1218 1217/1217/1217 1216/1216/1216
f 1221/1221/1221 1220/1220/1220 1219/1219/1219
f 1224/1224/1224 1223/1223/1223 1222/1222/1222
f 1227/1227/1227 1226/1226/1226 1225/1225/1225
f 1230/1230/1230 1229/1229/1229 1228/1228/1228
f 1233/1233/1233 1232/1232/1232 1231/1231/1231
f 1236/1236/1236 1235/1235/1235 1234/1234/1234
f 1239/1239/1239 1238/1238/1238 1237/1237/1237
f 1242/1242/1242 1241/1241/1241 1240/1240/1240
f 1245/1245/1245 1244/1244/1244 1243/1243/1243
f 1248/1248/1248 1247/1247/1247 1246/1246/1246
f 1251/1251/1251 1250/1250/1250 1249/1249/1249
f 1254/1254/1254 1253/1253/1253 1252/1252/1252
f 1257/1257/1257 1256/1256/1256 1255/1255/1255
f 1260/1260/1260 1259/1259/1259 1258/1258/1258
f 1263/1263/1263 1262/1262/1262 1261/1261/1261
f 1266/1266/1266 1265/1265/1265 1264/1264/1264
f 1269/1269/1269 1268/1268/1268 1267/1267/1267
f 1272/1272/1272 1271/1271/1271 1270/1270/1270
f 1275/1275/1275 1274/1274/1274 1273/1273/1273
f 1278/1278/1278 1277/1277/1277 1276/1276/1276
f 1281/1281/1281 1280/1280/1280 1279/1279/1279
f 1284/1284/1284 1283/1283/1283 1282/1282/1282
f 1287/1287/1287 1286/1286/1286 1285/1285/1285
f 1290/1290/1290 1289/1289/1289 1288/1288/1288
f 1293/1293/1293 1292/1292/1292 1291/1291/1291
f 1296/1296/1296 1295/1295/1295 1294/1294/1294
f 1299/1299/1299 1298/1298/1298 1297/1297/1297
f 1302/1302/1302 1301/1301/1301 1300/1300/1300
f 1305/1305/1305 1304/1304/1304 1303/1303/1303
f 1308/1308/1308 1307/1307/1307 1306/1306/1306
f 1311/1311/1311 1310/1310/1310 1309/1309/1309
f 1314/1314/1314 1313/1313/1313 1312/1312/1312
f 1317/1317/1317 1316/1316/1316 1315/1315/1315
f 1320/1320/1320 1319/1319/1319 1318/1318/1318
f 1323/1323/1323 1322/1322/1322 1321/1321/1321
f 1326/1326/1326 1325/1325/1325 1324/1324/1324
f 1329/1329/1329 1328/1328/1328 1327/1327/1327
f 1332/1332/1332 1331/1331/1331 1330/1330/1330
f 1335/1335/1335 1334/1334/1334 1333/1333/1333
f 1338/1338/1338 1337/1337/1337 1336/1336/1336
f 1341/1341/1341 1340/1340/1340 1339/1339/1339
f 1344/1344/1344 1343/1343/1343 1342/1342/1342
f 1347/1347/1347 1346/1346/1346 1345/1345/1345
f 1350/1350/1350 1349/1349/1349 1348/1348/1348
f 1353/1353/1353 1352/1352/1352 1351/1351/1351
f 1356/1356/1356 1355/1355/1355 1354/1354/1354
f 1359/1359/1359 1358/1358/1358 1357/1357/1357
f 1362/1362/1362 1361/1361/1361 1360/1360/1360
f 1365/1365/1365 1364/1364/1364 1363/1363/1363
f 1368/1368/1368 1367/1367/1367 1366/1366/1366
f 1371/1371/1371 1370/1370/1370 1369/1369/1369
f 1374/1374/1374 1373/1373/1373 1372/1372/1372
f 1377/1377/1377 1376/1376/1376 1375/1375/1375
f 1380/1380/1380 1379/1379/1379 1378/1378/1378
f 1383/1383/1383 1382/1382/1382 1381/1381/1381
f 1386/1386/1386 1385/1385/1385 1384/1384/1384
f 1389/1389/1389 1388/1388/1388 1387/1387/1387
f 1392/1392/1392 1391/1391/1391 1390/1390/1390
f 1395/1395/1395 1394/1394/1394 1393/1393/1393
f 1398/1398/1398 1397/1397/1397 1396/1396/1396
f 1401/1401/1401 1400/1400/1400 1399/1399/1399
f 1404/1404/1404 1403/1403/1403 1402/1402/1402
f 1407/1407/1407 1406/1406/1406 1405/1405/1405
f 1410/1410/1410 1409/1409/1409 1408/1408/1408
f 1413/1413/1413 1412/1412/1412 1411/1411/1411
f 1416/1416/1416 1415/1415/1415 1414/1414/1414
f 1419/1419/1419 1418/1418/1418 1417/1417/1417
f 1422/1422/1422 1421/1421/1421 1420/1420/1420
f 1425/1425/1425 1424/1424/1424 1423/1423/1423
f 1428/1428/1428 1427/1427/1427 1426/1426/1426
f 1431/1431/1431 1430/1430/1430 1429/1429/1429
f 1434/1434/1434 1433/1433/1433 1432/1432/1432
f 1437/1437/1437 1436/1436/1436 1435/1435/1435
f 1440/1440/1440 1439/1439/1439 1438/1438/1438
f 1443/1443/1443 1442/1442/1442 1441/1441/1441
f 1446/1446/1446 1445/1445/1445 1444/1444/1444
f 1449/1449/1449 1448/1448/1448 1447/1447/1447
f 1452/1452/1452 1451/1451/1451 1450/1450/1450
f 1455/1455/1455 1454/1454/1454 1453/1453/1453
f 1458/1458/1458 1457/1457/1457 1456/1456/1456
f 1461/1461/1461 1460/1460/1460 1459/1459/1459
f 1464/1464/1464 1463/1463/1463 1462/1462/1462
f 1467/1467/1467 1466/1466/1466 1465/1465/1465
f 1470/1470/1470 1469/1469/1469 1468/1468/1468
f 1473/1473/1473 1472/1472/1472 1471/1471/1471
f 1476/1476/1476 1475/1475/1475 1474/1474/1474
f 1479/1479/1479 1478/1478/1478 1477/1477/1477
f 1482/1482/1482 1481/1481/1481 1480/1480/1480
f 1485/1485/1485 1484/1484/1484 1483/1483/1483
f 1488/1488/1488 1487/1487/1487 1486/1486/1486
f 1491/1491/1491 1490/1490/1490 1489/1489/1489
f 1494/1494/1494 1493/1493/1493 1492/1492/1492
f 1497/1497/1497 1496/1496/1496 1495/1495/1495
f 1500/1500/1500 1499/1499/1499 1498/1498/1498
f 1503/1503/1503 1502/1502/1502 1501/1501/1501
f 1506/1506/1506 1505/1505/1505 1504/1504/1504
f 1509/1509/1509 1508/1508/1508 1507/1507/1507
f 1512/1512/1512 1511/1511/1511 1510/1510/1510
f 1515/1515/1515 1514/1514/1514 1513/1513/1513
f 1518/1518/1518 1517/1517/1517 1516/1516/1516
f 1521/1521/1521 1520/1520/1520 1519/1519/1519
f 1524/1524/1524 1523/1523/1523 1522/1522/1522
f 1527/1527/1527 1526/1526/1526 1525/1525/1525
f 1530/1530/1530 1529/1529/1529 1528/1528/1528
f 1533/1533/1533 1532/1532/1532 1531/1531/1531
f 1536/1536/1536 1535/1535/1535 1534/1534/1534
f 1539/1539/1539 1538/1538/1538 1537/1537/1537
f 1542/1542/1542 1541/1541/1541 1540/1540/1540
f 1545/1545/1545 1544/1544/1544 1543/1543/1543
f 1548/1548/1548 1547/1547/1547 1546/1546/1546
f 1551/1551/1551 1550/1550/1550 1549/1549/1549
f 1554/1554/1554 1553/1553/1553 1552/1552/1552
f 1557/1557/1557 1556/1556/1556 1555/1555/1555
f 1560/1560/1560 1559/1559/1559 1558/1558/1558
f 1563/1563/1563 1562/1562/1562 1561/1561/1561
f 1566/1566/1566 1565/1565/1565 1564/1564/1564
f 1569/1569/1569 1568/1568/1568 1567/1567/1567
f 1572/1572/1572 1571/1571/1571 1570/1570/1570
f 1575/1575/1575 1574/1574/1574 1573/1573/1573
f 1578/1578/1578 1577/1577/1577 1576/1576/1576
f 1581/1581/1581 1580/1580/1580 1579/1579/1579
f 1584/1584/1584 1583/1583/1583 1582/1582/1582
f 1587/1587/1587 1586/1586/1586 1585/1585/1585
f 1590/1590/1590 1589/1589/1589 1588/1588/1588
f 1593/1593/1593 1592/1592/1592 1591/1591/1591
f 1596/1596/1596 1595/1595/1595 1594/1594/1594
f 1599/1599/1599 1598/1598/1598 1597/1597/1597
f 1602/1602/1602 1601/1601/1601 1600/1600/1600
f 1605/1605/1605 1604/1604/1604 1603/1603/1603
f 1608/1608/1608 1607/1607/1607 1606/1606/1606
f 1611/1611/1611 1610/1610/1610 1609/1609/1609
f 1614/1614/1614 1613/1613/1613 1612/1612/1612
f 1617/1617/1617 1616/1616/1616 1615/1615/1615
f 1620/1620/1620 1619/1619/1619 1618/1618/1618
f 1623/1623/1623 1622/1622/1622 1621/1621/1621
f 1626/1626/1626 1625/1625/1625 1624/1624/1624
f 1629/1629/1629 1628/1628/1628 1627/1627/1627
f 1632/1632/1632 1631/1631/1631 1630/1630/1630
f 1635/1635/1635 1634/1634/1634 1633/1633/1633
f 1638/1638/1638 1637/1637/1637 1636/1636/1636
f 1641/1641/1641 1640/1640/1640 1639/1639/1639
f 1644/1644/1644 1643/1643/1643 1642/1642/1642
f 1647/1647/1647 1646/1646/1646 1645/1645/1645
f 1650/1650/1650 1649/1649/1649 1648/1648/1648
f 1653/1653/1653 1652/1652/1652 1651/1651/1651
f 1656/1656/1656 1655/1655/1655 1654/1654/1654
f 1659/1659/1659 1658/1658/1658 1657/1657/1657
f 1662/1662/1662 1661/1661/1661 1660/1660/1660
f 1665/1665/1665 1664/1664/1664 1663/1663/1663
f 1668/1668/1668 1667/1667/1667 1666/1666/1666
f 1671/1671/1671 1670/1670/1670 1669/1669/1669
f 1674/1674/1674 1673/1673/1673 1672/1672/1672
f 1677/1677/1677 1676/1676/1676 1675/1675/1675
f 1680/1680/1680 1679/1679/1679 1678/1678/1678
f 1683/1683/1683 1682/1682/1682 1681/1681/1681
f 1686/1686/1686 1685/1685/1685 1684/1684/1684
f 1689/1689/1689 1688/1688/1688 1687/1687/1687
f 1692/1692/1692 1691/1691/1691 1690/1690/1690
f 1695/1695/1695 1694/1694/1694 1693/1693/1693
f 1698/1698/1698 1697/1697/1697 1696/1696/1696
f 1701/1701/1701 1700/1700/1700 1699/1699/1699
f 1704/1704/1704 1703/1703/1703 1702/1702/1702
f 1707/1707/1707 1706/1706/1706 1705/1705/1705
f 1710/1710/1710 1709/1709/1709 1708/1708/1708
f 1713/1713/1713 1712/1712/1712 1711/1711/1711
f 1716/1716/1716 1715/1715/1715 1714/1714/1714
f 1719/1719/1719 1718/1718/1718 1717/1717/1717
f 1722/1722/1722 1721/1721/1721 1720/1720/1720
f 1725/1725/1725 1724/1724/1724 1723/1723/1723
f 1728/1728/1728 1727/1727/1727 1726/1726/1726
f 1731/1731/1731 1730/1730/1730 1729/1729/1729
f 1734/1734/1734 1733/1733/1733 1732/1732/1732
f 1737/1737/1737 1736/1736/1736 1735/1735/1735
f 1740/1740/1740 1739/1739/1739 1738/1738/1738
f 1743/1743/1743 1742/1742/1742 1741/1741/1741
f 1746/1746/1746 1745/1745/1745 1744/1744/1744
f 1749/1749/1749 1748/1748/1748 1747/1747/1747
f 1752/1752/1752 1751/1751/1751 1750/1750/1750
f 1755/1755/1755 1754/1754/1754 1753/1753/1753
f 1758/1758/1758 1757/1757/1757 1756/1756/1756
f 1761/1761/1761 1760/1760/1760 1759/1759/1759
f 1764/1764/1764 1763/1763/1763 1762/1762/1762
f 1767/1767/1767 1766/1766/1766 1765/1765/1765
f 1770/1770/1770 1769/1769/1769 1768/1768/1768
f 1773/1773/1773 1772/1772/1772 1771/1771/1771
f 1776/1776/1776 1775/1775/1775 1774/1774/1774
f 1779/1779/1779 1778/1778/1778 1777/1777/1777
f 1782/1782/1782 1781/1781/1781 1780/1780/1780
f 1785/1785/1785 1784/1784/1784 1783/1783/1783
f 1788/1788/1788 1787/1787/1787 1786/1786/1786
f 1791/1791/1791 1790/1790/1790 1789/1789/1789
f 1794/1794/1794 1793/1793/1793 1792/1792/1792
f 1797/1797/1797 1796/1796/1796 1795/1795/1795
f 1800/1800/1800 1799/1799/1799 1798/1798/1798
o blått
g blått
v 0.01657844 0.2596172 -0.8000872
v 0.01546043 0.2773497 -0.7456791
v 0.05551179 0.273841 -0.7451361
v 0.01657844 0.2596172 -0.8000872
v -0.01922943 0.257879 -0.8532902
v -0.02135601 0.2916081 -0.7497982
v 0.01546043 0.2773497 -0.7456791
v 0.01657844 0.2596172 -0.8000872
v -0.02135601 0.2916081 -0.7497982
v -0.01922943 0.257879 -0.8532902
v -0.04840671 0.2687965 -0.8995352
v -0.05133372 0.3152207 -0.7570902
v -0.02135601 0.2916081 -0.7497982
v -0.01922943 0.257879 -0.8532902
v -0.05133372 0.3152207 -0.7570902
v -0.04840671 0.2687965 -0.8995352
v -0.06809733 0.2913011 -0.9342952
v -0.07153824 0.345876 -0.7668422
v -0.05133372 0.3152207 -0.7570902
v -0.04840671 0.2687965 -0.8995352
v -0.07153824 0.345876 -0.7668422
v -0.06809733 0.2913011 -0.9342952
v -0.07637385 0.3231899 -0.9541692
v -0.07999182 0.3805732 -0.7780992
v -0.07153824 0.345876 -0.7668422
v -0.06809733 0.2913011 -0.9342952
v -0.07999182 0.3805732 -0.7780992
v -0.07637385 0.3231899 -0.9541692
v -0.07242605 0.3613412 -0.9572111
v -0.07586697 0.4159161 -0.7897582
v -0.07999182 0.3805732 -0.7780992
v -0.07637385 0.3231899 -0.9541692
v -0.07586697 0.4159161 -0.7897582
v -0.07242605 0.3613412 -0.9572111
v -0.05664042 0.4020208 -0.9431232
v -0.05956743 0.4484449 -0.8006792
v -0.07586697 0.4159161 -0.7897582
v -0.07242605 0.3613412 -0.9572111
v -0.05956743 0.4484449 -0.8006792
v -0.05664042 0.4020208 -0.9431232
v -0.03056216 0.4412465 -0.9132842
v -0.03268874 0.4749756 -0.8097922
v -0.05956743 0.4484449 -0.8006792
v -0.05664042 0.4020208 -0.9431232
v -0.03268874 0.4749756 -0.8097922
v -0.03056216 0.4412465 -0.9132842
v 0.003256043 0.4751787 -0.8706152
v 0.002138023 0.4929111 -0.8162062
v -0.03268874 0.4749756 -0.8097922
v -0.03056216 0.4412465 -0.9132842
v 0.002138023 0.4929111 -0.8162062
v 0.003256043 0.4751787 -0.8706152
v 0.04150376 0.5004957 -0.8192931
v 0.002138023 0.4929111 -0.8162062
v 0.02147398 0.24382 -0.8492951
v 0.01657844 0.2596172 -0.8000872
v 0.05551179 0.273841 -0.7451361
v 0.02147398 0.24382 -0.8492951
v -0.009917582 0.2278309 -0.9468882
v -0.01922943 0.257879 -0.8532902
v 0.01657844 0.2596172 -0.8000872
v 0.02147398 0.24382 -0.8492951
v -0.01922943 0.257879 -0.8532902
v -0.009917582 0.2278309 -0.9468882
v -0.03559006 0.2274389 -1.028362
v -0.04840671 0.2687965 -0.8995352
v -0.01922943 0.257879 -0.8532902
v -0.009917582 0.2278309 -0.9468882
v -0.04840671 0.2687965 -0.8995352
v -0.03559006 0.2274389 -1.028362
v -0.05303044 0.2426824 -1.08574
v -0.06809733 0.2913011 -0.9342952
v -0.04840671 0.2687965 -0.8995352
v -0.03559006 0.2274389 -1.028362
v -0.06809733 0.2913011 -0.9342952
v -0.05303044 0.2426824 -1.08574
v -0.06053157 0.2720691 -1.113408
v -0.07637385 0.3231899 -0.9541692
v -0.06809733 0.2913011 -0.9342952
v -0.05303044 0.2426824 -1.08574
v -0.07637385 0.3231899 -0.9541692
v -0.06053157 0.2720691 -1.113408
v -0.05735916 0.3127225 -1.108656
v -0.07242605 0.3613412 -0.9572111
v -0.07637385 0.3231899 -0.9541692
v -0.06053157 0.2720691 -1.113408
v -0.07242605 0.3613412 -0.9572111
v -0.05735916 0.3127225 -1.108656
v -0.04382377 0.3606632 -1.07195
v -0.05664042 0.4020208 -0.9431232
v -0.07242605 0.3613412 -0.9572111
v -0.05735916 0.3127225 -1.108656
v -0.05664042 0.4020208 -0.9431232
v -0.04382377 0.3606632 -1.07195
v -0.02125031 0.4111985 -1.006882
v -0.03056216 0.4412465 -0.9132842
v -0.05664042 0.4020208 -0.9431232
v -0.04382377 0.3606632 -1.07195
v -0.03056216 0.4412465 -0.9132842
v -0.02125031 0.4111985 -1.006882
v 0.008151567 0.4593815 -0.9198222
v 0.003256043 0.4751787 -0.8706152
v -0.03056216 0.4412465 -0.9132842
v -0.02125031 0.4111985 -1.006882
v 0.003256043 0.4751787 -0.8706152
v 0.008151567 0.4593815 -0.9198222
v 0.04150376 0.5004957 -0.8192931
v 0.003256043 0.4751787 -0.8706152
v 0.02966781 0.2315045 -0.8884842
v 0.02147398 0.24382 -0.8492951
v 0.05551179 0.273841 -0.7451361
v 0.02966781 0.2315045 -0.8884842
v 0.005668018 0.2044053 -1.02143
v -0.009917582 0.2278309 -0.9468882
v 0.02147398 0.24382 -0.8492951
v 0.02966781 0.2315045 -0.8884842
v -0.009917582 0.2278309 -0.9468882
v 0.005668018 0.2044053 -1.02143
v -0.01413833 0.1951964 -1.130961
v -0.03559006 0.2274389 -1.028362
v -0.009917582 0.2278309 -0.9468882
v 0.005668018 0.2044053 -1.02143
v -0.03559006 0.2274389 -1.028362
v -0.01413833 0.1951964 -1.130961
v -0.02781242 0.2047789 -1.206353
v -0.05303044 0.2426824 -1.08574
v -0.03559006 0.2274389 -1.028362
v -0.01413833 0.1951964 -1.130961
v -0.05303044 0.2426824 -1.08574
v -0.02781242 0.2047789 -1.206353
v -0.03401577 0.232215 -1.240228
v -0.06053157 0.2720691 -1.113408
v -0.05303044 0.2426824 -1.08574
v -0.02781242 0.2047789 -1.206353
v -0.06053157 0.2720691 -1.113408
v -0.03401577 0.232215 -1.240228
v -0.03214114 0.2748191 -1.229269
v -0.05735916 0.3127225 -1.108656
v -0.06053157 0.2720691 -1.113408
v -0.03401577 0.232215 -1.240228
v -0.05735916 0.3127225 -1.108656
v -0.03214114 0.2748191 -1.229269
v -0.02237204 0.3284206 -1.174549
v -0.04382377 0.3606632 -1.07195
v -0.05735916 0.3127225 -1.108656
v -0.03214114 0.2748191 -1.229269
v -0.04382377 0.3606632 -1.07195
v -0.02237204 0.3284206 -1.174549
v -0.00566472 0.3877729 -1.081425
v -0.02125031 0.4111985 -1.006882
v -0.04382377 0.3606632 -1.07195
v -0.02237204 0.3284206 -1.174549
v -0.02125031 0.4111985 -1.006882
v -0.00566472 0.3877729 -1.081425
v 0.01634539 0.4470659 -0.9590122
v 0.008151567 0.4593815 -0.9198222
v -0.02125031 0.4111985 -1.006882
v -0.00566472 0.3877729 -1.081425
v 0.008151567 0.4593815 -0.9198222
v 0.01634539 0.4470659 -0.9590122
v 0.04150376 0.5004957 -0.8192931
v 0.008151567 0.4593815 -0.9198222
v 0.04035787 0.223876 -0.9138192
v 0.02966781 0.2315045 -0.8884842
v 0.05551179 0.273841 -0.7451361
v 0.04035787 0.223876 -0.9138192
v 0.02600173 0.1898952 -1.06962
v 0.005668018 0.2044053 -1.02143
v 0.02966781 0.2315045 -0.8884842
v 0.04035787 0.223876 -0.9138192
v 0.005668018 0.2044053 -1.02143
v 0.02600173 0.1898952 -1.06962
v 0.01384863 0.1752249 -1.197288
v -0.01413833 0.1951964 -1.130961
v 0.005668018 0.2044053 -1.02143
v 0.02600173 0.1898952 -1.06962
v -0.01413833 0.1951964 -1.130961
v 0.01384863 0.1752249 -1.197288
v 0.005088211 0.181301 -1.284326
v -0.02781242 0.2047789 -1.206353
v -0.01413833 0.1951964 -1.130961
v 0.01384863 0.1752249 -1.197288
v -0.02781242 0.2047789 -1.206353
v 0.005088211 0.181301 -1.284326
v 0.0005780048 0.207529 -1.322213
v -0.03401577 0.232215 -1.240228
v -0.02781242 0.2047789 -1.206353
v 0.005088211 0.181301 -1.284326
v -0.03401577 0.232215 -1.240228
v 0.0005780048 0.207529 -1.322213
v 0.000759496 0.2513412 -1.307242
v -0.03214114 0.2748191 -1.229269
v -0.03401577 0.232215 -1.240228
v 0.0005780048 0.207529 -1.322213
v -0.03214114 0.2748191 -1.229269
v 0.000759496 0.2513412 -1.307242
v 0.005614914 0.3084492 -1.240877
v -0.02237204 0.3284206 -1.174549
v -0.03214114 0.2748191 -1.229269
v 0.000759496 0.2513412 -1.307242
v -0.02237204 0.3284206 -1.174549
v 0.005614914 0.3084492 -1.240877
v 0.01466899 0.3732627 -1.129615
v -0.00566472 0.3877729 -1.081425
v -0.02237204 0.3284206 -1.174549
v 0.005614914 0.3084492 -1.240877
v -0.00566472 0.3877729 -1.081425
v 0.01466899 0.3732627 -1.129615
v 0.02703545 0.4394375 -0.9843472
v 0.01634539 0.4470659 -0.9590122
v -0.00566472 0.3877729 -1.081425
v 0.01466899 0.3732627 -1.129615
v 0.01634539 0.4470659 -0.9590122
v 0.02703545 0.4394375 -0.9843472
v 0.04150376 0.5004957 -0.8192931
v 0.01634539 0.4470659 -0.9590122
v 0.05249776 0.2216814 -0.9228202
v 0.04035787 0.223876 -0.9138192
v 0.05551179 0.273841 -0.7451361
v 0.05249776 0.2216814 -0.9228202
v 0.04909315 0.1857209 -1.086741
v 0.02600173 0.1898952 -1.06962
v 0.04035787 0.223876 -0.9138192
v 0.05249776 0.2216814 -0.9228202
v 0.02600173 0.1898952 -1.06962
v 0.04909315 0.1857209 -1.086741
v 0.04563125 0.1694794 -1.220852
v 0.01384863 0.1752249 -1.197288
v 0.02600173 0.1898952 -1.06962
v 0.04909315 0.1857209 -1.086741
v 0.01384863 0.1752249 -1.197288
v 0.04563125 0.1694794 -1.220852
v 0.04245092 0.1745469 -1.312027
v 0.005088211 0.181301 -1.284326
v 0.01384863 0.1752249 -1.197288
v 0.04563125 0.1694794 -1.220852
v 0.005088211 0.181301 -1.284326
v 0.04245092 0.1745469 -1.312027
v 0.03986348 0.2004272 -1.35134
v 0.0005780048 0.207529 -1.322213
v 0.005088211 0.181301 -1.284326
v 0.04245092 0.1745469 -1.312027
v 0.0005780048 0.207529 -1.322213
v 0.03986348 0.2004272 -1.35134
v 0.0381222 0.244587 -1.334943
v 0.000759496 0.2513412 -1.307242
v 0.0005780048 0.207529 -1.322213
v 0.03986348 0.2004272 -1.35134
v 0.000759496 0.2513412 -1.307242
v 0.0381222 0.244587 -1.334943
v 0.03739753 0.3027037 -1.264441
v 0.005614914 0.3084492 -1.240877
v 0.000759496 0.2513412 -1.307242
v 0.0381222 0.244587 -1.334943
v 0.005614914 0.3084492 -1.240877
v 0.03739753 0.3027037 -1.264441
v 0.03776041 0.3690884 -1.146735
v 0.01466899 0.3732627 -1.129615
v 0.005614914 0.3084492 -1.240877
v 0.03739753 0.3027037 -1.264441
v 0.01466899 0.3732627 -1.129615
v 0.03776041 0.3690884 -1.146735
v 0.03917532 0.4372429 -0.9933472
v 0.02703545 0.4394375 -0.9843472
v 0.01466899 0.3732627 -1.129615
v 0.03776041 0.3690884 -1.146735
v 0.02703545 0.4394375 -0.9843472
v 0.03917532 0.4372429 -0.9933472
v 0.04150376 0.5004957 -0.8192931
v 0.02703545 0.4394375 -0.9843472
v 0.06489912 0.2251356 -0.9146051
v 0.05249776 0.2216814 -0.9228202
v 0.05551179 0.273841 -0.7451361
v 0.06489912 0.2251356 -0.9146051
v 0.07268194 0.192291 -1.071116
v 0.04909315 0.1857209 -1.086741
v 0.05249776 0.2216814 -0.9228202
v 0.06489912 0.2251356 -0.9146051
v 0.04909315 0.1857209 -1.086741
v 0.07268194 0.192291 -1.071116
v 0.07809843 0.1785224 -1.199346
v 0.04563125 0.1694794 -1.220852
v 0.04909315 0.1857209 -1.086741
v 0.07268194 0.192291 -1.071116
v 0.04563125 0.1694794 -1.220852
v 0.07809843 0.1785224 -1.199346
v 0.08061837 0.1851776 -1.286745
v 0.04245092 0.1745469 -1.312027
v 0.04563125 0.1694794 -1.220852
v 0.07809843 0.1785224 -1.199346
v 0.04245092 0.1745469 -1.312027
v 0.08061837 0.1851776 -1.286745
v 0.07999513 0.211605 -1.324757
v 0.03986348 0.2004272 -1.35134
v 0.04245092 0.1745469 -1.312027
v 0.08061837 0.1851776 -1.286745
v 0.03986348 0.2004272 -1.35134
v 0.07999513 0.211605 -1.324757
v 0.07628965 0.2552177 -1.309661
v 0.0381222 0.244587 -1.334943
v 0.03986348 0.2004272 -1.35134
v 0.07999513 0.211605 -1.324757
v 0.0381222 0.244587 -1.334943
v 0.07628965 0.2552177 -1.309661
v 0.06986471 0.3117467 -1.242935
v 0.03739753 0.3027037 -1.264441
v 0.0381222 0.244587 -1.334943
v 0.07628965 0.2552177 -1.309661
v 0.03739753 0.3027037 -1.264441
v 0.06986471 0.3117467 -1.242935
v 0.06134919 0.3756586 -1.13111
v 0.03776041 0.3690884 -1.146735
v 0.03739753 0.3027037 -1.264441
v 0.06986471 0.3117467 -1.242935
v 0.03776041 0.3690884 -1.146735
v 0.06134919 0.3756586 -1.13111
v 0.05157667 0.440697 -0.9851332
v 0.03917532 0.4372429 -0.9933472
v 0.03776041 0.3690884 -1.146735
v 0.06134919 0.3756586 -1.13111
v 0.03917532 0.4372429 -0.9933472
v 0.05157667 0.440697 -0.9851332
v 0.04150376 0.5004957 -0.8192931
v 0.03917532 0.4372429 -0.9933472
v 0.07634802 0.2339003 -0.8899792
v 0.06489912 0.2251356 -0.9146051
v 0.05551179 0.273841 -0.7451361
v 0.07634802 0.2339003 -0.8899792
v 0.09445903 0.2089624 -1.024274
v 0.07268194 0.192291 -1.071116
v 0.06489912 0.2251356 -0.9146051
v 0.07634802 0.2339003 -0.8899792
v 0.07268194 0.192291 -1.071116
v 0.09445903 0.2089624 -1.024274
v 0.108072 0.2014687 -1.134875
v 0.07809843 0.1785224 -1.199346
v 0.07268194 0.192291 -1.071116
v 0.09445903 0.2089624 -1.024274
v 0.07809843 0.1785224 -1.199346
v 0.108072 0.2014687 -1.134875
v 0.1158545 0.2121525 -1.210954
v 0.08061837 0.1851776 -1.286745
v 0.07809843 0.1785224 -1.199346
v 0.108072 0.2014687 -1.134875
v 0.08061837 0.1851776 -1.286745
v 0.1158545 0.2121525 -1.210954
v 0.1170445 0.2399681 -1.245066
v 0.07999513 0.211605 -1.324757
v 0.08061837 0.1851776 -1.286745
v 0.1158545 0.2121525 -1.210954
v 0.07999513 0.211605 -1.324757
v 0.1170445 0.2399681 -1.245066
v 0.1115257 0.2821927 -1.23387
v 0.07628965 0.2552177 -1.309661
v 0.07999513 0.211605 -1.324757
v 0.1170445 0.2399681 -1.245066
v 0.07628965 0.2552177 -1.309661
v 0.1115257 0.2821927 -1.23387
v 0.09983833 0.334693 -1.178463
v 0.06986471 0.3117467 -1.242935
v 0.07628965 0.2552177 -1.309661
v 0.1115257 0.2821927 -1.23387
v 0.06986471 0.3117467 -1.242935
v 0.09983833 0.334693 -1.178463
v 0.08312629 0.39233 -1.084269
v 0.06134919 0.3756586 -1.13111
v 0.06986471 0.3117467 -1.242935
v 0.09983833 0.334693 -1.178463
v 0.06134919 0.3756586 -1.13111
v 0.08312629 0.39233 -1.084269
v 0.06302556 0.4494617 -0.9605072
v 0.05157667 0.440697 -0.9851332
v 0.06134919 0.3756586 -1.13111
v 0.08312629 0.39233 -1.084269
v 0.05157667 0.440697 -0.9851332
v 0.06302556 0.4494617 -0.9605072
v 0.04150376 0.5004957 -0.8192931
v 0.05157667 0.440697 -0.9851332
v 0.08572377 0.2471176 -0.8513532
v 0.07634802 0.2339003 -0.8899792
v 0.05551179 0.273841 -0.7451361
v 0.08572377 0.2471176 -0.8513532
v 0.1122928 0.2341033 -0.9508022
v 0.09445903 0.2089624 -1.024274
v 0.07634802 0.2339003 -0.8899792
v 0.08572377 0.2471176 -0.8513532
v 0.09445903 0.2089624 -1.024274
v 0.1122928 0.2341033 -0.9508022
v 0.1326181 0.2360721 -1.033749
v 0.108072 0.2014687 -1.134875
v 0.09445903 0.2089624 -1.024274
v 0.1122928 0.2341033 -0.9508022
v 0.108072 0.2014687 -1.134875
v 0.1326181 0.2360721 -1.033749
v 0.1447101 0.2528312 -1.092074
v 0.1158545 0.2121525 -1.210954
v 0.108072 0.2014687 -1.134875
v 0.1326181 0.2360721 -1.033749
v 0.1158545 0.2121525 -1.210954
v 0.1447101 0.2528312 -1.092074
v 0.1473851 0.2827402 -1.120068
v 0.1170445 0.2399681 -1.245066
v 0.1158545 0.2121525 -1.210954
v 0.1447101 0.2528312 -1.092074
v 0.1170445 0.2399681 -1.245066
v 0.1473851 0.2827402 -1.120068
v 0.1403814 0.3228714 -1.11499
v 0.1115257 0.2821927 -1.23387
v 0.1170445 0.2399681 -1.245066
v 0.1473851 0.2827402 -1.120068
v 0.1115257 0.2821927 -1.23387
v 0.1403814 0.3228714 -1.11499
v 0.1243844 0.3692964 -1.077338
v 0.09983833 0.334693 -1.178463
v 0.1115257 0.2821927 -1.23387
v 0.1403814 0.3228714 -1.11499
v 0.09983833 0.334693 -1.178463
v 0.1243844 0.3692964 -1.077338
v 0.1009601 0.4174708 -1.010797
v 0.08312629 0.39233 -1.084269
v 0.09983833 0.334693 -1.178463
v 0.1243844 0.3692964 -1.077338
v 0.08312629 0.39233 -1.084269
v 0.1009601 0.4174708 -1.010797
v 0.07240132 0.462679 -0.9218802
v 0.06302556 0.4494617 -0.9605072
v 0.08312629 0.39233 -1.084269
v 0.1009601 0.4174708 -1.010797
v 0.06302556 0.4494617 -0.9605072
v 0.07240132 0.462679 -0.9218802
v 0.04150376 0.5004957 -0.8192931
v 0.06302556 0.4494617 -0.9605072
v 0.09210861 0.2634937 -0.8025072
v 0.08572377 0.2471176 -0.8513532
v 0.05551179 0.273841 -0.7451361
v 0.09210861 0.2634937 -0.8025072
v 0.1244375 0.2652526 -0.8578912
v 0.1122928 0.2341033 -0.9508022
v 0.08572377 0.2471176 -0.8513532
v 0.09210861 0.2634937 -0.8025072
v 0.1122928 0.2341033 -0.9508022
v 0.1244375 0.2652526 -0.8578912
v 0.1493338 0.2789454 -0.9058682
v 0.1326181 0.2360721 -1.033749
v 0.1122928 0.2341033 -0.9508022
v 0.1244375 0.2652526 -0.8578912
v 0.1326181 0.2360721 -1.033749
v 0.1493338 0.2789454 -0.9058682
v 0.1643606 0.3032318 -0.9417412
v 0.1447101 0.2528312 -1.092074
v 0.1326181 0.2360721 -1.033749
v 0.1493338 0.2789454 -0.9058682
v 0.1447101 0.2528312 -1.092074
v 0.1643606 0.3032318 -0.9417412
v 0.1680469 0.3357345 -0.9619982
v 0.1473851 0.2827402 -1.120068
v 0.1447101 0.2528312 -1.092074
v 0.1643606 0.3032318 -0.9417412
v 0.1473851 0.2827402 -1.120068
v 0.1680469 0.3357345 -0.9619982
v 0.1600319 0.373272 -0.9646572
v 0.1403814 0.3228714 -1.11499
v 0.1473851 0.2827402 -1.120068
v 0.1680469 0.3357345 -0.9619982
v 0.1403814 0.3228714 -1.11499
v 0.1600319 0.373272 -0.9646572
v 0.1411001 0.4121697 -0.9494562
v 0.1243844 0.3692964 -1.077338
v 0.1403814 0.3228714 -1.11499
v 0.1600319 0.373272 -0.9646572
v 0.1243844 0.3692964 -1.077338
v 0.1411001 0.4121697 -0.9494562
v 0.1131048 0.4486201 -0.9178861
v 0.1009601 0.4174708 -1.010797
v 0.1243844 0.3692964 -1.077338
v 0.1411001 0.4121697 -0.9494562
v 0.1009601 0.4174708 -1.010797
v 0.1131048 0.4486201 -0.9178861
v 0.07878616 0.4790552 -0.8730342
v 0.07240132 0.462679 -0.9218802
v 0.1009601 0.4174708 -1.010797
v 0.1131048 0.4486201 -0.9178861
v 0.07240132 0.462679 -0.9218802
v 0.07878616 0.4790552 -0.8730342
v 0.04150376 0.5004957 -0.8192931
v 0.07240132 0.462679 -0.9218802
v 0.09487754 0.2814257 -0.7482222
v 0.09210861 0.2634937 -0.8025072
v 0.05551179 0.273841 -0.7451361
v 0.09487754 0.2814257 -0.7482222
v 0.1297043 0.2993611 -0.7546362
v 0.1244375 0.2652526 -0.8578912
v 0.09210861 0.2634937 -0.8025072
v 0.09487754 0.2814257 -0.7482222
v 0.1244375 0.2652526 -0.8578912
v 0.1297043 0.2993611 -0.7546362
v 0.156583 0.3258918 -0.7637502
v 0.1493338 0.2789454 -0.9058682
v 0.1244375 0.2652526 -0.8578912
v 0.1297043 0.2993611 -0.7546362
v 0.1493338 0.2789454 -0.9058682
v 0.156583 0.3258918 -0.7637502
v 0.1728825 0.3584206 -0.7746712
v 0.1643606 0.3032318 -0.9417412
v 0.1493338 0.2789454 -0.9058682
v 0.156583 0.3258918 -0.7637502
v 0.1643606 0.3032318 -0.9417412
v 0.1728825 0.3584206 -0.7746712
v 0.1770074 0.3937635 -0.7863302
v 0.1680469 0.3357345 -0.9619982
v 0.1643606 0.3032318 -0.9417412
v 0.1728825 0.3584206 -0.7746712
v 0.1680469 0.3357345 -0.9619982
v 0.1770074 0.3937635 -0.7863302
v 0.1685538 0.4284608 -0.7975862
v 0.1600319 0.373272 -0.9646572
v 0.1680469 0.3357345 -0.9619982
v 0.1770074 0.3937635 -0.7863302
v 0.1600319 0.373272 -0.9646572
v 0.1685538 0.4284608 -0.7975862
v 0.1483493 0.4591161 -0.8073382
v 0.1411001 0.4121697 -0.9494562
v 0.1600319 0.373272 -0.9646572
v 0.1685538 0.4284608 -0.7975862
v 0.1411001 0.4121697 -0.9494562
v 0.1483493 0.4591161 -0.8073382
v 0.1183716 0.4827287 -0.8146312
v 0.1131048 0.4486201 -0.9178861
v 0.1411001 0.4121697 -0.9494562
v 0.1483493 0.4591161 -0.8073382
v 0.1131048 0.4486201 -0.9178861
v 0.1183716 0.4827287 -0.8146312
v 0.08155509 0.4969871 -0.8187501
v 0.07878616 0.4790552 -0.8730342
v 0.1131048 0.4486201 -0.9178861
v 0.1183716 0.4827287 -0.8146312
v 0.07878616 0.4790552 -0.8730342
v 0.08155509 0.4969871 -0.8187501
v 0.04150376 0.5004957 -0.8192931
v 0.07878616 0.4790552 -0.8730342
v 0.09375951 0.2991581 -0.6938132
v 0.09487754 0.2814257 -0.7482222
v 0.05551179 0.273841 -0.7451361
v 0.09375951 0.2991581 -0.6938132
v 0.1275777 0.3330902 -0.6511441
v 0.1297043 0.2993611 -0.7546362
v 0.09487754 0.2814257 -0.7482222
v 0.09375951 0.2991581 -0.6938132
v 0.1297043 0.2993611 -0.7546362
v 0.1275777 0.3330902 -0.6511441
v 0.153656 0.3723159 -0.6213052
v 0.156583 0.3258918 -0.7637502
v 0.1297043 0.2993611 -0.7546362
v 0.1275777 0.3330902 -0.6511441
v 0.156583 0.3258918 -0.7637502
v 0.153656 0.3723159 -0.6213052
v 0.1694416 0.4129955 -0.6072172
v 0.1728825 0.3584206 -0.7746712
v 0.156583 0.3258918 -0.7637502
v 0.153656 0.3723159 -0.6213052
v 0.1728825 0.3584206 -0.7746712
v 0.1694416 0.4129955 -0.6072172
v 0.1733894 0.4511469 -0.6102592
v 0.1770074 0.3937635 -0.7863302
v 0.1728825 0.3584206 -0.7746712
v 0.1694416 0.4129955 -0.6072172
v 0.1770074 0.3937635 -0.7863302
v 0.1733894 0.4511469 -0.6102592
v 0.1651129 0.4830356 -0.6301332
v 0.1685538 0.4284608 -0.7975862
v 0.1770074 0.3937635 -0.7863302
v 0.1733894 0.4511469 -0.6102592
v 0.1685538 0.4284608 -0.7975862
v 0.1651129 0.4830356 -0.6301332
v 0.1454223 0.5055402 -0.6648942
v 0.1483493 0.4591161 -0.8073382
v 0.1685538 0.4284608 -0.7975862
v 0.1651129 0.4830356 -0.6301332
v 0.1483493 0.4591161 -0.8073382
v 0.1454223 0.5055402 -0.6648942
v 0.116245 0.5164577 -0.7111392
v 0.1183716 0.4827287 -0.8146312
v 0.1483493 0.4591161 -0.8073382
v 0.1454223 0.5055402 -0.6648942
v 0.1183716 0.4827287 -0.8146312
v 0.116245 0.5164577 -0.7111392
v 0.08043706 0.5147195 -0.7643412
v 0.08155509 0.4969871 -0.8187501
v 0.1183716 0.4827287 -0.8146312
v 0.116245 0.5164577 -0.7111392
v 0.08155509 0.4969871 -0.8187501
v 0.08043706 0.5147195 -0.7643412
v 0.04150376 0.5004957 -0.8192931
v 0.08155509 0.4969871 -0.8187501
v 0.08886399 0.3149553 -0.6446062
v 0.09375951 0.2991581 -0.6938132
v 0.05551179 0.273841 -0.7451361
v 0.08886399 0.3149553 -0.6446062
v 0.1182659 0.3631383 -0.5575461
v 0.1275777 0.3330902 -0.6511441
v 0.09375951 0.2991581 -0.6938132
v 0.08886399 0.3149553 -0.6446062
v 0.1275777 0.3330902 -0.6511441
v 0.1182659 0.3631383 -0.5575461
v 0.1408392 0.4136735 -0.4924783
v 0.153656 0.3723159 -0.6213052
v 0.1275777 0.3330902 -0.6511441
v 0.1182659 0.3631383 -0.5575461
v 0.153656 0.3723159 -0.6213052
v 0.1408392 0.4136735 -0.4924783
v 0.1543747 0.4616143 -0.4557722
v 0.1694416 0.4129955 -0.6072172
v 0.153656 0.3723159 -0.6213052
v 0.1408392 0.4136735 -0.4924783
v 0.1694416 0.4129955 -0.6072172
v 0.1543747 0.4616143 -0.4557722
v 0.1575471 0.5022677 -0.4510202
v 0.1733894 0.4511469 -0.6102592
v 0.1694416 0.4129955 -0.6072172
v 0.1543747 0.4616143 -0.4557722
v 0.1733894 0.4511469 -0.6102592
v 0.1575471 0.5022677 -0.4510202
v 0.1500459 0.5316544 -0.4786882
v 0.1651129 0.4830356 -0.6301332
v 0.1733894 0.4511469 -0.6102592
v 0.1575471 0.5022677 -0.4510202
v 0.1651129 0.4830356 -0.6301332
v 0.1500459 0.5316544 -0.4786882
v 0.1326056 0.5468978 -0.5360672
v 0.1454223 0.5055402 -0.6648942
v 0.1651129 0.4830356 -0.6301332
v 0.1500459 0.5316544 -0.4786882
v 0.1454223 0.5055402 -0.6648942
v 0.1326056 0.5468978 -0.5360672
v 0.1069331 0.5465058 -0.6175402
v 0.116245 0.5164577 -0.7111392
v 0.1454223 0.5055402 -0.6648942
v 0.1326056 0.5468978 -0.5360672
v 0.116245 0.5164577 -0.7111392
v 0.1069331 0.5465058 -0.6175402
v 0.07554153 0.5305167 -0.7151332
v 0.08043706 0.5147195 -0.7643412
v 0.116245 0.5164577 -0.7111392
v 0.1069331 0.5465058 -0.6175402
v 0.08043706 0.5147195 -0.7643412
v 0.07554153 0.5305167 -0.7151332
v 0.04150376 0.5004957 -0.8192931
v 0.08043706 0.5147195 -0.7643412
v 0.08067016 0.3272709 -0.6054173
v 0.08886399 0.3149553 -0.6446062
v 0.05551179 0.273841 -0.7451361
v 0.08067016 0.3272709 -0.6054173
v 0.1026803 0.3865639 -0.4830042
v 0.1182659 0.3631383 -0.5575461
v 0.08886399 0.3149553 -0.6446062
v 0.08067016 0.3272709 -0.6054173
v 0.1182659 0.3631383 -0.5575461
v 0.1026803 0.3865639 -0.4830042
v 0.1193876 0.4459161 -0.3898802
v 0.1408392 0.4136735 -0.4924783
v 0.1182659 0.3631383 -0.5575461
v 0.1026803 0.3865639 -0.4830042
v 0.1408392 0.4136735 -0.4924783
v 0.1193876 0.4459161 -0.3898802
v 0.1291566 0.4995177 -0.3351601
v 0.1543747 0.4616143 -0.4557722
v 0.1408392 0.4136735 -0.4924783
v 0.1193876 0.4459161 -0.3898802
v 0.1543747 0.4616143 -0.4557722
v 0.1291566 0.4995177 -0.3351601
v 0.1310312 0.5421217 -0.3242012
v 0.1575471 0.5022677 -0.4510202
v 0.1543747 0.4616143 -0.4557722
v 0.1291566 0.4995177 -0.3351601
v 0.1575471 0.5022677 -0.4510202
v 0.1310312 0.5421217 -0.3242012
v 0.1248279 0.5695578 -0.3580762
v 0.1500459 0.5316544 -0.4786882
v 0.1575471 0.5022677 -0.4510202
v 0.1310312 0.5421217 -0.3242012
v 0.1500459 0.5316544 -0.4786882
v 0.1248279 0.5695578 -0.3580762
v 0.1111538 0.5791404 -0.4334682
v 0.1326056 0.5468978 -0.5360672
v 0.1500459 0.5316544 -0.4786882
v 0.1248279 0.5695578 -0.3580762
v 0.1326056 0.5468978 -0.5360672
v 0.1111538 0.5791404 -0.4334682
v 0.09134749 0.5699314 -0.5429982
v 0.1069331 0.5465058 -0.6175402
v 0.1326056 0.5468978 -0.5360672
v 0.1111538 0.5791404 -0.4334682
v 0.1069331 0.5465058 -0.6175402
v 0.09134749 0.5699314 -0.5429982
v 0.06734771 0.5428323 -0.6759442
v 0.07554153 0.5305167 -0.7151332
v 0.1069331 0.5465058 -0.6175402
v 0.09134749 0.5699314 -0.5429982
v 0.07554153 0.5305167 -0.7151332
v 0.06734771 0.5428323 -0.6759442
v 0.04150376 0.5004957 -0.8192931
v 0.07554153 0.5305167 -0.7151332
v 0.06998009 0.3348993 -0.5800822
v 0.08067016 0.3272709 -0.6054173
v 0.05551179 0.273841 -0.7451361
v 0.06998009 0.3348993 -0.5800822
v 0.08234656 0.401074 -0.4348142
v 0.1026803 0.3865639 -0.4830042
v 0.08067016 0.3272709 -0.6054173
v 0.06998009 0.3348993 -0.5800822
v 0.1026803 0.3865639 -0.4830042
v 0.08234656 0.401074 -0.4348142
v 0.09140063 0.4658876 -0.3235523
v 0.1193876 0.4459161 -0.3898802
v 0.1026803 0.3865639 -0.4830042
v 0.08234656 0.401074 -0.4348142
v 0.1193876 0.4459161 -0.3898802
v 0.09140063 0.4658876 -0.3235523
v 0.09625606 0.5229955 -0.2571872
v 0.1291566 0.4995177 -0.3351601
v 0.1193876 0.4459161 -0.3898802
v 0.09140063 0.4658876 -0.3235523
v 0.1291566 0.4995177 -0.3351601
v 0.09625606 0.5229955 -0.2571872
v 0.09643754 0.5668078 -0.2422152
v 0.1310312 0.5421217 -0.3242012
v 0.1291566 0.4995177 -0.3351601
v 0.09625606 0.5229955 -0.2571872
v 0.1310312 0.5421217 -0.3242012
v 0.09643754 0.5668078 -0.2422152
v 0.09192733 0.5930356 -0.2801032
v 0.1248279 0.5695578 -0.3580762
v 0.1310312 0.5421217 -0.3242012
v 0.09643754 0.5668078 -0.2422152
v 0.1248279 0.5695578 -0.3580762
v 0.09192733 0.5930356 -0.2801032
v 0.08316693 0.5991119 -0.3671402
v 0.1111538 0.5791404 -0.4334682
v 0.1248279 0.5695578 -0.3580762
v 0.09192733 0.5930356 -0.2801032
v 0.1111538 0.5791404 -0.4334682
v 0.08316693 0.5991119 -0.3671402
v 0.07101382 0.5844415 -0.4948082
v 0.09134749 0.5699314 -0.5429982
v 0.1111538 0.5791404 -0.4334682
v 0.08316693 0.5991119 -0.3671402
v 0.09134749 0.5699314 -0.5429982
v 0.07101382 0.5844415 -0.4948082
v 0.05665766 0.5504607 -0.6506091
v 0.06734771 0.5428323 -0.6759442
v 0.09134749 0.5699314 -0.5429982
v 0.07101382 0.5844415 -0.4948082
v 0.06734771 0.5428323 -0.6759442
v 0.05665766 0.5504607 -0.6506091
v 0.04150376 0.5004957 -0.8192931
v 0.06734771 0.5428323 -0.6759442
v 0.05784021 0.3370939 -0.5710812
v 0.06998009 0.3348993 -0.5800822
v 0.05551179 0.273841 -0.7451361
v 0.05784021 0.3370939 -0.5710812
v 0.05925513 0.4052483 -0.4176931
v 0.08234656 0.401074 -0.4348142
v 0.06998009 0.3348993 -0.5800822
v 0.05784021 0.3370939 -0.5710812
v 0.08234656 0.401074 -0.4348142
v 0.05925513 0.4052483 -0.4176931
v 0.05961801 0.471633 -0.2999882
v 0.09140063 0.4658876 -0.3235523
v 0.08234656 0.401074 -0.4348142
v 0.05925513 0.4052483 -0.4176931
v 0.09140063 0.4658876 -0.3235523
v 0.05961801 0.471633 -0.2999882
v 0.05889334 0.5297498 -0.2294862
v 0.09625606 0.5229955 -0.2571872
v 0.09140063 0.4658876 -0.3235523
v 0.05961801 0.471633 -0.2999882
v 0.09625606 0.5229955 -0.2571872
v 0.05889334 0.5297498 -0.2294862
v 0.05715206 0.5739096 -0.2130892
v 0.09643754 0.5668078 -0.2422152
v 0.09625606 0.5229955 -0.2571872
v 0.05889334 0.5297498 -0.2294862
v 0.09643754 0.5668078 -0.2422152
v 0.05715206 0.5739096 -0.2130892
v 0.05456462 0.5997899 -0.2524022
v 0.09192733 0.5930356 -0.2801032
v 0.09643754 0.5668078 -0.2422152
v 0.05715206 0.5739096 -0.2130892
v 0.09192733 0.5930356 -0.2801032
v 0.05456462 0.5997899 -0.2524022
v 0.05138429 0.6048573 -0.3435762
v 0.08316693 0.5991119 -0.3671402
v 0.09192733 0.5930356 -0.2801032
v 0.05456462 0.5997899 -0.2524022
v 0.08316693 0.5991119 -0.3671402
v 0.05138429 0.6048573 -0.3435762
v 0.04792238 0.5886158 -0.4776882
v 0.07101382 0.5844415 -0.4948082
v 0.08316693 0.5991119 -0.3671402
v 0.05138429 0.6048573 -0.3435762
v 0.07101382 0.5844415 -0.4948082
v 0.04792238 0.5886158 -0.4776882
v 0.04451779 0.5526553 -0.6416092
v 0.05665766 0.5504607 -0.6506091
v 0.07101382 0.5844415 -0.4948082
v 0.04792238 0.5886158 -0.4776882
v 0.05665766 0.5504607 -0.6506091
v 0.04451779 0.5526553 -0.6416092
v 0.04150376 0.5004957 -0.8192931
v 0.05665766 0.5504607 -0.6506091
v 0.04543886 0.3336397 -0.5792962
v 0.05784021 0.3370939 -0.5710812
v 0.05551179 0.273841 -0.7451361
v 0.04543886 0.3336397 -0.5792962
v 0.03566633 0.3986782 -0.4333192
v 0.05925513 0.4052483 -0.4176931
v 0.05784021 0.3370939 -0.5710812
v 0.04543886 0.3336397 -0.5792962
v 0.05925513 0.4052483 -0.4176931
v 0.03566633 0.3986782 -0.4333192
v 0.02715082 0.46259 -0.3214942
v 0.05961801 0.471633 -0.2999882
v 0.05925513 0.4052483 -0.4176931
v 0.03566633 0.3986782 -0.4333192
v 0.05961801 0.471633 -0.2999882
v 0.02715082 0.46259 -0.3214942
v 0.02072588 0.519119 -0.2547683
v 0.05889334 0.5297498 -0.2294862
v 0.05961801 0.471633 -0.2999882
v 0.02715082 0.46259 -0.3214942
v 0.05889334 0.5297498 -0.2294862
v 0.02072588 0.519119 -0.2547683
v 0.01702041 0.5627318 -0.2396722
v 0.05715206 0.5739096 -0.2130892
v 0.05889334 0.5297498 -0.2294862
v 0.02072588 0.519119 -0.2547683
v 0.05715206 0.5739096 -0.2130892
v 0.01702041 0.5627318 -0.2396722
v 0.01639715 0.5891592 -0.2776842
v 0.05456462 0.5997899 -0.2524022
v 0.05715206 0.5739096 -0.2130892
v 0.01702041 0.5627318 -0.2396722
v 0.05456462 0.5997899 -0.2524022
v 0.01639715 0.5891592 -0.2776842
v 0.01891711 0.5958143 -0.3650821
v 0.05138429 0.6048573 -0.3435762
v 0.05456462 0.5997899 -0.2524022
v 0.01639715 0.5891592 -0.2776842
v 0.05138429 0.6048573 -0.3435762
v 0.01891711 0.5958143 -0.3650821
v 0.0243336 0.5820457 -0.4933132
v 0.04792238 0.5886158 -0.4776882
v 0.05138429 0.6048573 -0.3435762
v 0.01891711 0.5958143 -0.3650821
v 0.04792238 0.5886158 -0.4776882
v 0.0243336 0.5820457 -0.4933132
v 0.03211643 0.5492011 -0.6498232
v 0.04451779 0.5526553 -0.6416092
v 0.04792238 0.5886158 -0.4776882
v 0.0243336 0.5820457 -0.4933132
v 0.04451779 0.5526553 -0.6416092
v 0.03211643 0.5492011 -0.6498232
v 0.04150376 0.5004957 -0.8192931
v 0.04451779 0.5526553 -0.6416092
v 0.03398995 0.324875 -0.6039212
v 0.04543886 0.3336397 -0.5792962
v 0.05551179 0.273841 -0.7451361
v 0.03398995 0.324875 -0.6039212
v 0.01388922 0.3820067 -0.4801602
v 0.03566633 0.3986782 -0.4333192
v 0.04543886 0.3336397 -0.5792962
v 0.03398995 0.324875 -0.6039212
v 0.03566633 0.3986782 -0.4333192
v 0.01388922 0.3820067 -0.4801602
v -0.002822817 0.4396437 -0.3859652
v 0.02715082 0.46259 -0.3214942
v 0.03566633 0.3986782 -0.4333192
v 0.01388922 0.3820067 -0.4801602
v 0.02715082 0.46259 -0.3214942
v -0.002822817 0.4396437 -0.3859652
v -0.01451026 0.4921441 -0.3305582
v 0.02072588 0.519119 -0.2547683
v 0.02715082 0.46259 -0.3214942
v -0.002822817 0.4396437 -0.3859652
v 0.02072588 0.519119 -0.2547683
v -0.01451026 0.4921441 -0.3305582
v -0.02002904 0.5343686 -0.3193632
v 0.01702041 0.5627318 -0.2396722
v 0.02072588 0.519119 -0.2547683
v -0.01451026 0.4921441 -0.3305582
v 0.01702041 0.5627318 -0.2396722
v -0.02002904 0.5343686 -0.3193632
v -0.01883896 0.5621842 -0.3534741
v 0.01639715 0.5891592 -0.2776842
v 0.01702041 0.5627318 -0.2396722
v -0.02002904 0.5343686 -0.3193632
v 0.01639715 0.5891592 -0.2776842
v -0.01883896 0.5621842 -0.3534741
v -0.01105653 0.572868 -0.4295542
v 0.01891711 0.5958143 -0.3650821
v 0.01639715 0.5891592 -0.2776842
v -0.01883896 0.5621842 -0.3534741
v 0.01891711 0.5958143 -0.3650821
v -0.01105653 0.572868 -0.4295542
v 0.002556476 0.5653743 -0.5401542
v 0.0243336 0.5820457 -0.4933132
v 0.01891711 0.5958143 -0.3650821
v -0.01105653 0.572868 -0.4295542
v 0.0243336 0.5820457 -0.4933132
v 0.002556476 0.5653743 -0.5401542
v 0.02066752 0.5404364 -0.6744492
v 0.03211643 0.5492011 -0.6498232
v 0.0243336 0.5820457 -0.4933132
v 0.002556476 0.5653743 -0.5401542
v 0.03211643 0.5492011 -0.6498232
v 0.02066752 0.5404364 -0.6744492
v 0.04150376 0.5004957 -0.8192931
v 0.03211643 0.5492011 -0.6498232
v 0.02461419 0.3116577 -0.6425482
v 0.03398995 0.324875 -0.6039212
v 0.05551179 0.273841 -0.7451361
v 0.02461419 0.3116577 -0.6425482
v -0.003944539 0.3568659 -0.5536321
v 0.01388922 0.3820067 -0.4801602
v 0.03398995 0.324875 -0.6039212
v 0.02461419 0.3116577 -0.6425482
v 0.01388922 0.3820067 -0.4801602
v -0.003944539 0.3568659 -0.5536321
v -0.02736886 0.4050403 -0.4870912
v -0.002822817 0.4396437 -0.3859652
v 0.01388922 0.3820067 -0.4801602
v -0.003944539 0.3568659 -0.5536321
v -0.002822817 0.4396437 -0.3859652
v -0.02736886 0.4050403 -0.4870912
v -0.04336587 0.4514653 -0.4494392
v -0.01451026 0.4921441 -0.3305582
v -0.002822817 0.4396437 -0.3859652
v -0.02736886 0.4050403 -0.4870912
v -0.01451026 0.4921441 -0.3305582
v -0.04336587 0.4514653 -0.4494392
v -0.05036963 0.4915965 -0.4443612
v -0.02002904 0.5343686 -0.3193632
v -0.01451026 0.4921441 -0.3305582
v -0.04336587 0.4514653 -0.4494392
v -0.02002904 0.5343686 -0.3193632
v -0.05036963 0.4915965 -0.4443612
v -0.04769458 0.5215055 -0.4723552
v -0.01883896 0.5621842 -0.3534741
v -0.02002904 0.5343686 -0.3193632
v -0.05036963 0.4915965 -0.4443612
v -0.01883896 0.5621842 -0.3534741
v -0.04769458 0.5215055 -0.4723552
v -0.03560259 0.5382646 -0.5306792
v -0.01105653 0.572868 -0.4295542
v -0.01883896 0.5621842 -0.3534741
v -0.04769458 0.5215055 -0.4723552
v -0.01105653 0.572868 -0.4295542
v -0.03560259 0.5382646 -0.5306792
v -0.01527727 0.5402334 -0.6136262
v 0.002556476 0.5653743 -0.5401542
v -0.01105653 0.572868 -0.4295542
v -0.03560259 0.5382646 -0.5306792
v 0.002556476 0.5653743 -0.5401542
v -0.01527727 0.5402334 -0.6136262
v 0.01129178 0.5272191 -0.7130762
v 0.02066752 0.5404364 -0.6744492
v 0.002556476 0.5653743 -0.5401542
v -0.01527727 0.5402334 -0.6136262
v 0.02066752 0.5404364 -0.6744492
v 0.01129178 0.5272191 -0.7130762
v 0.04150376 0.5004957 -0.8192931
v 0.02066752 0.5404364 -0.6744492
v 0.01822935 0.2952816 -0.6913942
v 0.02461419 0.3116577 -0.6425482
v 0.05551179 0.273841 -0.7451361
v 0.01822935 0.2952816 -0.6913942
v -0.01608921 0.3257167 -0.6465431
v -0.003944539 0.3568659 -0.5536321
v 0.02461419 0.3116577 -0.6425482
v 0.01822935 0.2952816 -0.6913942
v -0.003944539 0.3568659 -0.5536321
v -0.01608921 0.3257167 -0.6465431
v -0.04408458 0.3621671 -0.6149722
v -0.02736886 0.4050403 -0.4870912
v -0.003944539 0.3568659 -0.5536321
v -0.01608921 0.3257167 -0.6465431
v -0.02736886 0.4050403 -0.4870912
v -0.04408458 0.3621671 -0.6149722
v -0.06301635 0.4010648 -0.5997722
v -0.04336587 0.4514653 -0.4494392
v -0.02736886 0.4050403 -0.4870912
v -0.04408458 0.3621671 -0.6149722
v -0.04336587 0.4514653 -0.4494392
v -0.06301635 0.4010648 -0.5997722
v -0.07103138 0.4386022 -0.6024302
v -0.05036963 0.4915965 -0.4443612
v -0.04336587 0.4514653 -0.4494392
v -0.06301635 0.4010648 -0.5997722
v -0.05036963 0.4915965 -0.4443612
v -0.07103138 0.4386022 -0.6024302
v -0.06734505 0.4711049 -0.6226882
v -0.04769458 0.5215055 -0.4723552
v -0.05036963 0.4915965 -0.4443612
v -0.07103138 0.4386022 -0.6024302
v -0.04769458 0.5215055 -0.4723552
v -0.06734505 0.4711049 -0.6226882
v -0.05231828 0.4953914 -0.6585602
v -0.03560259 0.5382646 -0.5306792
v -0.04769458 0.5215055 -0.4723552
v -0.06734505 0.4711049 -0.6226882
v -0.03560259 0.5382646 -0.5306792
v -0.05231828 0.4953914 -0.6585602
v -0.02742193 0.5090842 -0.7065372
v -0.01527727 0.5402334 -0.6136262
v -0.03560259 0.5382646 -0.5306792
v -0.05231828 0.4953914 -0.6585602
v -0.01527727 0.5402334 -0.6136262
v -0.02742193 0.5090842 -0.7065372
v 0.004906955 0.510843 -0.7619222
v 0.01129178 0.5272191 -0.7130762
v -0.01527727 0.5402334 -0.6136262
v -0.02742193 0.5090842 -0.7065372
v 0.01129178 0.5272191 -0.7130762
v 0.004906955 0.510843 -0.7619222
v 0.04150376 0.5004957 -0.8192931
v 0.01129178 0.5272191 -0.7130762
v 0.01546043 0.2773497 -0.7456791
v 0.01822935 0.2952816 -0.6913942
v 0.05551179 0.273841 -0.7451361
v 0.01546043 0.2773497 -0.7456791
v -0.02135601 0.2916081 -0.7497982
v -0.01608921 0.3257167 -0.6465431
v 0.01822935 0.2952816 -0.6913942
v 0.01546043 0.2773497 -0.7456791
v -0.01608921 0.3257167 -0.6465431
v -0.02135601 0.2916081 -0.7497982
v -0.05133372 0.3152207 -0.7570902
v -0.04408458 0.3621671 -0.6149722
v -0.01608921 0.3257167 -0.6465431
v -0.02135601 0.2916081 -0.7497982
v -0.04408458 0.3621671 -0.6149722
v -0.05133372 0.3152207 -0.7570902
v -0.07153824 0.345876 -0.7668422
v -0.06301635 0.4010648 -0.5997722
v -0.04408458 0.3621671 -0.6149722
v -0.05133372 0.3152207 -0.7570902
v -0.06301635 0.4010648 -0.5997722
v -0.07153824 0.345876 -0.7668422
v -0.07999182 0.3805732 -0.7780992
v -0.07103138 0.4386022 -0.6024302
v -0.06301635 0.4010648 -0.5997722
v -0.07153824 0.345876 -0.7668422
v -0.07103138 0.4386022 -0.6024302
v -0.07999182 0.3805732 -0.7780992
v -0.07586697 0.4159161 -0.7897582
v -0.06734505 0.4711049 -0.6226882
v -0.07103138 0.4386022 -0.6024302
v -0.07999182 0.3805732 -0.7780992
v -0.06734505 0.4711049 -0.6226882
v -0.07586697 0.4159161 -0.7897582
v -0.05956743 0.4484449 -0.8006792
v -0.05231828 0.4953914 -0.6585602
v -0.06734505 0.4711049 -0.6226882
v -0.07586697 0.4159161 -0.7897582
v -0.05231828 0.4953914 -0.6585602
v -0.05956743 0.4484449 -0.8006792
v -0.03268874 0.4749756 -0.8097922
v -0.02742193 0.5090842 -0.7065372
v -0.05231828 0.4953914 -0.6585602
v -0.05956743 0.4484449 -0.8006792
v -0.02742193 0.5090842 -0.7065372
v -0.03268874 0.4749756 -0.8097922
v 0.002138023 0.4929111 -0.8162062
v 0.004906955 0.510843 -0.7619222
v -0.02742193 0.5090842 -0.7065372
v -0.03268874 0.4749756 -0.8097922
v 0.004906955 0.510843 -0.7619222
v 0.002138023 0.4929111 -0.8162062
v 0.04150376 0.5004957 -0.8192931
v 0.004906955 0.510843 -0.7619222
v 0.4633894 0.2685494 -0.09006524
v 0.4205999 0.2850757 -0.1242993
v 0.3955117 0.279479 -0.09338021
v 0.4633894 0.2685494 -0.09006524
v 0.5273337 0.2698831 -0.08505917
v 0.4459431 0.3013181 -0.1501762
v 0.4205999 0.2850757 -0.1242993
v 0.4633894 0.2685494 -0.09006524
v 0.4459431 0.3013181 -0.1501762
v 0.5273337 0.2698831 -0.08505917
v 0.5810852 0.2833496 -0.07885313
v 0.4690607 0.3266162 -0.1684783
v 0.4459431 0.3013181 -0.1501762
v 0.5273337 0.2698831 -0.08505917
v 0.4690607 0.3266162 -0.1684783
v 0.5810852 0.2833496 -0.07885313
v 0.6193826 0.3076307 -0.07205319
v 0.4876898 0.3584936 -0.1774142
v 0.4690607 0.3266162 -0.1684783
v 0.5810852 0.2833496 -0.07885313
v 0.4876898 0.3584936 -0.1774142
v 0.6193826 0.3076307 -0.07205319
v 0.6384768 0.3403496 -0.06532621
v 0.5000068 0.39383 -0.1761092
v 0.4876898 0.3584936 -0.1774142
v 0.6193826 0.3076307 -0.07205319
v 0.5000068 0.39383 -0.1761092
v 0.6384768 0.3403496 -0.06532621
v 0.6364987 0.3783035 -0.05933022
v 0.504806 0.4291664 -0.1646912
v 0.5000068 0.39383 -0.1761092
v 0.6384768 0.3403496 -0.06532621
v 0.504806 0.4291664 -0.1646912
v 0.6364987 0.3783035 -0.05933022
v 0.6136423 0.4177773 -0.05465221
v 0.5016177 0.4610438 -0.1442772
v 0.504806 0.4291664 -0.1646912
v 0.6364987 0.3783035 -0.05933022
v 0.5016177 0.4610438 -0.1442772
v 0.6136423 0.4177773 -0.05465221
v 0.5721445 0.4549069 -0.05174923
v 0.4907539 0.4863419 -0.1168661
v 0.5016177 0.4610438 -0.1442772
v 0.6136423 0.4177773 -0.05465221
v 0.4907539 0.4863419 -0.1168661
v 0.5721445 0.4549069 -0.05174923
v 0.5160676 0.4860579 -0.05090618
v 0.4732781 0.5025843 -0.08514023
v 0.4907539 0.4863419 -0.1168661
v 0.5721445 0.4549069 -0.05174923
v 0.4732781 0.5025843 -0.08514023
v 0.5160676 0.4860579 -0.05090618
v 0.4509009 0.508181 -0.05220628
v 0.4732781 0.5025843 -0.08514023
v 0.4996673 0.2536407 -0.05605721
v 0.4633894 0.2685494 -0.09006524
v 0.3955117 0.279479 -0.09338021
v 0.4996673 0.2536407 -0.05605721
v 0.5963385 0.2415252 -0.02037215
v 0.5273337 0.2698831 -0.08505917
v 0.4633894 0.2685494 -0.09006524
v 0.4996673 0.2536407 -0.05605721
v 0.5273337 0.2698831 -0.08505917
v 0.5963385 0.2415252 -0.02037215
v 0.6760621 0.2443183 0.01018071
v 0.5810852 0.2833496 -0.07885313
v 0.5273337 0.2698831 -0.08505917
v 0.5963385 0.2415252 -0.02037215
v 0.5810852 0.2833496 -0.07885313
v 0.6760621 0.2443183 0.01018071
v 0.7310344 0.2617466 0.03261185
v 0.6193826 0.3076307 -0.07205319
v 0.5810852 0.2833496 -0.07885313
v 0.6760621 0.2443183 0.01018071
v 0.6193826 0.3076307 -0.07205319
v 0.7310344 0.2617466 0.03261185
v 0.7558746 0.2921042 0.04472589
v 0.6384768 0.3403496 -0.06532621
v 0.6193826 0.3076307 -0.07205319
v 0.7310344 0.2617466 0.03261185
v 0.6384768 0.3403496 -0.06532621
v 0.7558746 0.2921042 0.04472589
v 0.7481506 0.3324195 0.04533482
v 0.6364987 0.3783035 -0.05933022
v 0.6384768 0.3403496 -0.06532621
v 0.7558746 0.2921042 0.04472589
v 0.6364987 0.3783035 -0.05933022
v 0.7481506 0.3324195 0.04533482
v 0.708619 0.3787459 0.03438187
v 0.6136423 0.4177773 -0.05465221
v 0.6364987 0.3783035 -0.05933022
v 0.7481506 0.3324195 0.04533482
v 0.6136423 0.4177773 -0.05465221
v 0.708619 0.3787459 0.03438187
v 0.6411491 0.426549 0.01293778
v 0.5721445 0.4549069 -0.05174923
v 0.6136423 0.4177773 -0.05465221
v 0.708619 0.3787459 0.03438187
v 0.5721445 0.4549069 -0.05174923
v 0.6411491 0.426549 0.01293778
v 0.5523455 0.4711493 -0.01689816
v 0.5160676 0.4860579 -0.05090618
v 0.5721445 0.4549069 -0.05174923
v 0.6411491 0.426549 0.01293778
v 0.5160676 0.4860579 -0.05090618
v 0.5523455 0.4711493 -0.01689816
v 0.4509009 0.508181 -0.05220628
v 0.5160676 0.4860579 -0.05090618
v 0.5258824 0.2418092 -0.02560425
v 0.4996673 0.2536407 -0.05605721
v 0.3955117 0.279479 -0.09338021
v 0.5258824 0.2418092 -0.02560425
v 0.6462025 0.2190202 0.03755283
v 0.5963385 0.2415252 -0.02037215
v 0.4996673 0.2536407 -0.05605721
v 0.5258824 0.2418092 -0.02560425
v 0.5963385 0.2415252 -0.02037215
v 0.6462025 0.2190202 0.03755283
v 0.7446942 0.2133428 0.08990788
v 0.6760621 0.2443183 0.01018071
v 0.5963385 0.2415252 -0.02037215
v 0.6462025 0.2190202 0.03755283
v 0.6760621 0.2443183 0.01018071
v 0.7446942 0.2133428 0.08990788
v 0.8117164 0.2253328 0.1263368
v 0.7310344 0.2617466 0.03261185
v 0.6760621 0.2443183 0.01018071
v 0.7446942 0.2133428 0.08990788
v 0.7310344 0.2617466 0.03261185
v 0.8117164 0.2253328 0.1263368
v 0.8407084 0.2538165 0.1432738
v 0.7558746 0.2921042 0.04472589
v 0.7310344 0.2617466 0.03261185
v 0.8117164 0.2253328 0.1263368
v 0.7558746 0.2921042 0.04472589
v 0.8407084 0.2538165 0.1432738
v 0.8288324 0.2960056 0.1390607
v 0.7481506 0.3324195 0.04533482
v 0.7558746 0.2921042 0.04472589
v 0.8407084 0.2538165 0.1432738
v 0.7481506 0.3324195 0.04533482
v 0.8288324 0.2960056 0.1390607
v 0.777251 0.3477705 0.1141098
v 0.708619 0.3787459 0.03438187
v 0.7481506 0.3324195 0.04533482
v 0.8288324 0.2960056 0.1390607
v 0.708619 0.3787459 0.03438187
v 0.777251 0.3477705 0.1141098
v 0.6910133 0.404044 0.07086277
v 0.6411491 0.426549 0.01293778
v 0.708619 0.3787459 0.03438187
v 0.777251 0.3477705 0.1141098
v 0.6411491 0.426549 0.01293778
v 0.6910133 0.404044 0.07086277
v 0.5785607 0.4593177 0.01355481
v 0.5523455 0.4711493 -0.01689816
v 0.6411491 0.426549 0.01293778
v 0.6910133 0.404044 0.07086277
v 0.5523455 0.4711493 -0.01689816
v 0.5785607 0.4593177 0.01355481
v 0.4509009 0.508181 -0.05220628
v 0.5523455 0.4711493 -0.01689816
v 0.5394686 0.2342128 -0.001686096
v 0.5258824 0.2418092 -0.02560425
v 0.3955117 0.279479 -0.09338021
v 0.5394686 0.2342128 -0.001686096
v 0.6720449 0.2045711 0.08304691
v 0.6462025 0.2190202 0.03755283
v 0.5258824 0.2418092 -0.02560425
v 0.5394686 0.2342128 -0.001686096
v 0.6462025 0.2190202 0.03755283
v 0.6720449 0.2045711 0.08304691
v 0.7802633 0.1934554 0.1525247
v 0.7446942 0.2133428 0.08990788
v 0.6462025 0.2190202 0.03755283
v 0.6720449 0.2045711 0.08304691
v 0.7446942 0.2133428 0.08990788
v 0.7802633 0.1934554 0.1525247
v 0.8535303 0.2019537 0.1999478
v 0.8117164 0.2253328 0.1263368
v 0.7446942 0.2133428 0.08990788
v 0.7802633 0.1934554 0.1525247
v 0.8117164 0.2253328 0.1263368
v 0.8535303 0.2019537 0.1999478
v 0.8846743 0.2292342 0.2206719
v 0.8407084 0.2538165 0.1432738
v 0.8117164 0.2253328 0.1263368
v 0.8535303 0.2019537 0.1999478
v 0.8407084 0.2538165 0.1432738
v 0.8846743 0.2292342 0.2206719
v 0.8706465 0.2726265 0.2126708
v 0.8288324 0.2960056 0.1390607
v 0.8407084 0.2538165 0.1432738
v 0.8846743 0.2292342 0.2206719
v 0.8288324 0.2960056 0.1390607
v 0.8706465 0.2726265 0.2126708
v 0.8128202 0.3278831 0.1767259
v 0.777251 0.3477705 0.1141098
v 0.8288324 0.2960056 0.1390607
v 0.8706465 0.2726265 0.2126708
v 0.777251 0.3477705 0.1141098
v 0.8128202 0.3278831 0.1767259
v 0.7168557 0.389595 0.1163568
v 0.6910133 0.404044 0.07086277
v 0.777251 0.3477705 0.1141098
v 0.8128202 0.3278831 0.1767259
v 0.6910133 0.404044 0.07086277
v 0.7168557 0.389595 0.1163568
v 0.5921468 0.4517214 0.03747177
v 0.5785607 0.4593177 0.01355481
v 0.6910133 0.404044 0.07086277
v 0.7168557 0.389595 0.1163568
v 0.5785607 0.4593177 0.01355481
v 0.5921468 0.4517214 0.03747177
v 0.4509009 0.508181 -0.05220628
v 0.5785607 0.4593177 0.01355481
v 0.539096 0.2315953 0.01335382
v 0.5394686 0.2342128 -0.001686096
v 0.3955117 0.279479 -0.09338021
v 0.539096 0.2315953 0.01335382
v 0.6713362 0.1995923 0.1116548
v 0.6720449 0.2045711 0.08304691
v 0.5394686 0.2342128 -0.001686096
v 0.539096 0.2315953 0.01335382
v 0.6720449 0.2045711 0.08304691
v 0.6713362 0.1995923 0.1116548
v 0.7792877 0.1866027 0.1919007
v 0.7802633 0.1934554 0.1525247
v 0.6720449 0.2045711 0.08304691
v 0.6713362 0.1995923 0.1116548
v 0.7802633 0.1934554 0.1525247
v 0.7792877 0.1866027 0.1919007
v 0.8523835 0.1938978 0.2462368
v 0.8535303 0.2019537 0.1999478
v 0.7802633 0.1934554 0.1525247
v 0.7792877 0.1866027 0.1919007
v 0.8535303 0.2019537 0.1999478
v 0.8523835 0.1938978 0.2462368
v 0.8834684 0.2207638 0.2693439
v 0.8846743 0.2292342 0.2206719
v 0.8535303 0.2019537 0.1999478
v 0.8523835 0.1938978 0.2462368
v 0.8846743 0.2292342 0.2206719
v 0.8834684 0.2207638 0.2693439
v 0.8694997 0.2645707 0.2589607
v 0.8706465 0.2726265 0.2126708
v 0.8846743 0.2292342 0.2206719
v 0.8834684 0.2207638 0.2693439
v 0.8706465 0.2726265 0.2126708
v 0.8694997 0.2645707 0.2589607
v 0.8118446 0.3210303 0.2161028
v 0.8128202 0.3278831 0.1767259
v 0.8706465 0.2726265 0.2126708
v 0.8694997 0.2645707 0.2589607
v 0.8128202 0.3278831 0.1767259
v 0.8118446 0.3210303 0.2161028
v 0.7161469 0.3846162 0.1449647
v 0.7168557 0.389595 0.1163568
v 0.8128202 0.3278831 0.1767259
v 0.8118446 0.3210303 0.2161028
v 0.7168557 0.389595 0.1163568
v 0.7161469 0.3846162 0.1449647
v 0.5917741 0.4491039 0.05251288
v 0.5921468 0.4517214 0.03747177
v 0.7168557 0.389595 0.1163568
v 0.7161469 0.3846162 0.1449647
v 0.5921468 0.4517214 0.03747177
v 0.5917741 0.4491039 0.05251288
v 0.4509009 0.508181 -0.05220628
v 0.5921468 0.4517214 0.03747177
v 0.5248011 0.2342128 0.01804471
v 0.539096 0.2315953 0.01335382
v 0.3955117 0.279479 -0.09338021
v 0.5248011 0.2342128 0.01804471
v 0.6441455 0.2045711 0.1205778
v 0.6713362 0.1995923 0.1116548
v 0.539096 0.2315953 0.01335382
v 0.5248011 0.2342128 0.01804471
v 0.6713362 0.1995923 0.1116548
v 0.6441455 0.2045711 0.1205778
v 0.741863 0.1934554 0.2041829
v 0.7792877 0.1866027 0.1919007
v 0.6713362 0.1995923 0.1116548
v 0.6441455 0.2045711 0.1205778
v 0.7792877 0.1866027 0.1919007
v 0.741863 0.1934554 0.2041829
v 0.8083882 0.2019537 0.2606747
v 0.8523835 0.1938978 0.2462368
v 0.7792877 0.1866027 0.1919007
v 0.741863 0.1934554 0.2041829
v 0.8523835 0.1938978 0.2462368
v 0.8083882 0.2019537 0.2606747
v 0.8372089 0.2292343 0.2845249
v 0.8834684 0.2207638 0.2693439
v 0.8523835 0.1938978 0.2462368
v 0.8083882 0.2019537 0.2606747
v 0.8834684 0.2207638 0.2693439
v 0.8372089 0.2292343 0.2845249
v 0.8255042 0.2726266 0.2733989
v 0.8694997 0.2645707 0.2589607
v 0.8834684 0.2207638 0.2693439
v 0.8372089 0.2292343 0.2845249
v 0.8694997 0.2645707 0.2589607
v 0.8255042 0.2726266 0.2733989
v 0.7744199 0.3278831 0.2283838
v 0.8118446 0.3210303 0.2161028
v 0.8694997 0.2645707 0.2589607
v 0.8255042 0.2726266 0.2733989
v 0.8118446 0.3210303 0.2161028
v 0.7744199 0.3278831 0.2283838
v 0.6889563 0.389595 0.1538887
v 0.7161469 0.3846162 0.1449647
v 0.8118446 0.3210303 0.2161028
v 0.7744199 0.3278831 0.2283838
v 0.7161469 0.3846162 0.1449647
v 0.6889563 0.389595 0.1538887
v 0.5774792 0.4517214 0.05720377
v 0.5917741 0.4491039 0.05251288
v 0.7161469 0.3846162 0.1449647
v 0.6889563 0.389595 0.1538887
v 0.5917741 0.4491039 0.05251288
v 0.5774792 0.4517214 0.05720377
v 0.4509009 0.508181 -0.05220628
v 0.5917741 0.4491039 0.05251288
v 0.497983 0.2418092 0.01192784
v 0.5248011 0.2342128 0.01804471
v 0.3955117 0.279479 -0.09338021
v 0.497983 0.2418092 0.01192784
v 0.5931347 0.2190202 0.1089427
v 0.6441455 0.2045711 0.1205778
v 0.5248011 0.2342128 0.01804471
v 0.497983 0.2418092 0.01192784
v 0.6441455 0.2045711 0.1205778
v 0.5931347 0.2190202 0.1089427
v 0.6716525 0.2133428 0.1881678
v 0.741863 0.1934554 0.2041829
v 0.6441455 0.2045711 0.1205778
v 0.5931347 0.2190202 0.1089427
v 0.741863 0.1934554 0.2041829
v 0.6716525 0.2133428 0.1881678
v 0.7258507 0.2253328 0.2418478
v 0.8083882 0.2019537 0.2606747
v 0.741863 0.1934554 0.2041829
v 0.6716525 0.2133428 0.1881678
v 0.8083882 0.2019537 0.2606747
v 0.7258507 0.2253328 0.2418478
v 0.750424 0.2538165 0.2647297
v 0.8372089 0.2292343 0.2845249
v 0.8083882 0.2019537 0.2606747
v 0.7258507 0.2253328 0.2418478
v 0.8372089 0.2292343 0.2845249
v 0.750424 0.2538165 0.2647297
v 0.7429669 0.2960056 0.2545719
v 0.8255042 0.2726266 0.2733989
v 0.8372089 0.2292343 0.2845249
v 0.750424 0.2538165 0.2647297
v 0.8255042 0.2726266 0.2733989
v 0.7429669 0.2960056 0.2545719
v 0.7042095 0.3477705 0.2123687
v 0.7744199 0.3278831 0.2283838
v 0.8255042 0.2726266 0.2733989
v 0.7429669 0.2960056 0.2545719
v 0.7744199 0.3278831 0.2283838
v 0.7042095 0.3477705 0.2123687
v 0.6379455 0.404044 0.1422529
v 0.6889563 0.389595 0.1538887
v 0.7744199 0.3278831 0.2283838
v 0.7042095 0.3477705 0.2123687
v 0.6889563 0.389595 0.1538887
v 0.6379455 0.404044 0.1422529
v 0.5506612 0.4593177 0.0510869
v 0.5774792 0.4517214 0.05720377
v 0.6889563 0.389595 0.1538887
v 0.6379455 0.404044 0.1422529
v 0.5774792 0.4517214 0.05720377
v 0.5506612 0.4593177 0.0510869
v 0.4509009 0.508181 -0.05220628
v 0.5774792 0.4517214 0.05720377
v 0.4612671 0.2536407 -0.0043993
v 0.497983 0.2418092 0.01192784
v 0.3955117 0.279479 -0.09338021
v 0.4612671 0.2536407 -0.0043993
v 0.5232968 0.2415252 0.07788682
v 0.5931347 0.2190202 0.1089427
v 0.497983 0.2418092 0.01192784
v 0.4612671 0.2536407 -0.0043993
v 0.5931347 0.2190202 0.1089427
v 0.5232968 0.2415252 0.07788682
v 0.5755289 0.2443183 0.1454239
v 0.6716525 0.2133428 0.1881678
v 0.5931347 0.2190202 0.1089427
v 0.5232968 0.2415252 0.07788682
v 0.6716525 0.2133428 0.1881678
v 0.5755289 0.2443183 0.1454239
v 0.6128506 0.2617466 0.1915998
v 0.7258507 0.2253328 0.2418478
v 0.6716525 0.2133428 0.1881678
v 0.5755289 0.2443183 0.1454239
v 0.7258507 0.2253328 0.2418478
v 0.6128506 0.2617466 0.1915998
v 0.6316086 0.2921042 0.2118948
v 0.750424 0.2538165 0.2647297
v 0.7258507 0.2253328 0.2418478
v 0.6128506 0.2617466 0.1915998
v 0.750424 0.2538165 0.2647297
v 0.6316086 0.2921042 0.2118948
v 0.6299668 0.3324195 0.2043228
v 0.7429669 0.2960056 0.2545719
v 0.750424 0.2538165 0.2647297
v 0.6316086 0.2921042 0.2118948
v 0.7429669 0.2960056 0.2545719
v 0.6299668 0.3324195 0.2043228
v 0.6080858 0.3787459 0.1696248
v 0.7042095 0.3477705 0.2123687
v 0.7429669 0.2960056 0.2545719
v 0.6299668 0.3324195 0.2043228
v 0.7042095 0.3477705 0.2123687
v 0.6080858 0.3787459 0.1696248
v 0.5681075 0.426549 0.1111968
v 0.6379455 0.404044 0.1422529
v 0.7042095 0.3477705 0.2123687
v 0.6080858 0.3787459 0.1696248
v 0.6379455 0.404044 0.1422529
v 0.5681075 0.426549 0.1111968
v 0.5139453 0.4711493 0.03475976
v 0.5506612 0.4593177 0.0510869
v 0.6379455 0.404044 0.1422529
v 0.5681075 0.426549 0.1111968
v 0.5506612 0.4593177 0.0510869
v 0.5139453 0.4711493 0.03475976
v 0.4509009 0.508181 -0.05220628
v 0.5506612 0.4593177 0.0510869
v 0.4182472 0.2685494 -0.02933717
v 0.4612671 0.2536407 -0.0043993
v 0.3955117 0.279479 -0.09338021
v 0.4182472 0.2685494 -0.02933717
v 0.4414681 0.2698831 0.03045177
v 0.5232968 0.2415252 0.07788682
v 0.4612671 0.2536407 -0.0043993
v 0.4182472 0.2685494 -0.02933717
v 0.5232968 0.2415252 0.07788682
v 0.4414681 0.2698831 0.03045177
v 0.4629014 0.2833496 0.08013487
v 0.5755289 0.2443183 0.1454239
v 0.5232968 0.2415252 0.07788682
v 0.4414681 0.2698831 0.03045177
v 0.5755289 0.2443183 0.1454239
v 0.4629014 0.2833496 0.08013487
v 0.4804491 0.3076308 0.1148467
v 0.6128506 0.2617466 0.1915998
v 0.5755289 0.2443183 0.1454239
v 0.4629014 0.2833496 0.08013487
v 0.6128506 0.2617466 0.1915998
v 0.4804491 0.3076308 0.1148467
v 0.4923934 0.3403496 0.1311929
v 0.6316086 0.2921042 0.2118948
v 0.6128506 0.2617466 0.1915998
v 0.4804491 0.3076308 0.1148467
v 0.6316086 0.2921042 0.2118948
v 0.4923934 0.3403496 0.1311929
v 0.4975652 0.3783036 0.1275709
v 0.6299668 0.3324195 0.2043228
v 0.6316086 0.2921042 0.2118948
v 0.4923934 0.3403496 0.1311929
v 0.6299668 0.3324195 0.2043228
v 0.4975652 0.3783036 0.1275709
v 0.4954583 0.4177773 0.1043358
v 0.6080858 0.3787459 0.1696248
v 0.6299668 0.3324195 0.2043228
v 0.4975652 0.3783036 0.1275709
v 0.6080858 0.3787459 0.1696248
v 0.4954583 0.4177773 0.1043358
v 0.4862789 0.4549069 0.06376171
v 0.5681075 0.426549 0.1111968
v 0.6080858 0.3787459 0.1696248
v 0.4954583 0.4177773 0.1043358
v 0.5681075 0.426549 0.1111968
v 0.4862789 0.4549069 0.06376171
v 0.4709254 0.4860579 0.0098207
v 0.5139453 0.4711493 0.03475976
v 0.5681075 0.426549 0.1111968
v 0.4862789 0.4549069 0.06376171
v 0.5139453 0.4711493 0.03475976
v 0.4709254 0.4860579 0.0098207
v 0.4509009 0.508181 -0.05220628
v 0.5139453 0.4711493 0.03475976
v 0.3731345 0.2850757 -0.06044626
v 0.4182472 0.2685494 -0.02933717
v 0.3955117 0.279479 -0.09338021
v 0.3731345 0.2850757 -0.06044626
v 0.3556587 0.3013181 -0.02872014
v 0.4414681 0.2698831 0.03045177
v 0.4182472 0.2685494 -0.02933717
v 0.3731345 0.2850757 -0.06044626
v 0.4414681 0.2698831 0.03045177
v 0.3556587 0.3013181 -0.02872014
v 0.3447949 0.3266162 -0.001309156
v 0.4629014 0.2833496 0.08013487
v 0.4414681 0.2698831 0.03045177
v 0.3556587 0.3013181 -0.02872014
v 0.4629014 0.2833496 0.08013487
v 0.3447949 0.3266162 -0.001309156
v 0.3416065 0.3584936 0.01910472
v 0.4804491 0.3076308 0.1148467
v 0.4629014 0.2833496 0.08013487
v 0.3447949 0.3266162 -0.001309156
v 0.4804491 0.3076308 0.1148467
v 0.3416065 0.3584936 0.01910472
v 0.3464058 0.39383 0.03052282
v 0.4923934 0.3403496 0.1311929
v 0.4804491 0.3076308 0.1148467
v 0.3416065 0.3584936 0.01910472
v 0.4923934 0.3403496 0.1311929
v 0.3464058 0.39383 0.03052282
v 0.3587228 0.4291664 0.03182769
v 0.4975652 0.3783036 0.1275709
v 0.4923934 0.3403496 0.1311929
v 0.3464058 0.39383 0.03052282
v 0.4975652 0.3783036 0.1275709
v 0.3587228 0.4291664 0.03182769
v 0.3773518 0.4610438 0.02289176
v 0.4954583 0.4177773 0.1043358
v 0.4975652 0.3783036 0.1275709
v 0.3587228 0.4291664 0.03182769
v 0.4954583 0.4177773 0.1043358
v 0.3773518 0.4610438 0.02289176
v 0.4004695 0.486342 0.004589796
v 0.4862789 0.4549069 0.06376171
v 0.4954583 0.4177773 0.1043358
v 0.3773518 0.4610438 0.02289176
v 0.4862789 0.4549069 0.06376171
v 0.4004695 0.486342 0.004589796
v 0.4258128 0.5025843 -0.0212872
v 0.4709254 0.4860579 0.0098207
v 0.4862789 0.4549069 0.06376171
v 0.4004695 0.486342 0.004589796
v 0.4709254 0.4860579 0.0098207
v 0.4258128 0.5025843 -0.0212872
v 0.4509009 0.508181 -0.05220628
v 0.4709254 0.4860579 0.0098207
v 0.330345 0.3016021 -0.09467912
v 0.3731345 0.2850757 -0.06044626
v 0.3955117 0.279479 -0.09338021
v 0.330345 0.3016021 -0.09467912
v 0.2742681 0.3327531 -0.09383726
v 0.3556587 0.3013181 -0.02872014
v 0.3731345 0.2850757 -0.06044626
v 0.330345 0.3016021 -0.09467912
v 0.3556587 0.3013181 -0.02872014
v 0.2742681 0.3327531 -0.09383726
v 0.2327704 0.3698827 -0.09093428
v 0.3447949 0.3266162 -0.001309156
v 0.3556587 0.3013181 -0.02872014
v 0.2742681 0.3327531 -0.09383726
v 0.3447949 0.3266162 -0.001309156
v 0.2327704 0.3698827 -0.09093428
v 0.2099139 0.4093565 -0.08625627
v 0.3416065 0.3584936 0.01910472
v 0.3447949 0.3266162 -0.001309156
v 0.2327704 0.3698827 -0.09093428
v 0.3416065 0.3584936 0.01910472
v 0.2099139 0.4093565 -0.08625627
v 0.2079359 0.4473104 -0.08025908
v 0.3464058 0.39383 0.03052282
v 0.3416065 0.3584936 0.01910472
v 0.2099139 0.4093565 -0.08625627
v 0.3464058 0.39383 0.03052282
v 0.2079359 0.4473104 -0.08025908
v 0.2270301 0.4800293 -0.0735321
v 0.3587228 0.4291664 0.03182769
v 0.3464058 0.39383 0.03052282
v 0.2079359 0.4473104 -0.08025908
v 0.3587228 0.4291664 0.03182769
v 0.2270301 0.4800293 -0.0735321
v 0.2653273 0.5043104 -0.06673312
v 0.3773518 0.4610438 0.02289176
v 0.3587228 0.4291664 0.03182769
v 0.2270301 0.4800293 -0.0735321
v 0.3773518 0.4610438 0.02289176
v 0.2653273 0.5043104 -0.06673312
v 0.3190789 0.5177769 -0.06052613
v 0.4004695 0.486342 0.004589796
v 0.3773518 0.4610438 0.02289176
v 0.2653273 0.5043104 -0.06673312
v 0.4004695 0.486342 0.004589796
v 0.3190789 0.5177769 -0.06052613
v 0.3830232 0.5191106 -0.05552125
v 0.4258128 0.5025843 -0.0212872
v 0.4004695 0.486342 0.004589796
v 0.3190789 0.5177769 -0.06052613
v 0.4258128 0.5025843 -0.0212872
v 0.3830232 0.5191106 -0.05552125
v 0.4509009 0.508181 -0.05220628
v 0.4258128 0.5025843 -0.0212872
v 0.294067 0.3165107 -0.1286871
v 0.330345 0.3016021 -0.09467912
v 0.3955117 0.279479 -0.09338021
v 0.294067 0.3165107 -0.1286871
v 0.2052634 0.361111 -0.1585242
v 0.2742681 0.3327531 -0.09383726
v 0.330345 0.3016021 -0.09467912
v 0.294067 0.3165107 -0.1286871
v 0.2742681 0.3327531 -0.09383726
v 0.2052634 0.361111 -0.1585242
v 0.1377935 0.4089141 -0.1799682
v 0.2327704 0.3698827 -0.09093428
v 0.2742681 0.3327531 -0.09383726
v 0.2052634 0.361111 -0.1585242
v 0.2327704 0.3698827 -0.09093428
v 0.1377935 0.4089141 -0.1799682
v 0.0982619 0.4552406 -0.1909212
v 0.2099139 0.4093565 -0.08625627
v 0.2327704 0.3698827 -0.09093428
v 0.1377935 0.4089141 -0.1799682
v 0.2099139 0.4093565 -0.08625627
v 0.0982619 0.4552406 -0.1909212
v 0.09053806 0.4955558 -0.1903112
v 0.2079359 0.4473104 -0.08025908
v 0.2099139 0.4093565 -0.08625627
v 0.0982619 0.4552406 -0.1909212
v 0.2079359 0.4473104 -0.08025908
v 0.09053806 0.4955558 -0.1903112
v 0.1153781 0.5259134 -0.1781982
v 0.2270301 0.4800293 -0.0735321
v 0.2079359 0.4473104 -0.08025908
v 0.09053806 0.4955558 -0.1903112
v 0.2270301 0.4800293 -0.0735321
v 0.1153781 0.5259134 -0.1781982
v 0.1703505 0.5433418 -0.1557672
v 0.2653273 0.5043104 -0.06673312
v 0.2270301 0.4800293 -0.0735321
v 0.1153781 0.5259134 -0.1781982
v 0.2653273 0.5043104 -0.06673312
v 0.1703505 0.5433418 -0.1557672
v 0.2500742 0.5461348 -0.1252131
v 0.3190789 0.5177769 -0.06052613
v 0.2653273 0.5043104 -0.06673312
v 0.1703505 0.5433418 -0.1557672
v 0.3190789 0.5177769 -0.06052613
v 0.2500742 0.5461348 -0.1252131
v 0.3467454 0.5340193 -0.08952928
v 0.3830232 0.5191106 -0.05552125
v 0.3190789 0.5177769 -0.06052613
v 0.2500742 0.5461348 -0.1252131
v 0.3830232 0.5191106 -0.05552125
v 0.3467454 0.5340193 -0.08952928
v 0.4509009 0.508181 -0.05220628
v 0.3830232 0.5191106 -0.05552125
v 0.2678519 0.3283423 -0.1591412
v 0.294067 0.3165107 -0.1286871
v 0.3955117 0.279479 -0.09338021
v 0.2678519 0.3283423 -0.1591412
v 0.1553993 0.383616 -0.2164491
v 0.2052634 0.361111 -0.1585242
v 0.294067 0.3165107 -0.1286871
v 0.2678519 0.3283423 -0.1591412
v 0.2052634 0.361111 -0.1585242
v 0.1553993 0.383616 -0.2164491
v 0.06916152 0.4398895 -0.2596952
v 0.1377935 0.4089141 -0.1799682
v 0.2052634 0.361111 -0.1585242
v 0.1553993 0.383616 -0.2164491
v 0.1377935 0.4089141 -0.1799682
v 0.06916152 0.4398895 -0.2596952
v 0.01758011 0.4916544 -0.2846472
v 0.0982619 0.4552406 -0.1909212
v 0.1377935 0.4089141 -0.1799682
v 0.06916152 0.4398895 -0.2596952
v 0.0982619 0.4552406 -0.1909212
v 0.01758011 0.4916544 -0.2846472
v 0.005704212 0.5338436 -0.2888602
v 0.09053806 0.4955558 -0.1903112
v 0.0982619 0.4552406 -0.1909212
v 0.01758011 0.4916544 -0.2846472
v 0.09053806 0.4955558 -0.1903112
v 0.005704212 0.5338436 -0.2888602
v 0.03469633 0.5623272 -0.2719232
v 0.1153781 0.5259134 -0.1781982
v 0.09053806 0.4955558 -0.1903112
v 0.005704212 0.5338436 -0.2888602
v 0.1153781 0.5259134 -0.1781982
v 0.03469633 0.5623272 -0.2719232
v 0.1017184 0.5743172 -0.2354941
v 0.1703505 0.5433418 -0.1557672
v 0.1153781 0.5259134 -0.1781982
v 0.03469633 0.5623272 -0.2719232
v 0.1703505 0.5433418 -0.1557672
v 0.1017184 0.5743172 -0.2354941
v 0.2002101 0.5686398 -0.1831392
v 0.2500742 0.5461348 -0.1252131
v 0.1703505 0.5433418 -0.1557672
v 0.1017184 0.5743172 -0.2354941
v 0.2500742 0.5461348 -0.1252131
v 0.2002101 0.5686398 -0.1831392
v 0.3205303 0.5458508 -0.1199822
v 0.3467454 0.5340193 -0.08952928
v 0.2500742 0.5461348 -0.1252131
v 0.2002101 0.5686398 -0.1831392
v 0.3467454 0.5340193 -0.08952928
v 0.3205303 0.5458508 -0.1199822
v 0.4509009 0.508181 -0.05220628
v 0.3467454 0.5340193 -0.08952928
v 0.2542657 0.3359386 -0.1830581
v 0.2678519 0.3283423 -0.1591412
v 0.3955117 0.279479 -0.09338021
v 0.2542657 0.3359386 -0.1830581
v 0.1295569 0.3980651 -0.2619432
v 0.1553993 0.383616 -0.2164491
v 0.2678519 0.3283423 -0.1591412
v 0.2542657 0.3359386 -0.1830581
v 0.1553993 0.383616 -0.2164491
v 0.1295569 0.3980651 -0.2619432
v 0.03359246 0.4597769 -0.3223122
v 0.06916152 0.4398895 -0.2596952
v 0.1553993 0.383616 -0.2164491
v 0.1295569 0.3980651 -0.2619432
v 0.06916152 0.4398895 -0.2596952
v 0.03359246 0.4597769 -0.3223122
v -0.02423386 0.5150335 -0.3582572
v 0.01758011 0.4916544 -0.2846472
v 0.06916152 0.4398895 -0.2596952
v 0.03359246 0.4597769 -0.3223122
v 0.01758011 0.4916544 -0.2846472
v -0.02423386 0.5150335 -0.3582572
v -0.03826159 0.5584258 -0.3662581
v 0.005704212 0.5338436 -0.2888602
v 0.01758011 0.4916544 -0.2846472
v -0.02423386 0.5150335 -0.3582572
v 0.005704212 0.5338436 -0.2888602
v -0.03826159 0.5584258 -0.3662581
v -0.007117606 0.5857063 -0.3455333
v 0.03469633 0.5623272 -0.2719232
v 0.005704212 0.5338436 -0.2888602
v -0.03826159 0.5584258 -0.3662581
v 0.03469633 0.5623272 -0.2719232
v -0.007117606 0.5857063 -0.3455333
v 0.0661494 0.5942046 -0.2981112
v 0.1017184 0.5743172 -0.2354941
v 0.03469633 0.5623272 -0.2719232
v -0.007117606 0.5857063 -0.3455333
v 0.1017184 0.5743172 -0.2354941
v 0.0661494 0.5942046 -0.2981112
v 0.1743677 0.5830889 -0.2286322
v 0.2002101 0.5686398 -0.1831392
v 0.1017184 0.5743172 -0.2354941
v 0.0661494 0.5942046 -0.2981112
v 0.2002101 0.5686398 -0.1831392
v 0.1743677 0.5830889 -0.2286322
v 0.3069441 0.5534471 -0.1438992
v 0.3205303 0.5458508 -0.1199822
v 0.2002101 0.5686398 -0.1831392
v 0.1743677 0.5830889 -0.2286322
v 0.3205303 0.5458508 -0.1199822
v 0.3069441 0.5534471 -0.1438992
v 0.4509009 0.508181 -0.05220628
v 0.3205303 0.5458508 -0.1199822
v 0.2546384 0.3385561 -0.1980982
v 0.2542657 0.3359386 -0.1830581
v 0.3955117 0.279479 -0.09338021
v 0.2546384 0.3385561 -0.1980982
v 0.1302656 0.4030439 -0.2905512
v 0.1295569 0.3980651 -0.2619432
v 0.2542657 0.3359386 -0.1830581
v 0.2546384 0.3385561 -0.1980982
v 0.1295569 0.3980651 -0.2619432
v 0.1302656 0.4030439 -0.2905512
v 0.034568 0.4666297 -0.3616881
v 0.03359246 0.4597769 -0.3223122
v 0.1295569 0.3980651 -0.2619432
v 0.1302656 0.4030439 -0.2905512
v 0.03359246 0.4597769 -0.3223122
v 0.034568 0.4666297 -0.3616881
v -0.02308709 0.5230894 -0.4045461
v -0.02423386 0.5150335 -0.3582572
v 0.03359246 0.4597769 -0.3223122
v 0.034568 0.4666297 -0.3616881
v -0.02423386 0.5150335 -0.3582572
v -0.02308709 0.5230894 -0.4045461
v -0.03705579 0.5668963 -0.4149302
v -0.03826159 0.5584258 -0.3662581
v -0.02423386 0.5150335 -0.3582572
v -0.02308709 0.5230894 -0.4045461
v -0.03826159 0.5584258 -0.3662581
v -0.03705579 0.5668963 -0.4149302
v -0.005970839 0.5937622 -0.3918232
v -0.007117606 0.5857063 -0.3455333
v -0.03826159 0.5584258 -0.3662581
v -0.03705579 0.5668963 -0.4149302
v -0.007117606 0.5857063 -0.3455333
v -0.005970839 0.5937622 -0.3918232
v 0.06712496 0.6010574 -0.3374872
v 0.0661494 0.5942046 -0.2981112
v -0.007117606 0.5857063 -0.3455333
v -0.005970839 0.5937622 -0.3918232
v 0.0661494 0.5942046 -0.2981112
v 0.06712496 0.6010574 -0.3374872
v 0.1750764 0.5880677 -0.2572412
v 0.1743677 0.5830889 -0.2286322
v 0.0661494 0.5942046 -0.2981112
v 0.06712496 0.6010574 -0.3374872
v 0.1743677 0.5830889 -0.2286322
v 0.1750764 0.5880677 -0.2572412
v 0.3073167 0.5560647 -0.1589402
v 0.3069441 0.5534471 -0.1438992
v 0.1743677 0.5830889 -0.2286322
v 0.1750764 0.5880677 -0.2572412
v 0.3069441 0.5534471 -0.1438992
v 0.3073167 0.5560647 -0.1589402
v 0.4509009 0.508181 -0.05220628
v 0.3069441 0.5534471 -0.1438992
v 0.2689333 0.3359386 -0.2027901
v 0.2546384 0.3385561 -0.1980982
v 0.3955117 0.279479 -0.09338021
v 0.2689333 0.3359386 -0.2027901
v 0.1574563 0.3980651 -0.2994742
v 0.1302656 0.4030439 -0.2905512
v 0.2546384 0.3385561 -0.1980982
v 0.2689333 0.3359386 -0.2027901
v 0.1302656 0.4030439 -0.2905512
v 0.1574563 0.3980651 -0.2994742
v 0.07199271 0.4597769 -0.3739702
v 0.034568 0.4666297 -0.3616881
v 0.1302656 0.4030439 -0.2905512
v 0.1574563 0.3980651 -0.2994742
v 0.034568 0.4666297 -0.3616881
v 0.07199271 0.4597769 -0.3739702
v 0.02090835 0.5150335 -0.4189842
v -0.02308709 0.5230894 -0.4045461
v 0.034568 0.4666297 -0.3616881
v 0.07199271 0.4597769 -0.3739702
v -0.02308709 0.5230894 -0.4045461
v 0.02090835 0.5150335 -0.4189842
v 0.009203762 0.5584258 -0.4301112
v -0.03705579 0.5668963 -0.4149302
v -0.02308709 0.5230894 -0.4045461
v 0.02090835 0.5150335 -0.4189842
v -0.03705579 0.5668963 -0.4149302
v 0.009203762 0.5584258 -0.4301112
v 0.0380246 0.5857063 -0.4062612
v -0.005970839 0.5937622 -0.3918232
v -0.03705579 0.5668963 -0.4149302
v 0.009203762 0.5584258 -0.4301112
v -0.005970839 0.5937622 -0.3918232
v 0.0380246 0.5857063 -0.4062612
v 0.1045496 0.5942046 -0.3497692
v 0.06712496 0.6010574 -0.3374872
v -0.005970839 0.5937622 -0.3918232
v 0.0380246 0.5857063 -0.4062612
v 0.06712496 0.6010574 -0.3374872
v 0.1045496 0.5942046 -0.3497692
v 0.2022671 0.5830889 -0.2661642
v 0.1750764 0.5880677 -0.2572412
v 0.06712496 0.6010574 -0.3374872
v 0.1045496 0.5942046 -0.3497692
v 0.1750764 0.5880677 -0.2572412
v 0.2022671 0.5830889 -0.2661642
v 0.3216117 0.5534471 -0.1636312
v 0.3073167 0.5560647 -0.1589402
v 0.1750764 0.5880677 -0.2572412
v 0.2022671 0.5830889 -0.2661642
v 0.3073167 0.5560647 -0.1589402
v 0.3216117 0.5534471 -0.1636312
v 0.4509009 0.508181 -0.05220628
v 0.3073167 0.5560647 -0.1589402
v 0.2957514 0.3283423 -0.1966722
v 0.2689333 0.3359386 -0.2027901
v 0.3955117 0.279479 -0.09338021
v 0.2957514 0.3283423 -0.1966722
v 0.2084672 0.383616 -0.2878392
v 0.1574563 0.3980651 -0.2994742
v 0.2689333 0.3359386 -0.2027901
v 0.2957514 0.3283423 -0.1966722
v 0.1574563 0.3980651 -0.2994742
v 0.2084672 0.383616 -0.2878392
v 0.1422033 0.4398895 -0.3579552
v 0.07199271 0.4597769 -0.3739702
v 0.1574563 0.3980651 -0.2994742
v 0.2084672 0.383616 -0.2878392
v 0.07199271 0.4597769 -0.3739702
v 0.1422033 0.4398895 -0.3579552
v 0.1034458 0.4916543 -0.4001582
v 0.02090835 0.5150335 -0.4189842
v 0.07199271 0.4597769 -0.3739702
v 0.1422033 0.4398895 -0.3579552
v 0.02090835 0.5150335 -0.4189842
v 0.1034458 0.4916543 -0.4001582
v 0.09598875 0.5338435 -0.4103152
v 0.009203762 0.5584258 -0.4301112
v 0.02090835 0.5150335 -0.4189842
v 0.1034458 0.4916543 -0.4001582
v 0.009203762 0.5584258 -0.4301112
v 0.09598875 0.5338435 -0.4103152
v 0.1205621 0.5623271 -0.3874342
v 0.0380246 0.5857063 -0.4062612
v 0.009203762 0.5584258 -0.4301112
v 0.09598875 0.5338435 -0.4103152
v 0.0380246 0.5857063 -0.4062612
v 0.1205621 0.5623271 -0.3874342
v 0.1747602 0.5743172 -0.3337542
v 0.1045496 0.5942046 -0.3497692
v 0.0380246 0.5857063 -0.4062612
v 0.1205621 0.5623271 -0.3874342
v 0.1045496 0.5942046 -0.3497692
v 0.1747602 0.5743172 -0.3337542
v 0.2532781 0.5686398 -0.2545292
v 0.2022671 0.5830889 -0.2661642
v 0.1045496 0.5942046 -0.3497692
v 0.1747602 0.5743172 -0.3337542
v 0.2022671 0.5830889 -0.2661642
v 0.2532781 0.5686398 -0.2545292
v 0.3484297 0.5458508 -0.1575142
v 0.3216117 0.5534471 -0.1636312
v 0.2022671 0.5830889 -0.2661642
v 0.2532781 0.5686398 -0.2545292
v 0.3216117 0.5534471 -0.1636312
v 0.3484297 0.5458508 -0.1575142
v 0.4509009 0.508181 -0.05220628
v 0.3216117 0.5534471 -0.1636312
v 0.3324674 0.3165107 -0.1803452
v 0.2957514 0.3283423 -0.1966722
v 0.3955117 0.279479 -0.09338021
v 0.3324674 0.3165107 -0.1803452
v 0.2783052 0.361111 -0.2567832
v 0.2084672 0.383616 -0.2878392
v 0.2957514 0.3283423 -0.1966722
v 0.3324674 0.3165107 -0.1803452
v 0.2084672 0.383616 -0.2878392
v 0.2783052 0.361111 -0.2567832
v 0.2383269 0.408914 -0.3152112
v 0.1422033 0.4398895 -0.3579552
v 0.2084672 0.383616 -0.2878392
v 0.2783052 0.361111 -0.2567832
v 0.1422033 0.4398895 -0.3579552
v 0.2383269 0.408914 -0.3152112
v 0.216446 0.4552406 -0.3499092
v 0.1034458 0.4916543 -0.4001582
v 0.1422033 0.4398895 -0.3579552
v 0.2383269 0.408914 -0.3152112
v 0.1034458 0.4916543 -0.4001582
v 0.216446 0.4552406 -0.3499092
v 0.2148042 0.4955558 -0.3574812
v 0.09598875 0.5338435 -0.4103152
v 0.1034458 0.4916543 -0.4001582
v 0.216446 0.4552406 -0.3499092
v 0.09598875 0.5338435 -0.4103152
v 0.2148042 0.4955558 -0.3574812
v 0.2335621 0.5259133 -0.3371851
v 0.1205621 0.5623271 -0.3874342
v 0.09598875 0.5338435 -0.4103152
v 0.2148042 0.4955558 -0.3574812
v 0.1205621 0.5623271 -0.3874342
v 0.2335621 0.5259133 -0.3371851
v 0.2708839 0.5433417 -0.2910092
v 0.1747602 0.5743172 -0.3337542
v 0.1205621 0.5623271 -0.3874342
v 0.2335621 0.5259133 -0.3371851
v 0.1747602 0.5743172 -0.3337542
v 0.2708839 0.5433417 -0.2910092
v 0.323116 0.5461348 -0.2234732
v 0.2532781 0.5686398 -0.2545292
v 0.1747602 0.5743172 -0.3337542
v 0.2708839 0.5433417 -0.2910092
v 0.2532781 0.5686398 -0.2545292
v 0.323116 0.5461348 -0.2234732
v 0.3851456 0.5340192 -0.1411872
v 0.3484297 0.5458508 -0.1575142
v 0.2532781 0.5686398 -0.2545292
v 0.323116 0.5461348 -0.2234732
v 0.3484297 0.5458508 -0.1575142
v 0.3851456 0.5340192 -0.1411872
v 0.4509009 0.508181 -0.05220628
v 0.3484297 0.5458508 -0.1575142
v 0.3754872 0.3016021 -0.1554072
v 0.3324674 0.3165107 -0.1803452
v 0.3955117 0.279479 -0.09338021
v 0.3754872 0.3016021 -0.1554072
v 0.3601337 0.3327531 -0.2093482
v 0.2783052 0.361111 -0.2567832
v 0.3324674 0.3165107 -0.1803452
v 0.3754872 0.3016021 -0.1554072
v 0.2783052 0.361111 -0.2567832
v 0.3601337 0.3327531 -0.2093482
v 0.3509542 0.3698827 -0.2499222
v 0.2383269 0.408914 -0.3152112
v 0.2783052 0.361111 -0.2567832
v 0.3601337 0.3327531 -0.2093482
v 0.2383269 0.408914 -0.3152112
v 0.3509542 0.3698827 -0.2499222
v 0.3488474 0.4093565 -0.2731572
v 0.216446 0.4552406 -0.3499092
v 0.2383269 0.408914 -0.3152112
v 0.3509542 0.3698827 -0.2499222
v 0.216446 0.4552406 -0.3499092
v 0.3488474 0.4093565 -0.2731572
v 0.3540192 0.4473104 -0.2767792
v 0.2148042 0.4955558 -0.3574812
v 0.216446 0.4552406 -0.3499092
v 0.3488474 0.4093565 -0.2731572
v 0.2148042 0.4955558 -0.3574812
v 0.3540192 0.4473104 -0.2767792
v 0.3659635 0.4800293 -0.2604332
v 0.2335621 0.5259133 -0.3371851
v 0.2148042 0.4955558 -0.3574812
v 0.3540192 0.4473104 -0.2767792
v 0.2335621 0.5259133 -0.3371851
v 0.3659635 0.4800293 -0.2604332
v 0.3835112 0.5043104 -0.2257202
v 0.2708839 0.5433417 -0.2910092
v 0.2335621 0.5259133 -0.3371851
v 0.3659635 0.4800293 -0.2604332
v 0.2708839 0.5433417 -0.2910092
v 0.3835112 0.5043104 -0.2257202
v 0.4049445 0.5177769 -0.1760381
v 0.323116 0.5461348 -0.2234732
v 0.2708839 0.5433417 -0.2910092
v 0.3835112 0.5043104 -0.2257202
v 0.323116 0.5461348 -0.2234732
v 0.4049445 0.5177769 -0.1760381
v 0.4281654 0.5191106 -0.1162491
v 0.3851456 0.5340192 -0.1411872
v 0.323116 0.5461348 -0.2234732
v 0.4049445 0.5177769 -0.1760381
v 0.3851456 0.5340192 -0.1411872
v 0.4281654 0.5191106 -0.1162491
v 0.4509009 0.508181 -0.05220628
v 0.3851456 0.5340192 -0.1411872
v 0.4205999 0.2850757 -0.1242993
v 0.3754872 0.3016021 -0.1554072
v 0.3955117 0.279479 -0.09338021
v 0.4205999 0.2850757 -0.1242993
v 0.4459431 0.3013181 -0.1501762
v 0.3601337 0.3327531 -0.2093482
v 0.3754872 0.3016021 -0.1554072
v 0.4205999 0.2850757 -0.1242993
v 0.3601337 0.3327531 -0.2093482
v 0.4459431 0.3013181 -0.1501762
v 0.4690607 0.3266162 -0.1684783
v 0.3509542 0.3698827 -0.2499222
v 0.3601337 0.3327531 -0.2093482
v 0.4459431 0.3013181 -0.1501762
v 0.3509542 0.3698827 -0.2499222
v 0.4690607 0.3266162 -0.1684783
v 0.4876898 0.3584936 -0.1774142
v 0.3488474 0.4093565 -0.2731572
v 0.3509542 0.3698827 -0.2499222
v 0.4690607 0.3266162 -0.1684783
v 0.3488474 0.4093565 -0.2731572
v 0.4876898 0.3584936 -0.1774142
v 0.5000068 0.39383 -0.1761092
v 0.3540192 0.4473104 -0.2767792
v 0.3488474 0.4093565 -0.2731572
v 0.4876898 0.3584936 -0.1774142
v 0.3540192 0.4473104 -0.2767792
v 0.5000068 0.39383 -0.1761092
v 0.504806 0.4291664 -0.1646912
v 0.3659635 0.4800293 -0.2604332
v 0.3540192 0.4473104 -0.2767792
v 0.5000068 0.39383 -0.1761092
v 0.3659635 0.4800293 -0.2604332
v 0.504806 0.4291664 -0.1646912
v 0.5016177 0.4610438 -0.1442772
v 0.3835112 0.5043104 -0.2257202
v 0.3659635 0.4800293 -0.2604332
v 0.504806 0.4291664 -0.1646912
v 0.3835112 0.5043104 -0.2257202
v 0.5016177 0.4610438 -0.1442772
v 0.4907539 0.4863419 -0.1168661
v 0.4049445 0.5177769 -0.1760381
v 0.3835112 0.5043104 -0.2257202
v 0.5016177 0.4610438 -0.1442772
v 0.4049445 0.5177769 -0.1760381
v 0.4907539 0.4863419 -0.1168661
v 0.4732781 0.5025843 -0.08514023
v 0.4281654 0.5191106 -0.1162491
v 0.4049445 0.5177769 -0.1760381
v 0.4907539 0.4863419 -0.1168661
v 0.4281654 0.5191106 -0.1162491
v 0.4732781 0.5025843 -0.08514023
v 0.4509009 0.508181 -0.05220628
v 0.4281654 0.5191106 -0.1162491
v -0.3745479 0.2894191 -0.05925012
v -0.3292859 0.3058605 -0.09018731
v -0.3505396 0.2974272 -0.1232603
v -0.3745479 0.2894191 -0.05925012
v -0.3993986 0.2933707 -0.0002372265
v -0.3133054 0.3246443 -0.05908227
v -0.3292859 0.3058605 -0.09018731
v -0.3745479 0.2894191 -0.05925012
v -0.3133054 0.3246443 -0.05908227
v -0.3993986 0.2933707 -0.0002372265
v -0.4226594 0.3088954 0.04800177
v -0.3041622 0.3519398 -0.03299117
v -0.3133054 0.3246443 -0.05908227
v -0.3993986 0.2933707 -0.0002372265
v -0.3041622 0.3519398 -0.03299117
v -0.4226594 0.3088954 0.04800177
v -0.4420532 0.3344735 0.08074474
v -0.3027514 0.3850752 -0.01446724
v -0.3041622 0.3519398 -0.03299117
v -0.4226594 0.3088954 0.04800177
v -0.3027514 0.3850752 -0.01446724
v -0.4420532 0.3344735 0.08074474
v -0.4556816 0.3676011 0.09478784
v -0.309211 0.4208069 -0.005324125
v -0.3027514 0.3850752 -0.01446724
v -0.4420532 0.3344735 0.08074474
v -0.309211 0.4208069 -0.005324125
v -0.4556816 0.3676011 0.09478784
v -0.4622107 0.4050356 0.08875489
v -0.3229088 0.4556373 -0.00645709
v -0.309211 0.4208069 -0.005324125
v -0.4556816 0.3676011 0.09478784
v -0.3229088 0.4556373 -0.00645709
v -0.4622107 0.4050356 0.08875489
v -0.4610012 0.4431126 0.06323671
v -0.3425039 0.486157 -0.01775622
v -0.3229088 0.4556373 -0.00645709
v -0.4622107 0.4050356 0.08875489
v -0.3425039 0.486157 -0.01775622
v -0.4610012 0.4431126 0.06323671
v -0.4521715 0.4781048 0.02073193
v -0.3660782 0.5093784 -0.03811312
v -0.3425039 0.486157 -0.01775622
v -0.4610012 0.4431126 0.06323671
v -0.3660782 0.5093784 -0.03811312
v -0.4521715 0.4781048 0.02073193
v -0.436586 0.506587 -0.03460026
v -0.3913242 0.5230286 -0.06553626
v -0.3660782 0.5093784 -0.03811312
v -0.4521715 0.4781048 0.02073193
v -0.3913242 0.5230286 -0.06553626
v -0.436586 0.506587 -0.03460026
v -0.4157704 0.5257711 -0.0973413
v -0.3913242 0.5230286 -0.06553626
v -0.4176159 0.2743084 -0.03451824
v -0.3745479 0.2894191 -0.05925012
v -0.3505396 0.2974272 -0.1232603
v -0.4176159 0.2743084 -0.03451824
v -0.481319 0.2646286 0.04680681
v -0.3993986 0.2933707 -0.0002372265
v -0.3745479 0.2894191 -0.05925012
v -0.4176159 0.2743084 -0.03451824
v -0.3993986 0.2933707 -0.0002372265
v -0.481319 0.2646286 0.04680681
v -0.5354131 0.2693353 0.1127529
v -0.4226594 0.3088954 0.04800177
v -0.3993986 0.2933707 -0.0002372265
v -0.481319 0.2646286 0.04680681
v -0.4226594 0.3088954 0.04800177
v -0.5354131 0.2693353 0.1127529
v -0.5746032 0.2879678 0.1568637
v -0.4420532 0.3344735 0.08074474
v -0.4226594 0.3088954 0.04800177
v -0.5354131 0.2693353 0.1127529
v -0.4420532 0.3344735 0.08074474
v -0.5746032 0.2879678 0.1568637
v -0.5950529 0.3187022 0.1748238
v -0.4556816 0.3676011 0.09478784
v -0.4420532 0.3344735 0.08074474
v -0.5746032 0.2879678 0.1568637
v -0.4556816 0.3676011 0.09478784
v -0.5950529 0.3187022 0.1748238
v -0.5947606 0.35853 0.1648738
v -0.4622107 0.4050356 0.08875489
v -0.4556816 0.3676011 0.09478784
v -0.5950529 0.3187022 0.1748238
v -0.4622107 0.4050356 0.08875489
v -0.5947606 0.35853 0.1648738
v -0.5737549 0.4035525 0.1279879
v -0.4610012 0.4431126 0.06323671
v -0.4622107 0.4050356 0.08875489
v -0.5947606 0.35853 0.1648738
v -0.4610012 0.4431126 0.06323671
v -0.5737549 0.4035525 0.1279879
v -0.5340919 0.4493628 0.06777573
v -0.4521715 0.4781048 0.02073193
v -0.4610012 0.4431126 0.06323671
v -0.5737549 0.4035525 0.1279879
v -0.4521715 0.4781048 0.02073193
v -0.5340919 0.4493628 0.06777573
v -0.4796541 0.4914765 -0.009867191
v -0.436586 0.506587 -0.03460026
v -0.4521715 0.4781048 0.02073193
v -0.5340919 0.4493628 0.06777573
v -0.436586 0.506587 -0.03460026
v -0.4796541 0.4914765 -0.009867191
v -0.4157704 0.5257711 -0.0973413
v -0.436586 0.506587 -0.03460026
v -0.4542744 0.2620078 -0.01841021
v -0.4176159 0.2743084 -0.03451824
v -0.3505396 0.2974272 -0.1232603
v -0.4542744 0.2620078 -0.01841021
v -0.5510475 0.2412315 0.07744575
v -0.481319 0.2646286 0.04680681
v -0.4176159 0.2743084 -0.03451824
v -0.4542744 0.2620078 -0.01841021
v -0.481319 0.2646286 0.04680681
v -0.5510475 0.2412315 0.07744575
v -0.6313862 0.2371319 0.1549239
v -0.5354131 0.2693353 0.1127529
v -0.481319 0.2646286 0.04680681
v -0.5510475 0.2412315 0.07744575
v -0.5354131 0.2693353 0.1127529
v -0.6313862 0.2371319 0.1549239
v -0.6874263 0.2501105 0.2064397
v -0.5746032 0.2879678 0.1568637
v -0.5354131 0.2693353 0.1127529
v -0.6313862 0.2371319 0.1549239
v -0.5746032 0.2879678 0.1568637
v -0.6874263 0.2501105 0.2064397
v -0.7136821 0.2788966 0.2269509
v -0.5950529 0.3187022 0.1748238
v -0.5746032 0.2879678 0.1568637
v -0.6874263 0.2501105 0.2064397
v -0.5950529 0.3187022 0.1748238
v -0.7136821 0.2788966 0.2269509
v -0.7075837 0.3206726 0.2144487
v -0.5947606 0.35853 0.1648738
v -0.5950529 0.3187022 0.1748238
v -0.7136821 0.2788966 0.2269509
v -0.5947606 0.35853 0.1648738
v -0.7075837 0.3206726 0.2144487
v -0.6697279 0.3713491 0.1701589
v -0.5737549 0.4035525 0.1279879
v -0.5947606 0.35853 0.1648738
v -0.7075837 0.3206726 0.2144487
v -0.5737549 0.4035525 0.1279879
v -0.6697279 0.3713491 0.1701589
v -0.6038203 0.4259656 0.0984149
v -0.5340919 0.4493628 0.06777573
v -0.5737549 0.4035525 0.1279879
v -0.6697279 0.3713491 0.1701589
v -0.5340919 0.4493628 0.06777573
v -0.6038203 0.4259656 0.0984149
v -0.5163125 0.4791759 0.006240845
v -0.4796541 0.4914765 -0.009867191
v -0.5340919 0.4493628 0.06777573
v -0.6038203 0.4259656 0.0984149
v -0.4796541 0.4914765 -0.009867191
v -0.5163125 0.4791759 0.006240845
v -0.4157704 0.5257711 -0.0973413
v -0.4796541 0.4914765 -0.009867191
v -0.4809348 0.2537213 -0.01250315
v -0.4542744 0.2620078 -0.01841021
v -0.3505396 0.2974272 -0.1232603
v -0.4809348 0.2537213 -0.01250315
v -0.6017586 0.2254697 0.08868074
v -0.5510475 0.2412315 0.07744575
v -0.4542744 0.2620078 -0.01841021
v -0.4809348 0.2537213 -0.01250315
v -0.5510475 0.2412315 0.07744575
v -0.6017586 0.2254697 0.08868074
v -0.7011841 0.2154376 0.1703868
v -0.6313862 0.2371319 0.1549239
v -0.5510475 0.2412315 0.07744575
v -0.6017586 0.2254697 0.08868074
v -0.6313862 0.2371319 0.1549239
v -0.7011841 0.2154376 0.1703868
v -0.7694785 0.2246072 0.2246177
v -0.6874263 0.2501105 0.2064397
v -0.6313862 0.2371319 0.1549239
v -0.7011841 0.2154376 0.1703868
v -0.6874263 0.2501105 0.2064397
v -0.7694785 0.2246072 0.2246177
v -0.799957 0.2520809 0.2460637
v -0.7136821 0.2788966 0.2269509
v -0.6874263 0.2501105 0.2064397
v -0.7694785 0.2246072 0.2246177
v -0.7136821 0.2788966 0.2269509
v -0.799957 0.2520809 0.2460637
v -0.789636 0.2951694 0.2326269
v -0.7075837 0.3206726 0.2144487
v -0.7136821 0.2788966 0.2269509
v -0.799957 0.2520809 0.2460637
v -0.7075837 0.3206726 0.2144487
v -0.789636 0.2951694 0.2326269
v -0.7395258 0.3496548 0.1856217
v -0.6697279 0.3713491 0.1701589
v -0.7075837 0.3206726 0.2144487
v -0.789636 0.2951694 0.2326269
v -0.6697279 0.3713491 0.1701589
v -0.7395258 0.3496548 0.1856217
v -0.6545314 0.4102038 0.1096499
v -0.6038203 0.4259656 0.0984149
v -0.6697279 0.3713491 0.1701589
v -0.7395258 0.3496548 0.1856217
v -0.6038203 0.4259656 0.0984149
v -0.6545314 0.4102038 0.1096499
v -0.5429729 0.4708894 0.01214671
v -0.5163125 0.4791759 0.006240845
v -0.6038203 0.4259656 0.0984149
v -0.6545314 0.4102038 0.1096499
v -0.5163125 0.4791759 0.006240845
v -0.5429729 0.4708894 0.01214671
v -0.4157704 0.5257711 -0.0973413
v -0.5163125 0.4791759 0.006240845
v -0.4949874 0.2502601 -0.01737618
v -0.4809348 0.2537213 -0.01250315
v -0.3505396 0.2974272 -0.1232603
v -0.4949874 0.2502601 -0.01737618
v -0.6284884 0.2188859 0.07941175
v -0.6017586 0.2254697 0.08868074
v -0.4809348 0.2537213 -0.01250315
v -0.4949874 0.2502601 -0.01737618
v -0.6017586 0.2254697 0.08868074
v -0.6284884 0.2188859 0.07941175
v -0.7379745 0.2063758 0.1576288
v -0.7011841 0.2154376 0.1703868
v -0.6017586 0.2254697 0.08868074
v -0.6284884 0.2188859 0.07941175
v -0.7011841 0.2154376 0.1703868
v -0.7379745 0.2063758 0.1576288
v -0.8127282 0.2139545 0.2096198
v -0.7694785 0.2246072 0.2246177
v -0.7011841 0.2154376 0.1703868
v -0.7379745 0.2063758 0.1576288
v -0.7694785 0.2246072 0.2246177
v -0.8127282 0.2139545 0.2096198
v -0.8454324 0.24088 0.2302947
v -0.799957 0.2520809 0.2460637
v -0.7694785 0.2246072 0.2246177
v -0.8127282 0.2139545 0.2096198
v -0.799957 0.2520809 0.2460637
v -0.8454324 0.24088 0.2302947
v -0.8328856 0.2845167 0.2176299
v -0.789636 0.2951694 0.2326269
v -0.799957 0.2520809 0.2460637
v -0.8454324 0.24088 0.2302947
v -0.789636 0.2951694 0.2326269
v -0.8328856 0.2845167 0.2176299
v -0.7763162 0.340593 0.1728637
v -0.7395258 0.3496548 0.1856217
v -0.789636 0.2951694 0.2326269
v -0.8328856 0.2845167 0.2176299
v -0.7395258 0.3496548 0.1856217
v -0.7763162 0.340593 0.1728637
v -0.6812613 0.40362 0.1003809
v -0.6545314 0.4102038 0.1096499
v -0.7395258 0.3496548 0.1856217
v -0.7763162 0.340593 0.1728637
v -0.6545314 0.4102038 0.1096499
v -0.6812613 0.40362 0.1003809
v -0.5570256 0.4674281 0.007273912
v -0.5429729 0.4708894 0.01214671
v -0.6545314 0.4102038 0.1096499
v -0.6812613 0.40362 0.1003809
v -0.5429729 0.4708894 0.01214671
v -0.5570256 0.4674281 0.007273912
v -0.4157704 0.5257711 -0.0973413
v -0.5429729 0.4708894 0.01214671
v -0.4950568 0.2519628 -0.03255224
v -0.4949874 0.2502601 -0.01737618
v -0.3505396 0.2974272 -0.1232603
v -0.4950568 0.2519628 -0.03255224
v -0.6286203 0.2221248 0.05054569
v -0.6284884 0.2188859 0.07941175
v -0.4949874 0.2502601 -0.01737618
v -0.4950568 0.2519628 -0.03255224
v -0.6284884 0.2188859 0.07941175
v -0.6286203 0.2221248 0.05054569
v -0.738156 0.2108337 0.1178987
v -0.7379745 0.2063758 0.1576288
v -0.6284884 0.2188859 0.07941175
v -0.6286203 0.2221248 0.05054569
v -0.7379745 0.2063758 0.1576288
v -0.738156 0.2108337 0.1178987
v -0.8129417 0.2191951 0.1629138
v -0.8127282 0.2139545 0.2096198
v -0.7379745 0.2063758 0.1576288
v -0.738156 0.2108337 0.1178987
v -0.8127282 0.2139545 0.2096198
v -0.8129417 0.2191951 0.1629138
v -0.8456568 0.2463903 0.1811848
v -0.8454324 0.24088 0.2302947
v -0.8127282 0.2139545 0.2096198
v -0.8129417 0.2191951 0.1629138
v -0.8454324 0.24088 0.2302947
v -0.8456568 0.2463903 0.1811848
v -0.8330991 0.2897572 0.1709237
v -0.8328856 0.2845167 0.2176299
v -0.8454324 0.24088 0.2302947
v -0.8456568 0.2463903 0.1811848
v -0.8328856 0.2845167 0.2176299
v -0.8330991 0.2897572 0.1709237
v -0.7764978 0.3450509 0.1331339
v -0.7763162 0.340593 0.1728637
v -0.8328856 0.2845167 0.2176299
v -0.8330991 0.2897572 0.1709237
v -0.7763162 0.340593 0.1728637
v -0.7764978 0.3450509 0.1331339
v -0.6813932 0.4068589 0.07151484
v -0.6812613 0.40362 0.1003809
v -0.7763162 0.340593 0.1728637
v -0.7764978 0.3450509 0.1331339
v -0.6812613 0.40362 0.1003809
v -0.6813932 0.4068589 0.07151484
v -0.557095 0.4691309 -0.007901192
v -0.5570256 0.4674281 0.007273912
v -0.6812613 0.40362 0.1003809
v -0.6813932 0.4068589 0.07151484
v -0.5570256 0.4674281 0.007273912
v -0.557095 0.4691309 -0.007901192
v -0.4157704 0.5257711 -0.0973413
v -0.5570256 0.4674281 0.007273912
v -0.4811361 0.2586629 -0.05654526
v -0.4950568 0.2519628 -0.03255224
v -0.3505396 0.2974272 -0.1232603
v -0.4811361 0.2586629 -0.05654526
v -0.6021416 0.2348691 0.0049088
v -0.6286203 0.2221248 0.05054569
v -0.4950568 0.2519628 -0.03255224
v -0.4811361 0.2586629 -0.05654526
v -0.6286203 0.2221248 0.05054569
v -0.6021416 0.2348691 0.0049088
v -0.7017111 0.2283749 0.05508471
v -0.738156 0.2108337 0.1178987
v -0.6286203 0.2221248 0.05054569
v -0.6021416 0.2348691 0.0049088
v -0.738156 0.2108337 0.1178987
v -0.7017111 0.2283749 0.05508471
v -0.7700981 0.2398159 0.08907175
v -0.8129417 0.2191951 0.1629138
v -0.738156 0.2108337 0.1178987
v -0.7017111 0.2283749 0.05508471
v -0.8129417 0.2191951 0.1629138
v -0.7700981 0.2398159 0.08907175
v -0.8006085 0.2680723 0.1035428
v -0.8456568 0.2463903 0.1811848
v -0.8129417 0.2191951 0.1629138
v -0.7700981 0.2398159 0.08907175
v -0.8456568 0.2463903 0.1811848
v -0.8006085 0.2680723 0.1035428
v -0.7902555 0.3103781 0.0970819
v -0.8330991 0.2897572 0.1709237
v -0.8456568 0.2463903 0.1811848
v -0.8006085 0.2680723 0.1035428
v -0.8330991 0.2897572 0.1709237
v -0.7902555 0.3103781 0.0970819
v -0.7400528 0.3625921 0.07031989
v -0.7764978 0.3450509 0.1331339
v -0.8330991 0.2897572 0.1709237
v -0.7902555 0.3103781 0.0970819
v -0.7764978 0.3450509 0.1331339
v -0.7400528 0.3625921 0.07031989
v -0.6549144 0.4196033 0.02587771
v -0.6813932 0.4068589 0.07151484
v -0.7764978 0.3450509 0.1331339
v -0.7400528 0.3625921 0.07031989
v -0.6813932 0.4068589 0.07151484
v -0.6549144 0.4196033 0.02587771
v -0.5431742 0.475831 -0.03189421
v -0.557095 0.4691309 -0.007901192
v -0.6813932 0.4068589 0.07151484
v -0.6549144 0.4196033 0.02587771
v -0.557095 0.4691309 -0.007901192
v -0.5431742 0.475831 -0.03189421
v -0.4157704 0.5257711 -0.0973413
v -0.557095 0.4691309 -0.007901192
v -0.4545879 0.2697046 -0.08700609
v -0.4811361 0.2586629 -0.05654526
v -0.3505396 0.2974272 -0.1232603
v -0.4545879 0.2697046 -0.08700609
v -0.5516439 0.2558716 -0.05303216
v -0.6021416 0.2348691 0.0049088
v -0.4811361 0.2586629 -0.05654526
v -0.4545879 0.2697046 -0.08700609
v -0.6021416 0.2348691 0.0049088
v -0.5516439 0.2558716 -0.05303216
v -0.6322071 0.2572823 -0.02466321
v -0.7017111 0.2283749 0.05508471
v -0.6021416 0.2348691 0.0049088
v -0.5516439 0.2558716 -0.05303216
v -0.7017111 0.2283749 0.05508471
v -0.6322071 0.2572823 -0.02466321
v -0.6883911 0.2737986 -0.004678249
v -0.7700981 0.2398159 0.08907175
v -0.7017111 0.2283749 0.05508471
v -0.6322071 0.2572823 -0.02466321
v -0.7700981 0.2398159 0.08907175
v -0.6883911 0.2737986 -0.004678249
v -0.7146967 0.3038038 0.00496769
v -0.8006085 0.2680723 0.1035428
v -0.7700981 0.2398159 0.08907175
v -0.6883911 0.2737986 -0.004678249
v -0.8006085 0.2680723 0.1035428
v -0.7146967 0.3038038 0.00496769
v -0.7085486 0.3443607 0.003330708
v -0.7902555 0.3103781 0.0970819
v -0.8006085 0.2680723 0.1035428
v -0.7146967 0.3038038 0.00496769
v -0.7902555 0.3103781 0.0970819
v -0.7085486 0.3443607 0.003330708
v -0.6705488 0.3914995 -0.009429216
v -0.7400528 0.3625921 0.07031989
v -0.7902555 0.3103781 0.0970819
v -0.7085486 0.3443607 0.003330708
v -0.7400528 0.3625921 0.07031989
v -0.6705488 0.3914995 -0.009429216
v -0.6044167 0.4406057 -0.03206325
v -0.6549144 0.4196033 0.02587771
v -0.7400528 0.3625921 0.07031989
v -0.6705488 0.3914995 -0.009429216
v -0.6549144 0.4196033 0.02587771
v -0.6044167 0.4406057 -0.03206325
v -0.5166261 0.4868726 -0.06235528
v -0.5431742 0.475831 -0.03189421
v -0.6549144 0.4196033 0.02587771
v -0.6044167 0.4406057 -0.03206325
v -0.5431742 0.475831 -0.03189421
v -0.5166261 0.4868726 -0.06235528
v -0.4157704 0.5257711 -0.0973413
v -0.5431742 0.475831 -0.03189421
v -0.418011 0.2840069 -0.1209543
v -0.4545879 0.2697046 -0.08700609
v -0.3505396 0.2974272 -0.1232603
v -0.418011 0.2840069 -0.1209543
v -0.4820705 0.2830762 -0.1176052
v -0.5516439 0.2558716 -0.05303216
v -0.4545879 0.2697046 -0.08700609
v -0.418011 0.2840069 -0.1209543
v -0.5516439 0.2558716 -0.05303216
v -0.4820705 0.2830762 -0.1176052
v -0.5364474 0.2947262 -0.1135411
v -0.6322071 0.2572823 -0.02466321
v -0.5516439 0.2558716 -0.05303216
v -0.4820705 0.2830762 -0.1176052
v -0.6322071 0.2572823 -0.02466321
v -0.5364474 0.2947262 -0.1135411
v -0.5758191 0.3178166 -0.1091592
v -0.6883911 0.2737986 -0.004678249
v -0.6322071 0.2572823 -0.02466321
v -0.5364474 0.2947262 -0.1135411
v -0.6883911 0.2737986 -0.004678249
v -0.5758191 0.3178166 -0.1091592
v -0.5963314 0.350087 -0.1048901
v -0.7146967 0.3038038 0.00496769
v -0.6883911 0.2737986 -0.004678249
v -0.5758191 0.3178166 -0.1091592
v -0.7146967 0.3038038 0.00496769
v -0.5963314 0.350087 -0.1048901
v -0.5959765 0.3883787 -0.1011503
v -0.7085486 0.3443607 0.003330708
v -0.7146967 0.3038038 0.00496769
v -0.5963314 0.350087 -0.1048901
v -0.7085486 0.3443607 0.003330708
v -0.5959765 0.3883787 -0.1011503
v -0.5747892 0.4289434 -0.09830618
v -0.6705488 0.3914995 -0.009429216
v -0.7085486 0.3443607 0.003330708
v -0.5959765 0.3883787 -0.1011503
v -0.6705488 0.3914995 -0.009429216
v -0.5747892 0.4289434 -0.09830618
v -0.5348433 0.4678103 -0.0966363
v -0.6044167 0.4406057 -0.03206325
v -0.6705488 0.3914995 -0.009429216
v -0.5747892 0.4289434 -0.09830618
v -0.6044167 0.4406057 -0.03206325
v -0.5348433 0.4678103 -0.0966363
v -0.4800492 0.5011749 -0.09630418
v -0.5166261 0.4868726 -0.06235528
v -0.6044167 0.4406057 -0.03206325
v -0.5348433 0.4678103 -0.0966363
v -0.5166261 0.4868726 -0.06235528
v -0.4800492 0.5011749 -0.09630418
v -0.4157704 0.5257711 -0.0973413
v -0.5166261 0.4868726 -0.06235528
v -0.3749858 0.3001699 -0.1550663
v -0.418011 0.2840069 -0.1209543
v -0.3505396 0.2974272 -0.1232603
v -0.3749858 0.3001699 -0.1550663
v -0.4002317 0.31382 -0.1824892
v -0.4820705 0.2830762 -0.1176052
v -0.418011 0.2840069 -0.1209543
v -0.3749858 0.3001699 -0.1550663
v -0.4820705 0.2830762 -0.1176052
v -0.4002317 0.31382 -0.1824892
v -0.423806 0.3370414 -0.2028462
v -0.5364474 0.2947262 -0.1135411
v -0.4820705 0.2830762 -0.1176052
v -0.4002317 0.31382 -0.1824892
v -0.5364474 0.2947262 -0.1135411
v -0.423806 0.3370414 -0.2028462
v -0.4434011 0.3675611 -0.2141442
v -0.5758191 0.3178166 -0.1091592
v -0.5364474 0.2947262 -0.1135411
v -0.423806 0.3370414 -0.2028462
v -0.5758191 0.3178166 -0.1091592
v -0.4434011 0.3675611 -0.2141442
v -0.4570989 0.4023915 -0.2152772
v -0.5963314 0.350087 -0.1048901
v -0.5758191 0.3178166 -0.1091592
v -0.4434011 0.3675611 -0.2141442
v -0.5963314 0.350087 -0.1048901
v -0.4570989 0.4023915 -0.2152772
v -0.4635586 0.4381232 -0.2061352
v -0.5959765 0.3883787 -0.1011503
v -0.5963314 0.350087 -0.1048901
v -0.4570989 0.4023915 -0.2152772
v -0.5959765 0.3883787 -0.1011503
v -0.4635586 0.4381232 -0.2061352
v -0.4621477 0.4712586 -0.1876112
v -0.5747892 0.4289434 -0.09830618
v -0.5959765 0.3883787 -0.1011503
v -0.4635586 0.4381232 -0.2061352
v -0.5747892 0.4289434 -0.09830618
v -0.4621477 0.4712586 -0.1876112
v -0.4530046 0.4985541 -0.1615202
v -0.5348433 0.4678103 -0.0966363
v -0.5747892 0.4289434 -0.09830618
v -0.4621477 0.4712586 -0.1876112
v -0.5348433 0.4678103 -0.0966363
v -0.4530046 0.4985541 -0.1615202
v -0.437024 0.5173379 -0.1304152
v -0.4800492 0.5011749 -0.09630418
v -0.5348433 0.4678103 -0.0966363
v -0.4530046 0.4985541 -0.1615202
v -0.4800492 0.5011749 -0.09630418
v -0.437024 0.5173379 -0.1304152
v -0.4157704 0.5257711 -0.0973413
v -0.4800492 0.5011749 -0.09630418
v -0.3297239 0.3166114 -0.1860021
v -0.3749858 0.3001699 -0.1550663
v -0.3505396 0.2974272 -0.1232603
v -0.3297239 0.3166114 -0.1860021
v -0.3141384 0.3450936 -0.2413332
v -0.4002317 0.31382 -0.1824892
v -0.3749858 0.3001699 -0.1550663
v -0.3297239 0.3166114 -0.1860021
v -0.4002317 0.31382 -0.1824892
v -0.3141384 0.3450936 -0.2413332
v -0.3053088 0.3800858 -0.2838382
v -0.423806 0.3370414 -0.2028462
v -0.4002317 0.31382 -0.1824892
v -0.3141384 0.3450936 -0.2413332
v -0.423806 0.3370414 -0.2028462
v -0.3053088 0.3800858 -0.2838382
v -0.3040993 0.4181628 -0.3093562
v -0.4434011 0.3675611 -0.2141442
v -0.423806 0.3370414 -0.2028462
v -0.3053088 0.3800858 -0.2838382
v -0.4434011 0.3675611 -0.2141442
v -0.3040993 0.4181628 -0.3093562
v -0.3106282 0.4555973 -0.3153892
v -0.4570989 0.4023915 -0.2152772
v -0.4434011 0.3675611 -0.2141442
v -0.3040993 0.4181628 -0.3093562
v -0.4570989 0.4023915 -0.2152772
v -0.3106282 0.4555973 -0.3153892
v -0.3242567 0.4887249 -0.3013471
v -0.4635586 0.4381232 -0.2061352
v -0.4570989 0.4023915 -0.2152772
v -0.3106282 0.4555973 -0.3153892
v -0.4635586 0.4381232 -0.2061352
v -0.3242567 0.4887249 -0.3013471
v -0.3436505 0.514303 -0.2686032
v -0.4621477 0.4712586 -0.1876112
v -0.4635586 0.4381232 -0.2061352
v -0.3242567 0.4887249 -0.3013471
v -0.4621477 0.4712586 -0.1876112
v -0.3436505 0.514303 -0.2686032
v -0.3669113 0.5298277 -0.2203642
v -0.4530046 0.4985541 -0.1615202
v -0.4621477 0.4712586 -0.1876112
v -0.3436505 0.514303 -0.2686032
v -0.4530046 0.4985541 -0.1615202
v -0.3669113 0.5298277 -0.2203642
v -0.3917621 0.5337793 -0.1613512
v -0.437024 0.5173379 -0.1304152
v -0.4530046 0.4985541 -0.1615202
v -0.3669113 0.5298277 -0.2203642
v -0.437024 0.5173379 -0.1304152
v -0.3917621 0.5337793 -0.1613512
v -0.4157704 0.5257711 -0.0973413
v -0.437024 0.5173379 -0.1304152
v -0.2866558 0.331722 -0.2107352
v -0.3297239 0.3166114 -0.1860021
v -0.3505396 0.2974272 -0.1232603
v -0.2866558 0.331722 -0.2107352
v -0.232218 0.3738357 -0.2883782
v -0.3141384 0.3450936 -0.2413332
v -0.3297239 0.3166114 -0.1860021
v -0.2866558 0.331722 -0.2107352
v -0.3141384 0.3450936 -0.2413332
v -0.232218 0.3738357 -0.2883782
v -0.192555 0.4196459 -0.3485892
v -0.3053088 0.3800858 -0.2838382
v -0.3141384 0.3450936 -0.2413332
v -0.232218 0.3738357 -0.2883782
v -0.3053088 0.3800858 -0.2838382
v -0.192555 0.4196459 -0.3485892
v -0.1715492 0.4646685 -0.3854762
v -0.3040993 0.4181628 -0.3093562
v -0.3053088 0.3800858 -0.2838382
v -0.192555 0.4196459 -0.3485892
v -0.3040993 0.4181628 -0.3093562
v -0.1715492 0.4646685 -0.3854762
v -0.1712569 0.5044963 -0.3954262
v -0.3106282 0.4555973 -0.3153892
v -0.3040993 0.4181628 -0.3093562
v -0.1715492 0.4646685 -0.3854762
v -0.3106282 0.4555973 -0.3153892
v -0.1712569 0.5044963 -0.3954262
v -0.1917066 0.5352306 -0.3774662
v -0.3242567 0.4887249 -0.3013471
v -0.3106282 0.4555973 -0.3153892
v -0.1712569 0.5044963 -0.3954262
v -0.3242567 0.4887249 -0.3013471
v -0.1917066 0.5352306 -0.3774662
v -0.2308968 0.5538631 -0.3333542
v -0.3436505 0.514303 -0.2686032
v -0.3242567 0.4887249 -0.3013471
v -0.1917066 0.5352306 -0.3774662
v -0.3436505 0.514303 -0.2686032
v -0.2308968 0.5538631 -0.3333542
v -0.2849908 0.5585697 -0.2674092
v -0.3669113 0.5298277 -0.2203642
v -0.3436505 0.514303 -0.2686032
v -0.2308968 0.5538631 -0.3333542
v -0.3669113 0.5298277 -0.2203642
v -0.2849908 0.5585697 -0.2674092
v -0.348694 0.5488899 -0.1860842
v -0.3917621 0.5337793 -0.1613512
v -0.3669113 0.5298277 -0.2203642
v -0.2849908 0.5585697 -0.2674092
v -0.3917621 0.5337793 -0.1613512
v -0.348694 0.5488899 -0.1860842
v -0.4157704 0.5257711 -0.0973413
v -0.3917621 0.5337793 -0.1613512
v -0.2499973 0.3440226 -0.2268432
v -0.2866558 0.331722 -0.2107352
v -0.3505396 0.2974272 -0.1232603
v -0.2499973 0.3440226 -0.2268432
v -0.1624895 0.3972328 -0.3190172
v -0.232218 0.3738357 -0.2883782
v -0.2866558 0.331722 -0.2107352
v -0.2499973 0.3440226 -0.2268432
v -0.232218 0.3738357 -0.2883782
v -0.1624895 0.3972328 -0.3190172
v -0.09658194 0.4518493 -0.3907602
v -0.192555 0.4196459 -0.3485892
v -0.232218 0.3738357 -0.2883782
v -0.1624895 0.3972328 -0.3190172
v -0.192555 0.4196459 -0.3485892
v -0.09658194 0.4518493 -0.3907602
v -0.05872616 0.5025258 -0.4350512
v -0.1715492 0.4646685 -0.3854762
v -0.192555 0.4196459 -0.3485892
v -0.09658194 0.4518493 -0.3907602
v -0.1715492 0.4646685 -0.3854762
v -0.05872616 0.5025258 -0.4350512
v -0.05262774 0.5443018 -0.4475522
v -0.1712569 0.5044963 -0.3954262
v -0.1715492 0.4646685 -0.3854762
v -0.05872616 0.5025258 -0.4350512
v -0.1712569 0.5044963 -0.3954262
v -0.05262774 0.5443018 -0.4475522
v -0.07888362 0.5730879 -0.4270412
v -0.1917066 0.5352306 -0.3774662
v -0.1712569 0.5044963 -0.3954262
v -0.05262774 0.5443018 -0.4475522
v -0.1917066 0.5352306 -0.3774662
v -0.07888362 0.5730879 -0.4270412
v -0.1349237 0.5860664 -0.3755262
v -0.2308968 0.5538631 -0.3333542
v -0.1917066 0.5352306 -0.3774662
v -0.07888362 0.5730879 -0.4270412
v -0.2308968 0.5538631 -0.3333542
v -0.1349237 0.5860664 -0.3755262
v -0.2152624 0.5819669 -0.2980481
v -0.2849908 0.5585697 -0.2674092
v -0.2308968 0.5538631 -0.3333542
v -0.1349237 0.5860664 -0.3755262
v -0.2849908 0.5585697 -0.2674092
v -0.2152624 0.5819669 -0.2980481
v -0.3120356 0.5611905 -0.2021922
v -0.348694 0.5488899 -0.1860842
v -0.2849908 0.5585697 -0.2674092
v -0.2152624 0.5819669 -0.2980481
v -0.348694 0.5488899 -0.1860842
v -0.3120356 0.5611905 -0.2021922
v -0.4157704 0.5257711 -0.0973413
v -0.348694 0.5488899 -0.1860842
v -0.223337 0.3523091 -0.2327492
v -0.2499973 0.3440226 -0.2268432
v -0.3505396 0.2974272 -0.1232603
v -0.223337 0.3523091 -0.2327492
v -0.1117785 0.4129946 -0.3302522
v -0.1624895 0.3972328 -0.3190172
v -0.2499973 0.3440226 -0.2268432
v -0.223337 0.3523091 -0.2327492
v -0.1624895 0.3972328 -0.3190172
v -0.1117785 0.4129946 -0.3302522
v -0.02678415 0.4735436 -0.4062243
v -0.09658194 0.4518493 -0.3907602
v -0.1624895 0.3972328 -0.3190172
v -0.1117785 0.4129946 -0.3302522
v -0.09658194 0.4518493 -0.3907602
v -0.02678415 0.4735436 -0.4062243
v 0.02332604 0.528029 -0.4532292
v -0.05872616 0.5025258 -0.4350512
v -0.09658194 0.4518493 -0.3907602
v -0.02678415 0.4735436 -0.4062243
v -0.05872616 0.5025258 -0.4350512
v 0.02332604 0.528029 -0.4532292
v 0.03364703 0.5711175 -0.4666662
v -0.05262774 0.5443018 -0.4475522
v -0.05872616 0.5025258 -0.4350512
v 0.02332604 0.528029 -0.4532292
v -0.05262774 0.5443018 -0.4475522
v 0.03364703 0.5711175 -0.4666662
v 0.003168585 0.5985912 -0.4452202
v -0.07888362 0.5730879 -0.4270412
v -0.05262774 0.5443018 -0.4475522
v 0.03364703 0.5711175 -0.4666662
v -0.07888362 0.5730879 -0.4270412
v 0.003168585 0.5985912 -0.4452202
v -0.06512588 0.6077608 -0.3909892
v -0.1349237 0.5860664 -0.3755262
v -0.07888362 0.5730879 -0.4270412
v 0.003168585 0.5985912 -0.4452202
v -0.1349237 0.5860664 -0.3755262
v -0.06512588 0.6077608 -0.3909892
v -0.1645514 0.5977287 -0.3092831
v -0.2152624 0.5819669 -0.2980481
v -0.1349237 0.5860664 -0.3755262
v -0.06512588 0.6077608 -0.3909892
v -0.2152624 0.5819669 -0.2980481
v -0.1645514 0.5977287 -0.3092831
v -0.2853753 0.569477 -0.2080982
v -0.3120356 0.5611905 -0.2021922
v -0.2152624 0.5819669 -0.2980481
v -0.1645514 0.5977287 -0.3092831
v -0.3120356 0.5611905 -0.2021922
v -0.2853753 0.569477 -0.2080982
v -0.4157704 0.5257711 -0.0973413
v -0.3120356 0.5611905 -0.2021922
v -0.2092843 0.3557704 -0.2278762
v -0.223337 0.3523091 -0.2327492
v -0.3505396 0.2974272 -0.1232603
v -0.2092843 0.3557704 -0.2278762
v -0.08504865 0.4195783 -0.3209832
v -0.1117785 0.4129946 -0.3302522
v -0.223337 0.3523091 -0.2327492
v -0.2092843 0.3557704 -0.2278762
v -0.1117785 0.4129946 -0.3302522
v -0.08504865 0.4195783 -0.3209832
v 0.01000628 0.4826053 -0.3934662
v -0.02678415 0.4735436 -0.4062243
v -0.1117785 0.4129946 -0.3302522
v -0.08504865 0.4195783 -0.3209832
v -0.02678415 0.4735436 -0.4062243
v 0.01000628 0.4826053 -0.3934662
v 0.06657576 0.5386817 -0.4382312
v 0.02332604 0.528029 -0.4532292
v -0.02678415 0.4735436 -0.4062243
v 0.01000628 0.4826053 -0.3934662
v 0.02332604 0.528029 -0.4532292
v 0.06657576 0.5386817 -0.4382312
v 0.07912248 0.5823184 -0.4508972
v 0.03364703 0.5711175 -0.4666662
v 0.02332604 0.528029 -0.4532292
v 0.06657576 0.5386817 -0.4382312
v 0.03364703 0.5711175 -0.4666662
v 0.07912248 0.5823184 -0.4508972
v 0.04641825 0.6092439 -0.4302222
v 0.003168585 0.5985912 -0.4452202
v 0.03364703 0.5711175 -0.4666662
v 0.07912248 0.5823184 -0.4508972
v 0.003168585 0.5985912 -0.4452202
v 0.04641825 0.6092439 -0.4302222
v -0.02833545 0.6168225 -0.3782312
v -0.06512588 0.6077608 -0.3909892
v 0.003168585 0.5985912 -0.4452202
v 0.04641825 0.6092439 -0.4302222
v -0.06512588 0.6077608 -0.3909892
v -0.02833545 0.6168225 -0.3782312
v -0.1378216 0.6043125 -0.3000132
v -0.1645514 0.5977287 -0.3092831
v -0.06512588 0.6077608 -0.3909892
v -0.02833545 0.6168225 -0.3782312
v -0.1645514 0.5977287 -0.3092831
v -0.1378216 0.6043125 -0.3000132
v -0.2713226 0.5729383 -0.2032251
v -0.2853753 0.569477 -0.2080982
v -0.1645514 0.5977287 -0.3092831
v -0.1378216 0.6043125 -0.3000132
v -0.2853753 0.569477 -0.2080982
v -0.2713226 0.5729383 -0.2032251
v -0.4157704 0.5257711 -0.0973413
v -0.2853753 0.569477 -0.2080982
v -0.2092149 0.3540676 -0.2127002
v -0.2092843 0.3557704 -0.2278762
v -0.3505396 0.2974272 -0.1232603
v -0.2092149 0.3540676 -0.2127002
v -0.08491673 0.4163395 -0.2921172
v -0.08504865 0.4195783 -0.3209832
v -0.2092843 0.3557704 -0.2278762
v -0.2092149 0.3540676 -0.2127002
v -0.08504865 0.4195783 -0.3209832
v -0.08491673 0.4163395 -0.2921172
v 0.01018785 0.4781474 -0.3537352
v 0.01000628 0.4826053 -0.3934662
v -0.08504865 0.4195783 -0.3209832
v -0.08491673 0.4163395 -0.2921172
v 0.01000628 0.4826053 -0.3934662
v 0.01018785 0.4781474 -0.3537352
v 0.06678924 0.5334411 -0.3915251
v 0.06657576 0.5386817 -0.4382312
v 0.01000628 0.4826053 -0.3934662
v 0.01018785 0.4781474 -0.3537352
v 0.06657576 0.5386817 -0.4382312
v 0.06678924 0.5334411 -0.3915251
v 0.07934695 0.5768082 -0.4017872
v 0.07912248 0.5823184 -0.4508972
v 0.06657576 0.5386817 -0.4382312
v 0.06678924 0.5334411 -0.3915251
v 0.07912248 0.5823184 -0.4508972
v 0.07934695 0.5768082 -0.4017872
v 0.04663178 0.6040033 -0.3835162
v 0.04641825 0.6092439 -0.4302222
v 0.07912248 0.5823184 -0.4508972
v 0.07934695 0.5768082 -0.4017872
v 0.04641825 0.6092439 -0.4302222
v 0.04663178 0.6040033 -0.3835162
v -0.02815388 0.6123647 -0.3385012
v -0.02833545 0.6168225 -0.3782312
v 0.04641825 0.6092439 -0.4302222
v 0.04663178 0.6040033 -0.3835162
v -0.02833545 0.6168225 -0.3782312
v -0.02815388 0.6123647 -0.3385012
v -0.1376896 0.6010736 -0.2711482
v -0.1378216 0.6043125 -0.3000132
v -0.02833545 0.6168225 -0.3782312
v -0.02815388 0.6123647 -0.3385012
v -0.1378216 0.6043125 -0.3000132
v -0.1376896 0.6010736 -0.2711482
v -0.2712532 0.5712355 -0.1880502
v -0.2713226 0.5729383 -0.2032251
v -0.1378216 0.6043125 -0.3000132
v -0.1376896 0.6010736 -0.2711482
v -0.2713226 0.5729383 -0.2032251
v -0.2712532 0.5712355 -0.1880502
v -0.4157704 0.5257711 -0.0973413
v -0.2713226 0.5729383 -0.2032251
v -0.2231357 0.3473674 -0.1887082
v -0.2092149 0.3540676 -0.2127002
v -0.3505396 0.2974272 -0.1232603
v -0.2231357 0.3473674 -0.1887082
v -0.1113956 0.4035951 -0.2464802
v -0.08491673 0.4163395 -0.2921172
v -0.2092149 0.3540676 -0.2127002
v -0.2231357 0.3473674 -0.1887082
v -0.08491673 0.4163395 -0.2921172
v -0.1113956 0.4035951 -0.2464802
v -0.02625717 0.4606063 -0.2909222
v 0.01018785 0.4781474 -0.3537352
v -0.08491673 0.4163395 -0.2921172
v -0.1113956 0.4035951 -0.2464802
v 0.01018785 0.4781474 -0.3537352
v -0.02625717 0.4606063 -0.2909222
v 0.02394559 0.5128203 -0.3176832
v 0.06678924 0.5334411 -0.3915251
v 0.01018785 0.4781474 -0.3537352
v -0.02625717 0.4606063 -0.2909222
v 0.06678924 0.5334411 -0.3915251
v 0.02394559 0.5128203 -0.3176832
v 0.03429847 0.5551261 -0.3241452
v 0.07934695 0.5768082 -0.4017872
v 0.06678924 0.5334411 -0.3915251
v 0.02394559 0.5128203 -0.3176832
v 0.07934695 0.5768082 -0.4017872
v 0.03429847 0.5551261 -0.3241452
v 0.003788104 0.5833824 -0.3096741
v 0.04663178 0.6040033 -0.3835162
v 0.07934695 0.5768082 -0.4017872
v 0.03429847 0.5551261 -0.3241452
v 0.04663178 0.6040033 -0.3835162
v 0.003788104 0.5833824 -0.3096741
v -0.0645989 0.5948234 -0.2756872
v -0.02815388 0.6123647 -0.3385012
v 0.04663178 0.6040033 -0.3835162
v 0.003788104 0.5833824 -0.3096741
v -0.02815388 0.6123647 -0.3385012
v -0.0645989 0.5948234 -0.2756872
v -0.1641685 0.5883293 -0.2255112
v -0.1376896 0.6010736 -0.2711482
v -0.02815388 0.6123647 -0.3385012
v -0.0645989 0.5948234 -0.2756872
v -0.1376896 0.6010736 -0.2711482
v -0.1641685 0.5883293 -0.2255112
v -0.285174 0.5645354 -0.1640571
v -0.2712532 0.5712355 -0.1880502
v -0.1376896 0.6010736 -0.2711482
v -0.1641685 0.5883293 -0.2255112
v -0.2712532 0.5712355 -0.1880502
v -0.285174 0.5645354 -0.1640571
v -0.4157704 0.5257711 -0.0973413
v -0.2712532 0.5712355 -0.1880502
v -0.2496838 0.3363258 -0.1582462
v -0.2231357 0.3473674 -0.1887082
v -0.3505396 0.2974272 -0.1232603
v -0.2496838 0.3363258 -0.1582462
v -0.1618932 0.3825927 -0.1885391
v -0.1113956 0.4035951 -0.2464802
v -0.2231357 0.3473674 -0.1887082
v -0.2496838 0.3363258 -0.1582462
v -0.1113956 0.4035951 -0.2464802
v -0.1618932 0.3825927 -0.1885391
v -0.09576123 0.4316989 -0.2111732
v -0.02625717 0.4606063 -0.2909222
v -0.1113956 0.4035951 -0.2464802
v -0.1618932 0.3825927 -0.1885391
v -0.02625717 0.4606063 -0.2909222
v -0.09576123 0.4316989 -0.2111732
v -0.05776136 0.4788376 -0.2239332
v 0.02394559 0.5128203 -0.3176832
v -0.02625717 0.4606063 -0.2909222
v -0.09576123 0.4316989 -0.2111732
v 0.02394559 0.5128203 -0.3176832
v -0.05776136 0.4788376 -0.2239332
v -0.05161329 0.5193946 -0.2255702
v 0.03429847 0.5551261 -0.3241452
v 0.02394559 0.5128203 -0.3176832
v -0.05776136 0.4788376 -0.2239332
v 0.03429847 0.5551261 -0.3241452
v -0.05161329 0.5193946 -0.2255702
v -0.07791884 0.5493998 -0.2159241
v 0.003788104 0.5833824 -0.3096741
v 0.03429847 0.5551261 -0.3241452
v -0.05161329 0.5193946 -0.2255702
v 0.003788104 0.5833824 -0.3096741
v -0.07791884 0.5493998 -0.2159241
v -0.134103 0.5659161 -0.1959382
v -0.0645989 0.5948234 -0.2756872
v 0.003788104 0.5833824 -0.3096741
v -0.07791884 0.5493998 -0.2159241
v -0.0645989 0.5948234 -0.2756872
v -0.134103 0.5659161 -0.1959382
v -0.2146661 0.5673268 -0.1675702
v -0.1641685 0.5883293 -0.2255112
v -0.0645989 0.5948234 -0.2756872
v -0.134103 0.5659161 -0.1959382
v -0.1641685 0.5883293 -0.2255112
v -0.2146661 0.5673268 -0.1675702
v -0.3117222 0.5534938 -0.1335962
v -0.285174 0.5645354 -0.1640571
v -0.1641685 0.5883293 -0.2255112
v -0.2146661 0.5673268 -0.1675702
v -0.285174 0.5645354 -0.1640571
v -0.3117222 0.5534938 -0.1335962
v -0.4157704 0.5257711 -0.0973413
v -0.285174 0.5645354 -0.1640571
v -0.2862607 0.3220235 -0.1242981
v -0.2496838 0.3363258 -0.1582462
v -0.3505396 0.2974272 -0.1232603
v -0.2862607 0.3220235 -0.1242981
v -0.2314666 0.3553881 -0.1239662
v -0.1618932 0.3825927 -0.1885391
v -0.2496838 0.3363258 -0.1582462
v -0.2862607 0.3220235 -0.1242981
v -0.1618932 0.3825927 -0.1885391
v -0.2314666 0.3553881 -0.1239662
v -0.1915207 0.394255 -0.1222961
v -0.09576123 0.4316989 -0.2111732
v -0.1618932 0.3825927 -0.1885391
v -0.2314666 0.3553881 -0.1239662
v -0.09576123 0.4316989 -0.2111732
v -0.1915207 0.394255 -0.1222961
v -0.1703334 0.4348197 -0.1194522
v -0.05776136 0.4788376 -0.2239332
v -0.09576123 0.4316989 -0.2111732
v -0.1915207 0.394255 -0.1222961
v -0.05776136 0.4788376 -0.2239332
v -0.1703334 0.4348197 -0.1194522
v -0.1699785 0.4731114 -0.1157122
v -0.05161329 0.5193946 -0.2255702
v -0.05776136 0.4788376 -0.2239332
v -0.1703334 0.4348197 -0.1194522
v -0.05161329 0.5193946 -0.2255702
v -0.1699785 0.4731114 -0.1157122
v -0.1904908 0.5053818 -0.1114421
v -0.07791884 0.5493998 -0.2159241
v -0.05161329 0.5193946 -0.2255702
v -0.1699785 0.4731114 -0.1157122
v -0.07791884 0.5493998 -0.2159241
v -0.1904908 0.5053818 -0.1114421
v -0.2298625 0.5284722 -0.1070611
v -0.134103 0.5659161 -0.1959382
v -0.07791884 0.5493998 -0.2159241
v -0.1904908 0.5053818 -0.1114421
v -0.134103 0.5659161 -0.1959382
v -0.2298625 0.5284722 -0.1070611
v -0.2842394 0.5401222 -0.1029973
v -0.2146661 0.5673268 -0.1675702
v -0.134103 0.5659161 -0.1959382
v -0.2298625 0.5284722 -0.1070611
v -0.2146661 0.5673268 -0.1675702
v -0.2842394 0.5401222 -0.1029973
v -0.348299 0.5391915 -0.09964824
v -0.3117222 0.5534938 -0.1335962
v -0.2146661 0.5673268 -0.1675702
v -0.2842394 0.5401222 -0.1029973
v -0.3117222 0.5534938 -0.1335962
v -0.348299 0.5391915 -0.09964824
v -0.4157704 0.5257711 -0.0973413
v -0.3117222 0.5534938 -0.1335962
v -0.3292859 0.3058605 -0.09018731
v -0.2862607 0.3220235 -0.1242981
v -0.3505396 0.2974272 -0.1232603
v -0.3292859 0.3058605 -0.09018731
v -0.3133054 0.3246443 -0.05908227
v -0.2314666 0.3553881 -0.1239662
v -0.2862607 0.3220235 -0.1242981
v -0.3292859 0.3058605 -0.09018731
v -0.2314666 0.3553881 -0.1239662
v -0.3133054 0.3246443 -0.05908227
v -0.3041622 0.3519398 -0.03299117
v -0.1915207 0.394255 -0.1222961
v -0.2314666 0.3553881 -0.1239662
v -0.3133054 0.3246443 -0.05908227
v -0.1915207 0.394255 -0.1222961
v -0.3041622 0.3519398 -0.03299117
v -0.3027514 0.3850752 -0.01446724
v -0.1703334 0.4348197 -0.1194522
v -0.1915207 0.394255 -0.1222961
v -0.3041622 0.3519398 -0.03299117
v -0.1703334 0.4348197 -0.1194522
v -0.3027514 0.3850752 -0.01446724
v -0.309211 0.4208069 -0.005324125
v -0.1699785 0.4731114 -0.1157122
v -0.1703334 0.4348197 -0.1194522
v -0.3027514 0.3850752 -0.01446724
v -0.1699785 0.4731114 -0.1157122
v -0.309211 0.4208069 -0.005324125
v -0.3229088 0.4556373 -0.00645709
v -0.1904908 0.5053818 -0.1114421
v -0.1699785 0.4731114 -0.1157122
v -0.309211 0.4208069 -0.005324125
v -0.1904908 0.5053818 -0.1114421
v -0.3229088 0.4556373 -0.00645709
v -0.3425039 0.486157 -0.01775622
v -0.2298625 0.5284722 -0.1070611
v -0.1904908 0.5053818 -0.1114421
v -0.3229088 0.4556373 -0.00645709
v -0.2298625 0.5284722 -0.1070611
v -0.3425039 0.486157 -0.01775622
v -0.3660782 0.5093784 -0.03811312
v -0.2842394 0.5401222 -0.1029973
v -0.2298625 0.5284722 -0.1070611
v -0.3425039 0.486157 -0.01775622
v -0.2842394 0.5401222 -0.1029973
v -0.3660782 0.5093784 -0.03811312
v -0.3913242 0.5230286 -0.06553626
v -0.348299 0.5391915 -0.09964824
v -0.2842394 0.5401222 -0.1029973
v -0.3660782 0.5093784 -0.03811312
v -0.348299 0.5391915 -0.09964824
v -0.3913242 0.5230286 -0.06553626
v -0.4157704 0.5257711 -0.0973413
v -0.348299 0.5391915 -0.09964824
v 0.1144112 2.391302 -1.135284
v 0.04429919 2.399488 -1.138436
v 0.04385915 2.231238 -1.123401
v 0.1144112 2.391302 -1.135284
v 0.1776224 2.537694 -1.131153
v 0.04426149 2.553265 -1.137149
v 0.04429919 2.399488 -1.138436
v 0.1144112 2.391302 -1.135284
v 0.04426149 2.553265 -1.137149
v 0.1776224 2.537694 -1.131153
v 0.2273053 2.656085 -1.111413
v 0.04374976 2.677516 -1.119666
v 0.04426149 2.553265 -1.137149
v 0.1776224 2.537694 -1.131153
v 0.04374976 2.677516 -1.119666
v 0.2273053 2.656085 -1.111413
v 0.2585966 2.734883 -1.077997
v 0.0428141 2.760077 -1.087698
v 0.04374976 2.677516 -1.119666
v 0.2273053 2.656085 -1.111413
v 0.0428141 2.760077 -1.087698
v 0.2585966 2.734883 -1.077997
v 0.2684332 2.766378 -1.034175
v 0.04154606 2.792868 -1.044376
v 0.0428141 2.760077 -1.087698
v 0.2585966 2.734883 -1.077997
v 0.04154606 2.792868 -1.044376
v 0.2684332 2.766378 -1.034175
v 0.2558523 2.747485 -0.9842372
v 0.04006981 2.772678 -0.9939382
v 0.04154606 2.792868 -1.044376
v 0.2684332 2.766378 -1.034175
v 0.04006981 2.772678 -0.9939382
v 0.2558523 2.747485 -0.9842372
v 0.2220854 2.680054 -0.9330711
v 0.03852982 2.701485 -0.9413242
v 0.04006981 2.772678 -0.9939382
v 0.2558523 2.747485 -0.9842372
v 0.03852982 2.701485 -0.9413242
v 0.2220854 2.680054 -0.9330711
v 0.1704378 2.570685 -0.8856862
v 0.03707686 2.586256 -0.8916821
v 0.03852982 2.701485 -0.9413242
v 0.2220854 2.680054 -0.9330711
v 0.03707686 2.586256 -0.8916821
v 0.1704378 2.570685 -0.8856862
v 0.1059651 2.430085 -0.8467212
v 0.03585315 2.438271 -0.8498732
v 0.03707686 2.586256 -0.8916821
v 0.1704378 2.570685 -0.8856862
v 0.03585315 2.438271 -0.8498732
v 0.1059651 2.430085 -0.8467212
v 0.03497843 2.272017 -0.8199883
v 0.03585315 2.438271 -0.8498732
v 0.1775957 2.367546 -1.130241
v 0.1144112 2.391302 -1.135284
v 0.04385915 2.231238 -1.123401
v 0.1775957 2.367546 -1.130241
v 0.2978066 2.492507 -1.121562
v 0.1776224 2.537694 -1.131153
v 0.1144112 2.391302 -1.135284
v 0.1775957 2.367546 -1.130241
v 0.1776224 2.537694 -1.131153
v 0.2978066 2.492507 -1.121562
v 0.3927247 2.593889 -1.098212
v 0.2273053 2.656085 -1.111413
v 0.1776224 2.537694 -1.131153
v 0.2978066 2.492507 -1.121562
v 0.2273053 2.656085 -1.111413
v 0.3927247 2.593889 -1.098212
v 0.4530587 2.661768 -1.062478
v 0.2585966 2.734883 -1.077997
v 0.2273053 2.656085 -1.111413
v 0.3927247 2.593889 -1.098212
v 0.2585966 2.734883 -1.077997
v 0.4530587 2.661768 -1.062478
v 0.4729028 2.6895 -1.017857
v 0.2684332 2.766378 -1.034175
v 0.2585966 2.734883 -1.077997
v 0.4530587 2.661768 -1.062478
v 0.2684332 2.766378 -1.034175
v 0.4729028 2.6895 -1.017857
v 0.4503145 2.67437 -0.9687182
v 0.2558523 2.747485 -0.9842372
v 0.2684332 2.766378 -1.034175
v 0.4729028 2.6895 -1.017857
v 0.2558523 2.747485 -0.9842372
v 0.4503145 2.67437 -0.9687182
v 0.3875048 2.617859 -0.9198701
v 0.2220854 2.680054 -0.9330711
v 0.2558523 2.747485 -0.9842372
v 0.4503145 2.67437 -0.9687182
v 0.2220854 2.680054 -0.9330711
v 0.3875048 2.617859 -0.9198701
v 0.290622 2.525498 -0.8760952
v 0.1704378 2.570685 -0.8856862
v 0.2220854 2.680054 -0.9330711
v 0.3875048 2.617859 -0.9198701
v 0.1704378 2.570685 -0.8856862
v 0.290622 2.525498 -0.8760952
v 0.1691496 2.406329 -0.8416781
v 0.1059651 2.430085 -0.8467212
v 0.1704378 2.570685 -0.8856862
v 0.290622 2.525498 -0.8760952
v 0.1059651 2.430085 -0.8467212
v 0.1691496 2.406329 -0.8416781
v 0.03497843 2.272017 -0.8199883
v 0.1059651 2.430085 -0.8467212
v 0.227668 2.330544 -1.123803
v 0.1775957 2.367546 -1.130241
v 0.04385915 2.231238 -1.123401
v 0.227668 2.330544 -1.123803
v 0.3930497 2.422126 -1.109315
v 0.2978066 2.492507 -1.121562
v 0.1775957 2.367546 -1.130241
v 0.227668 2.330544 -1.123803
v 0.2978066 2.492507 -1.121562
v 0.3930497 2.422126 -1.109315
v 0.5238156 2.497018 -1.081355
v 0.3927247 2.593889 -1.098212
v 0.2978066 2.492507 -1.121562
v 0.3930497 2.422126 -1.109315
v 0.3927247 2.593889 -1.098212
v 0.5238156 2.497018 -1.081355
v 0.6071654 2.547889 -1.042662
v 0.4530587 2.661768 -1.062478
v 0.3927247 2.593889 -1.098212
v 0.5238156 2.497018 -1.081355
v 0.4530587 2.661768 -1.062478
v 0.6071654 2.547889 -1.042662
v 0.63494 2.569761 -0.9970222
v 0.4729028 2.6895 -1.017857
v 0.4530587 2.661768 -1.062478
v 0.6071654 2.547889 -1.042662
v 0.4729028 2.6895 -1.017857
v 0.63494 2.569761 -0.9970222
v 0.6044209 2.560491 -0.9489022
v 0.4503145 2.67437 -0.9687182
v 0.4729028 2.6895 -1.017857
v 0.63494 2.569761 -0.9970222
v 0.4503145 2.67437 -0.9687182
v 0.6044209 2.560491 -0.9489022
v 0.5185957 2.520987 -0.9030142
v 0.3875048 2.617859 -0.9198701
v 0.4503145 2.67437 -0.9687182
v 0.6044209 2.560491 -0.9489022
v 0.3875048 2.617859 -0.9198701
v 0.5185957 2.520987 -0.9030142
v 0.3858651 2.455117 -0.8638482
v 0.290622 2.525498 -0.8760952
v 0.3875048 2.617859 -0.9198701
v 0.5185957 2.520987 -0.9030142
v 0.290622 2.525498 -0.8760952
v 0.3858651 2.455117 -0.8638482
v 0.2192219 2.369327 -0.8352402
v 0.1691496 2.406329 -0.8416781
v 0.290622 2.525498 -0.8760952
v 0.3858651 2.455117 -0.8638482
v 0.1691496 2.406329 -0.8416781
v 0.2192219 2.369327 -0.8352402
v 0.03497843 2.272017 -0.8199883
v 0.1691496 2.406329 -0.8416781
v 0.2597265 2.28392 -1.116598
v 0.227668 2.330544 -1.123803
v 0.04385915 2.231238 -1.123401
v 0.2597265 2.28392 -1.116598
v 0.4540286 2.33344 -1.09561
v 0.3930497 2.422126 -1.109315
v 0.227668 2.330544 -1.123803
v 0.2597265 2.28392 -1.116598
v 0.3930497 2.422126 -1.109315
v 0.4540286 2.33344 -1.09561
v 0.6077458 2.374953 -1.062493
v 0.5238156 2.497018 -1.081355
v 0.3930497 2.422126 -1.109315
v 0.4540286 2.33344 -1.09561
v 0.5238156 2.497018 -1.081355
v 0.6077458 2.374953 -1.062493
v 0.7058312 2.404393 -1.020488
v 0.6071654 2.547889 -1.042662
v 0.5238156 2.497018 -1.081355
v 0.6077458 2.374953 -1.062493
v 0.6071654 2.547889 -1.042662
v 0.7058312 2.404393 -1.020488
v 0.7386835 2.41888 -0.9737071
v 0.63494 2.569761 -0.9970222
v 0.6071654 2.547889 -1.042662
v 0.7058312 2.404393 -1.020488
v 0.63494 2.569761 -0.9970222
v 0.7386835 2.41888 -0.9737071
v 0.7030869 2.416995 -0.9267281
v 0.6044209 2.560491 -0.9489022
v 0.63494 2.569761 -0.9970222
v 0.7386835 2.41888 -0.9737071
v 0.6044209 2.560491 -0.9489022
v 0.7030869 2.416995 -0.9267281
v 0.6025258 2.398922 -0.8841522
v 0.5185957 2.520987 -0.9030142
v 0.6044209 2.560491 -0.9489022
v 0.7030869 2.416995 -0.9267281
v 0.5185957 2.520987 -0.9030142
v 0.6025258 2.398922 -0.8841522
v 0.4468439 2.366431 -0.8501441
v 0.3858651 2.455117 -0.8638482
v 0.5185957 2.520987 -0.9030142
v 0.6025258 2.398922 -0.8841522
v 0.3858651 2.455117 -0.8638482
v 0.4468439 2.366431 -0.8501441
v 0.2512803 2.322703 -0.8280352
v 0.2192219 2.369327 -0.8352402
v 0.3858651 2.455117 -0.8638482
v 0.4468439 2.366431 -0.8501441
v 0.2192219 2.369327 -0.8352402
v 0.2512803 2.322703 -0.8280352
v 0.03497843 2.272017 -0.8199883
v 0.2192219 2.369327 -0.8352402
v 0.2706331 2.232236 -1.109332
v 0.2597265 2.28392 -1.116598
v 0.04385915 2.231238 -1.123401
v 0.2706331 2.232236 -1.109332
v 0.4747741 2.235132 -1.08179
v 0.4540286 2.33344 -1.09561
v 0.2597265 2.28392 -1.116598
v 0.2706331 2.232236 -1.109332
v 0.4540286 2.33344 -1.09561
v 0.4747741 2.235132 -1.08179
v 0.6362996 2.239643 -1.043472
v 0.6077458 2.374953 -1.062493
v 0.4540286 2.33344 -1.09561
v 0.4747741 2.235132 -1.08179
v 0.6077458 2.374953 -1.062493
v 0.6362996 2.239643 -1.043472
v 0.7393983 2.245327 -0.9981271
v 0.7058312 2.404393 -1.020488
v 0.6077458 2.374953 -1.062493
v 0.6362996 2.239643 -1.043472
v 0.7058312 2.404393 -1.020488
v 0.7393983 2.245327 -0.9981271
v 0.773978 2.251627 -0.9501951
v 0.7386835 2.41888 -0.9737071
v 0.7058312 2.404393 -1.020488
v 0.7393983 2.245327 -0.9981271
v 0.7386835 2.41888 -0.9737071
v 0.773978 2.251627 -0.9501951
v 0.7366539 2.257928 -0.9043671
v 0.7030869 2.416995 -0.9267281
v 0.7386835 2.41888 -0.9737071
v 0.773978 2.251627 -0.9501951
v 0.7030869 2.416995 -0.9267281
v 0.7366539 2.257928 -0.9043671
v 0.6310797 2.263612 -0.8651302
v 0.6025258 2.398922 -0.8841522
v 0.7030869 2.416995 -0.9267281
v 0.7366539 2.257928 -0.9043671
v 0.6025258 2.398922 -0.8841522
v 0.6310797 2.263612 -0.8651302
v 0.4675895 2.268123 -0.8363242
v 0.4468439 2.366431 -0.8501441
v 0.6025258 2.398922 -0.8841522
v 0.6310797 2.263612 -0.8651302
v 0.4468439 2.366431 -0.8501441
v 0.4675895 2.268123 -0.8363242
v 0.2621869 2.271019 -0.8207692
v 0.2512803 2.322703 -0.8280352
v 0.4468439 2.366431 -0.8501441
v 0.4675895 2.268123 -0.8363242
v 0.2512803 2.322703 -0.8280352
v 0.2621869 2.271019 -0.8207692
v 0.03497843 2.272017 -0.8199883
v 0.2512803 2.322703 -0.8280352
v 0.2593202 2.180552 -1.102717
v 0.2706331 2.232236 -1.109332
v 0.04385915 2.231238 -1.123401
v 0.2593202 2.180552 -1.102717
v 0.4532558 2.136823 -1.069207
v 0.4747741 2.235132 -1.08179
v 0.2706331 2.232236 -1.109332
v 0.2593202 2.180552 -1.102717
v 0.4747741 2.235132 -1.08179
v 0.4532558 2.136823 -1.069207
v 0.6066821 2.104332 -1.026153
v 0.6362996 2.239643 -1.043472
v 0.4747741 2.235132 -1.08179
v 0.4532558 2.136823 -1.069207
v 0.6362996 2.239643 -1.043472
v 0.6066821 2.104332 -1.026153
v 0.7045808 2.08626 -0.9777671
v 0.7393983 2.245327 -0.9981271
v 0.6362996 2.239643 -1.043472
v 0.6066821 2.104332 -1.026153
v 0.7393983 2.245327 -0.9981271
v 0.7045808 2.08626 -0.9777671
v 0.7373687 2.084375 -0.9287871
v 0.773978 2.251627 -0.9501951
v 0.7393983 2.245327 -0.9981271
v 0.7045808 2.08626 -0.9777671
v 0.773978 2.251627 -0.9501951
v 0.7373687 2.084375 -0.9287871
v 0.7018364 2.098861 -0.8840071
v 0.7366539 2.257928 -0.9043671
v 0.773978 2.251627 -0.9501951
v 0.7373687 2.084375 -0.9287871
v 0.7366539 2.257928 -0.9043671
v 0.7018364 2.098861 -0.8840071
v 0.6014621 2.128302 -0.8478112
v 0.6310797 2.263612 -0.8651302
v 0.7366539 2.257928 -0.9043671
v 0.7018364 2.098861 -0.8840071
v 0.6310797 2.263612 -0.8651302
v 0.6014621 2.128302 -0.8478112
v 0.4460711 2.169814 -0.8237412
v 0.4675895 2.268123 -0.8363242
v 0.6310797 2.263612 -0.8651302
v 0.6014621 2.128302 -0.8478112
v 0.4675895 2.268123 -0.8363242
v 0.4460711 2.169814 -0.8237412
v 0.2508741 2.219335 -0.8141541
v 0.2621869 2.271019 -0.8207692
v 0.4675895 2.268123 -0.8363242
v 0.4460711 2.169814 -0.8237412
v 0.2621869 2.271019 -0.8207692
v 0.2508741 2.219335 -0.8141541
v 0.03497843 2.272017 -0.8199883
v 0.2621869 2.271019 -0.8207692
v 0.2268952 2.133927 -1.0974
v 0.2593202 2.180552 -1.102717
v 0.04385915 2.231238 -1.123401
v 0.2268952 2.133927 -1.0974
v 0.3915798 2.048138 -1.059093
v 0.4532558 2.136823 -1.069207
v 0.2593202 2.180552 -1.102717
v 0.2268952 2.133927 -1.0974
v 0.4532558 2.136823 -1.069207
v 0.3915798 2.048138 -1.059093
v 0.5217924 1.982267 -1.012232
v 0.6066821 2.104332 -1.026153
v 0.4532558 2.136823 -1.069207
v 0.3915798 2.048138 -1.059093
v 0.6066821 2.104332 -1.026153
v 0.5217924 1.982267 -1.012232
v 0.604787 1.942764 -0.9614022
v 0.7045808 2.08626 -0.9777671
v 0.6066821 2.104332 -1.026153
v 0.5217924 1.982267 -1.012232
v 0.7045808 2.08626 -0.9777671
v 0.604787 1.942764 -0.9614022
v 0.6324393 1.933494 -0.9115802
v 0.7373687 2.084375 -0.9287871
v 0.7045808 2.08626 -0.9777671
v 0.604787 1.942764 -0.9614022
v 0.7373687 2.084375 -0.9287871
v 0.6324393 1.933494 -0.9115802
v 0.6020426 1.955365 -0.8676422
v 0.7018364 2.098861 -0.8840071
v 0.7373687 2.084375 -0.9287871
v 0.6324393 1.933494 -0.9115802
v 0.7018364 2.098861 -0.8840071
v 0.6020426 1.955365 -0.8676422
v 0.5165725 2.006237 -0.8338902
v 0.6014621 2.128302 -0.8478112
v 0.7018364 2.098861 -0.8840071
v 0.6020426 1.955365 -0.8676422
v 0.6014621 2.128302 -0.8478112
v 0.5165725 2.006237 -0.8338902
v 0.3843951 2.081129 -0.8136272
v 0.4460711 2.169814 -0.8237412
v 0.6014621 2.128302 -0.8478112
v 0.5165725 2.006237 -0.8338902
v 0.4460711 2.169814 -0.8237412
v 0.3843951 2.081129 -0.8136272
v 0.2184491 2.17271 -0.8088372
v 0.2508741 2.219335 -0.8141541
v 0.4460711 2.169814 -0.8237412
v 0.3843951 2.081129 -0.8136272
v 0.2508741 2.219335 -0.8141541
v 0.2184491 2.17271 -0.8088372
v 0.03497843 2.272017 -0.8199883
v 0.2508741 2.219335 -0.8141541
v 0.1765321 2.096926 -1.093901
v 0.2268952 2.133927 -1.0974
v 0.04385915 2.231238 -1.123401
v 0.1765321 2.096926 -1.093901
v 0.2957835 1.977757 -1.052438
v 0.3915798 2.048138 -1.059093
v 0.2268952 2.133927 -1.0974
v 0.1765321 2.096926 -1.093901
v 0.3915798 2.048138 -1.059093
v 0.2957835 1.977757 -1.052438
v 0.3899401 1.885396 -1.003071
v 0.5217924 1.982267 -1.012232
v 0.3915798 2.048138 -1.059093
v 0.2957835 1.977757 -1.052438
v 0.5217924 1.982267 -1.012232
v 0.3899401 1.885396 -1.003071
v 0.4497852 1.828885 -0.9506332
v 0.604787 1.942764 -0.9614022
v 0.5217924 1.982267 -1.012232
v 0.3899401 1.885396 -1.003071
v 0.604787 1.942764 -0.9614022
v 0.4497852 1.828885 -0.9506332
v 0.4694608 1.813754 -0.9002572
v 0.6324393 1.933494 -0.9115802
v 0.604787 1.942764 -0.9614022
v 0.4497852 1.828885 -0.9506332
v 0.6324393 1.933494 -0.9115802
v 0.4694608 1.813754 -0.9002572
v 0.4470409 1.841486 -0.8568742
v 0.6020426 1.955365 -0.8676422
v 0.6324393 1.933494 -0.9115802
v 0.4694608 1.813754 -0.9002572
v 0.6020426 1.955365 -0.8676422
v 0.4470409 1.841486 -0.8568742
v 0.3847201 1.909365 -0.8247302
v 0.5165725 2.006237 -0.8338902
v 0.6020426 1.955365 -0.8676422
v 0.4470409 1.841486 -0.8568742
v 0.5165725 2.006237 -0.8338902
v 0.3847201 1.909365 -0.8247302
v 0.2885988 2.010747 -0.8069712
v 0.3843951 2.081129 -0.8136272
v 0.5165725 2.006237 -0.8338902
v 0.3847201 1.909365 -0.8247302
v 0.3843951 2.081129 -0.8136272
v 0.2885988 2.010747 -0.8069712
v 0.168086 2.135709 -0.8053381
v 0.2184491 2.17271 -0.8088372
v 0.3843951 2.081129 -0.8136272
v 0.2885988 2.010747 -0.8069712
v 0.2184491 2.17271 -0.8088372
v 0.168086 2.135709 -0.8053381
v 0.03497843 2.272017 -0.8199883
v 0.2184491 2.17271 -0.8088372
v 0.1131607 2.073169 -1.092563
v 0.1765321 2.096926 -1.093901
v 0.04385915 2.231238 -1.123401
v 0.1131607 2.073169 -1.092563
v 0.175244 1.932569 -1.049893
v 0.2957835 1.977757 -1.052438
v 0.1765321 2.096926 -1.093901
v 0.1131607 2.073169 -1.092563
v 0.2957835 1.977757 -1.052438
v 0.175244 1.932569 -1.049893
v 0.2240317 1.823201 -0.9995682
v 0.3899401 1.885396 -1.003071
v 0.2957835 1.977757 -1.052438
v 0.175244 1.932569 -1.049893
v 0.3899401 1.885396 -1.003071
v 0.2240317 1.823201 -0.9995682
v 0.2547482 1.75577 -0.9465152
v 0.4497852 1.828885 -0.9506332
v 0.3899401 1.885396 -1.003071
v 0.2240317 1.823201 -0.9995682
v 0.4497852 1.828885 -0.9506332
v 0.2547482 1.75577 -0.9465152
v 0.2643868 1.736877 -0.8959272
v 0.4694608 1.813754 -0.9002572
v 0.4497852 1.828885 -0.9506332
v 0.2547482 1.75577 -0.9465152
v 0.4694608 1.813754 -0.9002572
v 0.2643868 1.736877 -0.8959272
v 0.2520039 1.768371 -0.8527552
v 0.4470409 1.841486 -0.8568742
v 0.4694608 1.813754 -0.9002572
v 0.2643868 1.736877 -0.8959272
v 0.4470409 1.841486 -0.8568742
v 0.2520039 1.768371 -0.8527552
v 0.2188118 1.84717 -0.8212262
v 0.3847201 1.909365 -0.8247302
v 0.4470409 1.841486 -0.8568742
v 0.2520039 1.768371 -0.8527552
v 0.3847201 1.909365 -0.8247302
v 0.2188118 1.84717 -0.8212262
v 0.1680593 1.96556 -0.8044262
v 0.2885988 2.010747 -0.8069712
v 0.3847201 1.909365 -0.8247302
v 0.2188118 1.84717 -0.8212262
v 0.2885988 2.010747 -0.8069712
v 0.1680593 1.96556 -0.8044262
v 0.1047147 2.111952 -0.8040001
v 0.168086 2.135709 -0.8053381
v 0.2885988 2.010747 -0.8069712
v 0.1680593 1.96556 -0.8044262
v 0.168086 2.135709 -0.8053381
v 0.1047147 2.111952 -0.8040001
v 0.03497843 2.272017 -0.8199883
v 0.168086 2.135709 -0.8053381
v 0.04298445 2.064983 -1.093516
v 0.1131607 2.073169 -1.092563
v 0.04385915 2.231238 -1.123401
v 0.04298445 2.064983 -1.093516
v 0.04176071 1.916998 -1.051707
v 0.175244 1.932569 -1.049893
v 0.1131607 2.073169 -1.092563
v 0.04298445 2.064983 -1.093516
v 0.175244 1.932569 -1.049893
v 0.04176071 1.916998 -1.051707
v 0.04030773 1.80177 -1.002065
v 0.2240317 1.823201 -0.9995682
v 0.175244 1.932569 -1.049893
v 0.04176071 1.916998 -1.051707
v 0.2240317 1.823201 -0.9995682
v 0.04030773 1.80177 -1.002065
v 0.03876774 1.730576 -0.9494512
v 0.2547482 1.75577 -0.9465152
v 0.2240317 1.823201 -0.9995682
v 0.04030773 1.80177 -1.002065
v 0.2547482 1.75577 -0.9465152
v 0.03876774 1.730576 -0.9494512
v 0.03729147 1.710387 -0.8990142
v 0.2643868 1.736877 -0.8959272
v 0.2547482 1.75577 -0.9465152
v 0.03876774 1.730576 -0.9494512
v 0.2643868 1.736877 -0.8959272
v 0.03729147 1.710387 -0.8990142
v 0.03602345 1.743177 -0.8556912
v 0.2520039 1.768371 -0.8527552
v 0.2643868 1.736877 -0.8959272
v 0.03729147 1.710387 -0.8990142
v 0.2520039 1.768371 -0.8527552
v 0.03602345 1.743177 -0.8556912
v 0.03508779 1.825739 -0.8237242
v 0.2188118 1.84717 -0.8212262
v 0.2520039 1.768371 -0.8527552
v 0.03602345 1.743177 -0.8556912
v 0.2188118 1.84717 -0.8212262
v 0.03508779 1.825739 -0.8237242
v 0.03457607 1.949989 -0.8062412
v 0.1680593 1.96556 -0.8044262
v 0.2188118 1.84717 -0.8212262
v 0.03508779 1.825739 -0.8237242
v 0.1680593 1.96556 -0.8044262
v 0.03457607 1.949989 -0.8062412
v 0.0345384 2.103766 -0.8049542
v 0.1047147 2.111952 -0.8040001
v 0.1680593 1.96556 -0.8044262
v 0.03457607 1.949989 -0.8062412
v 0.1047147 2.111952 -0.8040001
v 0.0345384 2.103766 -0.8049542
v 0.03497843 2.272017 -0.8199883
v 0.1047147 2.111952 -0.8040001
v -0.02712751 2.073169 -1.096669
v 0.04298445 2.064983 -1.093516
v 0.04385915 2.231238 -1.123401
v -0.02712751 2.073169 -1.096669
v -0.09160016 1.932569 -1.057703
v 0.04176071 1.916998 -1.051707
v 0.04298445 2.064983 -1.093516
v -0.02712751 2.073169 -1.096669
v 0.04176071 1.916998 -1.051707
v -0.09160016 1.932569 -1.057703
v -0.1432478 1.823201 -1.010318
v 0.04030773 1.80177 -1.002065
v 0.04176071 1.916998 -1.051707
v -0.09160016 1.932569 -1.057703
v 0.04030773 1.80177 -1.002065
v -0.1432478 1.823201 -1.010318
v -0.1770147 1.75577 -0.9591532
v 0.03876774 1.730576 -0.9494512
v 0.04030773 1.80177 -1.002065
v -0.1432478 1.823201 -1.010318
v 0.03876774 1.730576 -0.9494512
v -0.1770147 1.75577 -0.9591532
v -0.1895956 1.736877 -0.9092152
v 0.03729147 1.710387 -0.8990142
v 0.03876774 1.730576 -0.9494512
v -0.1770147 1.75577 -0.9591532
v 0.03729147 1.710387 -0.8990142
v -0.1895956 1.736877 -0.9092152
v -0.179759 1.768371 -0.8653932
v 0.03602345 1.743177 -0.8556912
v 0.03729147 1.710387 -0.8990142
v -0.1895956 1.736877 -0.9092152
v 0.03602345 1.743177 -0.8556912
v -0.179759 1.768371 -0.8653932
v -0.1484677 1.84717 -0.8319762
v 0.03508779 1.825739 -0.8237242
v 0.03602345 1.743177 -0.8556912
v -0.179759 1.768371 -0.8653932
v 0.03508779 1.825739 -0.8237242
v -0.1484677 1.84717 -0.8319762
v -0.09878478 1.96556 -0.8122371
v 0.03457607 1.949989 -0.8062412
v 0.03508779 1.825739 -0.8237242
v -0.1484677 1.84717 -0.8319762
v 0.03457607 1.949989 -0.8062412
v -0.09878478 1.96556 -0.8122371
v -0.03557352 2.111952 -0.8081062
v 0.0345384 2.103766 -0.8049542
v 0.03457607 1.949989 -0.8062412
v -0.09878478 1.96556 -0.8122371
v 0.0345384 2.103766 -0.8049542
v -0.03557352 2.111952 -0.8081062
v 0.03497843 2.272017 -0.8199883
v 0.0345384 2.103766 -0.8049542
v -0.09031214 2.096926 -1.101711
v -0.02712751 2.073169 -1.096669
v 0.04385915 2.231238 -1.123401
v -0.09031214 2.096926 -1.101711
v -0.2117845 1.977757 -1.067294
v -0.09160016 1.932569 -1.057703
v -0.02712751 2.073169 -1.096669
v -0.09031214 2.096926 -1.101711
v -0.09160016 1.932569 -1.057703
v -0.2117845 1.977757 -1.067294
v -0.3086673 1.885396 -1.023519
v -0.1432478 1.823201 -1.010318
v -0.09160016 1.932569 -1.057703
v -0.2117845 1.977757 -1.067294
v -0.1432478 1.823201 -1.010318
v -0.3086673 1.885396 -1.023519
v -0.371477 1.828885 -0.9746712
v -0.1770147 1.75577 -0.9591532
v -0.1432478 1.823201 -1.010318
v -0.3086673 1.885396 -1.023519
v -0.1770147 1.75577 -0.9591532
v -0.371477 1.828885 -0.9746712
v -0.3940653 1.813754 -0.9255322
v -0.1895956 1.736877 -0.9092152
v -0.1770147 1.75577 -0.9591532
v -0.371477 1.828885 -0.9746712
v -0.1895956 1.736877 -0.9092152
v -0.3940653 1.813754 -0.9255322
v -0.3742212 1.841486 -0.8809112
v -0.179759 1.768371 -0.8653932
v -0.1895956 1.736877 -0.9092152
v -0.3940653 1.813754 -0.9255322
v -0.179759 1.768371 -0.8653932
v -0.3742212 1.841486 -0.8809112
v -0.3138872 1.909365 -0.8451772
v -0.1484677 1.84717 -0.8319762
v -0.179759 1.768371 -0.8653932
v -0.3742212 1.841486 -0.8809112
v -0.1484677 1.84717 -0.8319762
v -0.3138872 1.909365 -0.8451772
v -0.2189691 2.010747 -0.8218282
v -0.09878478 1.96556 -0.8122371
v -0.1484677 1.84717 -0.8319762
v -0.3138872 1.909365 -0.8451772
v -0.09878478 1.96556 -0.8122371
v -0.2189691 2.010747 -0.8218282
v -0.09875806 2.135709 -0.8131481
v -0.03557352 2.111952 -0.8081062
v -0.09878478 1.96556 -0.8122371
v -0.2189691 2.010747 -0.8218282
v -0.03557352 2.111952 -0.8081062
v -0.09875806 2.135709 -0.8131481
v 0.03497843 2.272017 -0.8199883
v -0.03557352 2.111952 -0.8081062
v -0.1403844 2.133927 -1.10815
v -0.09031214 2.096926 -1.101711
v 0.04385915 2.231238 -1.123401
v -0.1403844 2.133927 -1.10815
v -0.3070275 2.048138 -1.079541
v -0.2117845 1.977757 -1.067294
v -0.09031214 2.096926 -1.101711
v -0.1403844 2.133927 -1.10815
v -0.2117845 1.977757 -1.067294
v -0.3070275 2.048138 -1.079541
v -0.4397581 1.982267 -1.040376
v -0.3086673 1.885396 -1.023519
v -0.2117845 1.977757 -1.067294
v -0.3070275 2.048138 -1.079541
v -0.3086673 1.885396 -1.023519
v -0.4397581 1.982267 -1.040376
v -0.5255835 1.942764 -0.9944872
v -0.371477 1.828885 -0.9746712
v -0.3086673 1.885396 -1.023519
v -0.4397581 1.982267 -1.040376
v -0.371477 1.828885 -0.9746712
v -0.5255835 1.942764 -0.9944872
v -0.5561025 1.933494 -0.9463682
v -0.3940653 1.813754 -0.9255322
v -0.371477 1.828885 -0.9746712
v -0.5255835 1.942764 -0.9944872
v -0.3940653 1.813754 -0.9255322
v -0.5561025 1.933494 -0.9463682
v -0.5283278 1.955365 -0.9007272
v -0.3742212 1.841486 -0.8809112
v -0.3940653 1.813754 -0.9255322
v -0.5561025 1.933494 -0.9463682
v -0.3742212 1.841486 -0.8809112
v -0.5283278 1.955365 -0.9007272
v -0.444978 2.006237 -0.8620342
v -0.3138872 1.909365 -0.8451772
v -0.3742212 1.841486 -0.8809112
v -0.5283278 1.955365 -0.9007272
v -0.3138872 1.909365 -0.8451772
v -0.444978 2.006237 -0.8620342
v -0.3142121 2.081129 -0.8340752
v -0.2189691 2.010747 -0.8218282
v -0.3138872 1.909365 -0.8451772
v -0.444978 2.006237 -0.8620342
v -0.2189691 2.010747 -0.8218282
v -0.3142121 2.081129 -0.8340752
v -0.1488303 2.17271 -0.8195872
v -0.09875806 2.135709 -0.8131481
v -0.2189691 2.010747 -0.8218282
v -0.3142121 2.081129 -0.8340752
v -0.09875806 2.135709 -0.8131481
v -0.1488303 2.17271 -0.8195872
v 0.03497843 2.272017 -0.8199883
v -0.09875806 2.135709 -0.8131481
v -0.1724428 2.180552 -1.115354
v -0.1403844 2.133927 -1.10815
v 0.04385915 2.231238 -1.123401
v -0.1724428 2.180552 -1.115354
v -0.3680063 2.136823 -1.093245
v -0.3070275 2.048138 -1.079541
v -0.1403844 2.133927 -1.10815
v -0.1724428 2.180552 -1.115354
v -0.3070275 2.048138 -1.079541
v -0.3680063 2.136823 -1.093245
v -0.5236882 2.104332 -1.059238
v -0.4397581 1.982267 -1.040376
v -0.3070275 2.048138 -1.079541
v -0.3680063 2.136823 -1.093245
v -0.4397581 1.982267 -1.040376
v -0.5236882 2.104332 -1.059238
v -0.6242492 2.08626 -1.016661
v -0.5255835 1.942764 -0.9944872
v -0.4397581 1.982267 -1.040376
v -0.5236882 2.104332 -1.059238
v -0.5255835 1.942764 -0.9944872
v -0.6242492 2.08626 -1.016661
v -0.6598458 2.084374 -0.9696832
v -0.5561025 1.933494 -0.9463682
v -0.5255835 1.942764 -0.9944872
v -0.6242492 2.08626 -1.016661
v -0.5561025 1.933494 -0.9463682
v -0.6598458 2.084374 -0.9696832
v -0.6269935 2.098861 -0.9229012
v -0.5283278 1.955365 -0.9007272
v -0.5561025 1.933494 -0.9463682
v -0.6598458 2.084374 -0.9696832
v -0.5283278 1.955365 -0.9007272
v -0.6269935 2.098861 -0.9229012
v -0.5289081 2.128302 -0.8808962
v -0.444978 2.006237 -0.8620342
v -0.5283278 1.955365 -0.9007272
v -0.6269935 2.098861 -0.9229012
v -0.444978 2.006237 -0.8620342
v -0.5289081 2.128302 -0.8808962
v -0.3751909 2.169814 -0.8477792
v -0.3142121 2.081129 -0.8340752
v -0.444978 2.006237 -0.8620342
v -0.5289081 2.128302 -0.8808962
v -0.3142121 2.081129 -0.8340752
v -0.3751909 2.169814 -0.8477792
v -0.1808887 2.219335 -0.8267912
v -0.1488303 2.17271 -0.8195872
v -0.3142121 2.081129 -0.8340752
v -0.3751909 2.169814 -0.8477792
v -0.1488303 2.17271 -0.8195872
v -0.1808887 2.219335 -0.8267912
v 0.03497843 2.272017 -0.8199883
v -0.1488303 2.17271 -0.8195872
v -0.1833495 2.232236 -1.12262
v -0.1724428 2.180552 -1.115354
v 0.04385915 2.231238 -1.123401
v -0.1833495 2.232236 -1.12262
v -0.3887519 2.235132 -1.107065
v -0.3680063 2.136823 -1.093245
v -0.1724428 2.180552 -1.115354
v -0.1833495 2.232236 -1.12262
v -0.3680063 2.136823 -1.093245
v -0.3887519 2.235132 -1.107065
v -0.5522421 2.239642 -1.078259
v -0.5236882 2.104332 -1.059238
v -0.3680063 2.136823 -1.093245
v -0.3887519 2.235132 -1.107065
v -0.5236882 2.104332 -1.059238
v -0.5522421 2.239642 -1.078259
v -0.6578163 2.245327 -1.039022
v -0.6242492 2.08626 -1.016661
v -0.5236882 2.104332 -1.059238
v -0.5522421 2.239642 -1.078259
v -0.6242492 2.08626 -1.016661
v -0.6578163 2.245327 -1.039022
v -0.6951403 2.251627 -0.9931953
v -0.6598458 2.084374 -0.9696832
v -0.6242492 2.08626 -1.016661
v -0.6578163 2.245327 -1.039022
v -0.6598458 2.084374 -0.9696832
v -0.6951403 2.251627 -0.9931953
v -0.6605606 2.257928 -0.9452622
v -0.6269935 2.098861 -0.9229012
v -0.6598458 2.084374 -0.9696832
v -0.6951403 2.251627 -0.9931953
v -0.6269935 2.098861 -0.9229012
v -0.6605606 2.257928 -0.9452622
v -0.5574621 2.263612 -0.8999182
v -0.5289081 2.128302 -0.8808962
v -0.6269935 2.098861 -0.9229012
v -0.6605606 2.257928 -0.9452622
v -0.5289081 2.128302 -0.8808962
v -0.5574621 2.263612 -0.8999182
v -0.3959365 2.268123 -0.8615992
v -0.3751909 2.169814 -0.8477792
v -0.5289081 2.128302 -0.8808962
v -0.5574621 2.263612 -0.8999182
v -0.3751909 2.169814 -0.8477792
v -0.3959365 2.268123 -0.8615992
v -0.1917953 2.271019 -0.8340572
v -0.1808887 2.219335 -0.8267912
v -0.3751909 2.169814 -0.8477792
v -0.3959365 2.268123 -0.8615992
v -0.1808887 2.219335 -0.8267912
v -0.1917953 2.271019 -0.8340572
v 0.03497843 2.272017 -0.8199883
v -0.1808887 2.219335 -0.8267912
v -0.1720366 2.28392 -1.129235
v -0.1833495 2.232236 -1.12262
v 0.04385915 2.231238 -1.123401
v -0.1720366 2.28392 -1.129235
v -0.3672335 2.33344 -1.119648
v -0.3887519 2.235132 -1.107065
v -0.1833495 2.232236 -1.12262
v -0.1720366 2.28392 -1.129235
v -0.3887519 2.235132 -1.107065
v -0.3672335 2.33344 -1.119648
v -0.5226246 2.374953 -1.095578
v -0.5522421 2.239642 -1.078259
v -0.3887519 2.235132 -1.107065
v -0.3672335 2.33344 -1.119648
v -0.5522421 2.239642 -1.078259
v -0.5226246 2.374953 -1.095578
v -0.6229988 2.404393 -1.059382
v -0.6578163 2.245327 -1.039022
v -0.5522421 2.239642 -1.078259
v -0.5226246 2.374953 -1.095578
v -0.6578163 2.245327 -1.039022
v -0.6229988 2.404393 -1.059382
v -0.6585311 2.41888 -1.014602
v -0.6951403 2.251627 -0.9931953
v -0.6578163 2.245327 -1.039022
v -0.6229988 2.404393 -1.059382
v -0.6951403 2.251627 -0.9931953
v -0.6585311 2.41888 -1.014602
v -0.6257431 2.416995 -0.9656222
v -0.6605606 2.257928 -0.9452622
v -0.6951403 2.251627 -0.9931953
v -0.6585311 2.41888 -1.014602
v -0.6605606 2.257928 -0.9452622
v -0.6257431 2.416995 -0.9656222
v -0.5278445 2.398922 -0.9172372
v -0.5574621 2.263612 -0.8999182
v -0.6605606 2.257928 -0.9452622
v -0.6257431 2.416995 -0.9656222
v -0.5574621 2.263612 -0.8999182
v -0.5278445 2.398922 -0.9172372
v -0.3744181 2.366431 -0.8741822
v -0.3959365 2.268123 -0.8615992
v -0.5574621 2.263612 -0.8999182
v -0.5278445 2.398922 -0.9172372
v -0.3959365 2.268123 -0.8615992
v -0.3744181 2.366431 -0.8741822
v -0.1804824 2.322703 -0.8406721
v -0.1917953 2.271019 -0.8340572
v -0.3959365 2.268123 -0.8615992
v -0.3744181 2.366431 -0.8741822
v -0.1917953 2.271019 -0.8340572
v -0.1804824 2.322703 -0.8406721
v 0.03497843 2.272017 -0.8199883
v -0.1917953 2.271019 -0.8340572
v -0.1396116 2.330544 -1.134553
v -0.1720366 2.28392 -1.129235
v 0.04385915 2.231238 -1.123401
v -0.1396116 2.330544 -1.134553
v -0.3055575 2.422126 -1.129762
v -0.3672335 2.33344 -1.119648
v -0.1720366 2.28392 -1.129235
v -0.1396116 2.330544 -1.134553
v -0.3672335 2.33344 -1.119648
v -0.3055575 2.422126 -1.129762
v -0.4377348 2.497018 -1.109499
v -0.5226246 2.374953 -1.095578
v -0.3672335 2.33344 -1.119648
v -0.3055575 2.422126 -1.129762
v -0.5226246 2.374953 -1.095578
v -0.4377348 2.497018 -1.109499
v -0.5232049 2.547889 -1.075747
v -0.6229988 2.404393 -1.059382
v -0.5226246 2.374953 -1.095578
v -0.4377348 2.497018 -1.109499
v -0.6229988 2.404393 -1.059382
v -0.5232049 2.547889 -1.075747
v -0.5536015 2.569761 -1.031809
v -0.6585311 2.41888 -1.014602
v -0.6229988 2.404393 -1.059382
v -0.5232049 2.547889 -1.075747
v -0.6585311 2.41888 -1.014602
v -0.5536015 2.569761 -1.031809
v -0.5259492 2.560491 -0.9819872
v -0.6257431 2.416995 -0.9656222
v -0.6585311 2.41888 -1.014602
v -0.5536015 2.569761 -1.031809
v -0.6257431 2.416995 -0.9656222
v -0.5259492 2.560491 -0.9819872
v -0.4429547 2.520987 -0.9311582
v -0.5278445 2.398922 -0.9172372
v -0.6257431 2.416995 -0.9656222
v -0.5259492 2.560491 -0.9819872
v -0.5278445 2.398922 -0.9172372
v -0.4429547 2.520987 -0.9311582
v -0.3127421 2.455117 -0.8842962
v -0.3744181 2.366431 -0.8741822
v -0.5278445 2.398922 -0.9172372
v -0.4429547 2.520987 -0.9311582
v -0.3744181 2.366431 -0.8741822
v -0.3127421 2.455117 -0.8842962
v -0.1480575 2.369327 -0.8459902
v -0.1804824 2.322703 -0.8406721
v -0.3744181 2.366431 -0.8741822
v -0.3127421 2.455117 -0.8842962
v -0.1804824 2.322703 -0.8406721
v -0.1480575 2.369327 -0.8459902
v 0.03497843 2.272017 -0.8199883
v -0.1804824 2.322703 -0.8406721
v -0.08924842 2.367546 -1.138052
v -0.1396116 2.330544 -1.134553
v 0.04385915 2.231238 -1.123401
v -0.08924842 2.367546 -1.138052
v -0.2097611 2.492507 -1.136418
v -0.3055575 2.422126 -1.129762
v -0.1396116 2.330544 -1.134553
v -0.08924842 2.367546 -1.138052
v -0.3055575 2.422126 -1.129762
v -0.2097611 2.492507 -1.136418
v -0.3058824 2.593889 -1.11866
v -0.4377348 2.497018 -1.109499
v -0.3055575 2.422126 -1.129762
v -0.2097611 2.492507 -1.136418
v -0.4377348 2.497018 -1.109499
v -0.3058824 2.593889 -1.11866
v -0.3682032 2.661769 -1.086516
v -0.5232049 2.547889 -1.075747
v -0.4377348 2.497018 -1.109499
v -0.3058824 2.593889 -1.11866
v -0.5232049 2.547889 -1.075747
v -0.3682032 2.661769 -1.086516
v -0.390623 2.6895 -1.043132
v -0.5536015 2.569761 -1.031809
v -0.5232049 2.547889 -1.075747
v -0.3682032 2.661769 -1.086516
v -0.5536015 2.569761 -1.031809
v -0.390623 2.6895 -1.043132
v -0.3709474 2.67437 -0.9927562
v -0.5259492 2.560491 -0.9819872
v -0.5536015 2.569761 -1.031809
v -0.390623 2.6895 -1.043132
v -0.5259492 2.560491 -0.9819872
v -0.3709474 2.67437 -0.9927562
v -0.3111023 2.617859 -0.9403182
v -0.4429547 2.520987 -0.9311582
v -0.5259492 2.560491 -0.9819872
v -0.3709474 2.67437 -0.9927562
v -0.4429547 2.520987 -0.9311582
v -0.3111023 2.617859 -0.9403182
v -0.2169457 2.525498 -0.8909512
v -0.3127421 2.455117 -0.8842962
v -0.4429547 2.520987 -0.9311582
v -0.3111023 2.617859 -0.9403182
v -0.3127421 2.455117 -0.8842962
v -0.2169457 2.525498 -0.8909512
v -0.09769436 2.406329 -0.8494892
v -0.1480575 2.369327 -0.8459902
v -0.3127421 2.455117 -0.8842962
v -0.2169457 2.525498 -0.8909512
v -0.1480575 2.369327 -0.8459902
v -0.09769436 2.406329 -0.8494892
v 0.03497843 2.272017 -0.8199883
v -0.1480575 2.369327 -0.8459902
v -0.02587714 2.391302 -1.13939
v -0.08924842 2.367546 -1.138052
v 0.04385915 2.231238 -1.123401
v -0.02587714 2.391302 -1.13939
v -0.08922179 2.537694 -1.138963
v -0.2097611 2.492507 -1.136418
v -0.08924842 2.367546 -1.138052
v -0.02587714 2.391302 -1.13939
v -0.2097611 2.492507 -1.136418
v -0.08922179 2.537694 -1.138963
v -0.1399742 2.656085 -1.122163
v -0.3058824 2.593889 -1.11866
v -0.2097611 2.492507 -1.136418
v -0.08922179 2.537694 -1.138963
v -0.3058824 2.593889 -1.11866
v -0.1399742 2.656085 -1.122163
v -0.1731664 2.734883 -1.090634
v -0.3682032 2.661769 -1.086516
v -0.3058824 2.593889 -1.11866
v -0.1399742 2.656085 -1.122163
v -0.3682032 2.661769 -1.086516
v -0.1731664 2.734883 -1.090634
v -0.1855493 2.766378 -1.047462
v -0.390623 2.6895 -1.043132
v -0.3682032 2.661769 -1.086516
v -0.1731664 2.734883 -1.090634
v -0.390623 2.6895 -1.043132
v -0.1855493 2.766378 -1.047462
v -0.1759107 2.747485 -0.9968742
v -0.3709474 2.67437 -0.9927562
v -0.390623 2.6895 -1.043132
v -0.1855493 2.766378 -1.047462
v -0.3709474 2.67437 -0.9927562
v -0.1759107 2.747485 -0.9968742
v -0.1451942 2.680054 -0.9438212
v -0.3111023 2.617859 -0.9403182
v -0.3709474 2.67437 -0.9927562
v -0.1759107 2.747485 -0.9968742
v -0.3111023 2.617859 -0.9403182
v -0.1451942 2.680054 -0.9438212
v -0.09640642 2.570685 -0.8934972
v -0.2169457 2.525498 -0.8909512
v -0.3111023 2.617859 -0.9403182
v -0.1451942 2.680054 -0.9438212
v -0.2169457 2.525498 -0.8909512
v -0.09640642 2.570685 -0.8934972
v -0.03432313 2.430085 -0.8508272
v -0.09769436 2.406329 -0.8494892
v -0.2169457 2.525498 -0.8909512
v -0.09640642 2.570685 -0.8934972
v -0.09769436 2.406329 -0.8494892
v -0.03432313 2.430085 -0.8508272
v 0.03497843 2.272017 -0.8199883
v -0.09769436 2.406329 -0.8494892
v 0.04429919 2.399488 -1.138436
v -0.02587714 2.391302 -1.13939
v 0.04385915 2.231238 -1.123401
v 0.04429919 2.399488 -1.138436
v 0.04426149 2.553265 -1.137149
v -0.08922179 2.537694 -1.138963
v -0.02587714 2.391302 -1.13939
v 0.04429919 2.399488 -1.138436
v -0.08922179 2.537694 -1.138963
v 0.04426149 2.553265 -1.137149
v 0.04374976 2.677516 -1.119666
v -0.1399742 2.656085 -1.122163
v -0.08922179 2.537694 -1.138963
v 0.04426149 2.553265 -1.137149
v -0.1399742 2.656085 -1.122163
v 0.04374976 2.677516 -1.119666
v 0.0428141 2.760077 -1.087698
v -0.1731664 2.734883 -1.090634
v -0.1399742 2.656085 -1.122163
v 0.04374976 2.677516 -1.119666
v -0.1731664 2.734883 -1.090634
v 0.0428141 2.760077 -1.087698
v 0.04154606 2.792868 -1.044376
v -0.1855493 2.766378 -1.047462
v -0.1731664 2.734883 -1.090634
v 0.0428141 2.760077 -1.087698
v -0.1855493 2.766378 -1.047462
v 0.04154606 2.792868 -1.044376
v 0.04006981 2.772678 -0.9939382
v -0.1759107 2.747485 -0.9968742
v -0.1855493 2.766378 -1.047462
v 0.04154606 2.792868 -1.044376
v -0.1759107 2.747485 -0.9968742
v 0.04006981 2.772678 -0.9939382
v 0.03852982 2.701485 -0.9413242
v -0.1451942 2.680054 -0.9438212
v -0.1759107 2.747485 -0.9968742
v 0.04006981 2.772678 -0.9939382
v -0.1451942 2.680054 -0.9438212
v 0.03852982 2.701485 -0.9413242
v 0.03707686 2.586256 -0.8916821
v -0.09640642 2.570685 -0.8934972
v -0.1451942 2.680054 -0.9438212
v 0.03852982 2.701485 -0.9413242
v -0.09640642 2.570685 -0.8934972
v 0.03707686 2.586256 -0.8916821
v 0.03585315 2.438271 -0.8498732
v -0.03432313 2.430085 -0.8508272
v -0.09640642 2.570685 -0.8934972
v 0.03707686 2.586256 -0.8916821
v -0.03432313 2.430085 -0.8508272
v 0.03585315 2.438271 -0.8498732
v 0.03497843 2.272017 -0.8199883
v -0.03432313 2.430085 -0.8508272
v 0.144299 1.303907 -0.5751902
v 0.06964301 1.303907 -0.5875332
v 0.06357432 1.296412 -0.3801782
v 0.144299 1.303907 -0.5751902
v 0.2171218 1.325658 -0.7511132
v 0.07511767 1.325658 -0.7745901
v 0.06964301 1.303907 -0.5875332
v 0.144299 1.303907 -0.5751902
v 0.07511767 1.325658 -0.7745901
v 0.2171218 1.325658 -0.7511132
v 0.2749143 1.359537 -0.8907262
v 0.07946238 1.359537 -0.9230392
v 0.07511767 1.325658 -0.7745901
v 0.2171218 1.325658 -0.7511132
v 0.07946238 1.359537 -0.9230392
v 0.2749143 1.359537 -0.8907262
v 0.3120194 1.402226 -0.9803642
v 0.08225185 1.402226 -1.018349
v 0.07946238 1.359537 -0.9230392
v 0.2749143 1.359537 -0.8907262
v 0.08225185 1.402226 -1.018349
v 0.3120194 1.402226 -0.9803642
v 0.3248049 1.449547 -1.011251
v 0.08321303 1.449547 -1.051191
v 0.08225185 1.402226 -1.018349
v 0.3120194 1.402226 -0.9803642
v 0.08321303 1.449547 -1.051191
v 0.3248049 1.449547 -1.011251
v 0.3120194 1.496869 -0.9803642
v 0.08225185 1.496869 -1.018349
v 0.08321303 1.449547 -1.051191
v 0.3248049 1.449547 -1.011251
v 0.08225185 1.496869 -1.018349
v 0.3120194 1.496869 -0.9803642
v 0.2749143 1.539558 -0.8907262
v 0.07946238 1.539558 -0.9230392
v 0.08225185 1.496869 -1.018349
v 0.3120194 1.496869 -0.9803642
v 0.07946238 1.539558 -0.9230392
v 0.2749143 1.539558 -0.8907262
v 0.2171218 1.573436 -0.7511132
v 0.07511767 1.573436 -0.7745901
v 0.07946238 1.539558 -0.9230392
v 0.2749143 1.539558 -0.8907262
v 0.07511767 1.573436 -0.7745901
v 0.2171218 1.573436 -0.7511132
v 0.144299 1.595187 -0.5751902
v 0.06964301 1.595187 -0.5875322
v 0.07511767 1.573436 -0.7745901
v 0.2171218 1.573436 -0.7511132
v 0.06964301 1.595187 -0.5875322
v 0.144299 1.595187 -0.5751902
v 0.06357431 1.602682 -0.3801782
v 0.06964301 1.595187 -0.5875322
v 0.2110532 1.303907 -0.5437592
v 0.144299 1.303907 -0.5751902
v 0.06357432 1.296412 -0.3801782
v 0.2110532 1.303907 -0.5437592
v 0.3440957 1.325658 -0.6913272
v 0.2171218 1.325658 -0.7511132
v 0.144299 1.303907 -0.5751902
v 0.2110532 1.303907 -0.5437592
v 0.2171218 1.325658 -0.7511132
v 0.3440957 1.325658 -0.6913272
v 0.4496788 1.359537 -0.8084382
v 0.2749143 1.359537 -0.8907262
v 0.2171218 1.325658 -0.7511132
v 0.3440957 1.325658 -0.6913272
v 0.2749143 1.359537 -0.8907262
v 0.4496788 1.359537 -0.8084382
v 0.5174674 1.402226 -0.8836282
v 0.3120194 1.402226 -0.9803642
v 0.2749143 1.359537 -0.8907262
v 0.4496788 1.359537 -0.8084382
v 0.3120194 1.402226 -0.9803642
v 0.5174674 1.402226 -0.8836282
v 0.5408257 1.449547 -0.9095362
v 0.3248049 1.449547 -1.011251
v 0.3120194 1.402226 -0.9803642
v 0.5174674 1.402226 -0.8836282
v 0.3248049 1.449547 -1.011251
v 0.5408257 1.449547 -0.9095362
v 0.5174673 1.496869 -0.8836272
v 0.3120194 1.496869 -0.9803642
v 0.3248049 1.449547 -1.011251
v 0.5408257 1.449547 -0.9095362
v 0.3120194 1.496869 -0.9803642
v 0.5174673 1.496869 -0.8836272
v 0.4496788 1.539558 -0.8084382
v 0.2749143 1.539558 -0.8907262
v 0.3120194 1.496869 -0.9803642
v 0.5174673 1.496869 -0.8836272
v 0.2749143 1.539558 -0.8907262
v 0.4496788 1.539558 -0.8084382
v 0.3440957 1.573436 -0.6913272
v 0.2171218 1.573436 -0.7511132
v 0.2749143 1.539558 -0.8907262
v 0.4496788 1.539558 -0.8084382
v 0.2171218 1.573436 -0.7511132
v 0.3440957 1.573436 -0.6913272
v 0.2110531 1.595187 -0.5437592
v 0.144299 1.595187 -0.5751902
v 0.2171218 1.573436 -0.7511132
v 0.3440957 1.573436 -0.6913272
v 0.144299 1.595187 -0.5751902
v 0.2110531 1.595187 -0.5437592
v 0.06357431 1.602682 -0.3801782
v 0.144299 1.595187 -0.5751902
v 0.263371 1.303907 -0.4963152
v 0.2110532 1.303907 -0.5437592
v 0.06357432 1.296412 -0.3801782
v 0.263371 1.303907 -0.4963152
v 0.4436102 1.325658 -0.6010832
v 0.3440957 1.325658 -0.6913272
v 0.2110532 1.303907 -0.5437592
v 0.263371 1.303907 -0.4963152
v 0.3440957 1.325658 -0.6913272
v 0.4436102 1.325658 -0.6010832
v 0.5866488 1.359537 -0.6842282
v 0.4496788 1.359537 -0.8084382
v 0.3440957 1.325658 -0.6913272
v 0.4436102 1.325658 -0.6010832
v 0.4496788 1.359537 -0.8084382
v 0.5866488 1.359537 -0.6842282
v 0.6784852 1.402226 -0.7376102
v 0.5174674 1.402226 -0.8836282
v 0.4496788 1.359537 -0.8084382
v 0.5866488 1.359537 -0.6842282
v 0.5174674 1.402226 -0.8836282
v 0.6784852 1.402226 -0.7376102
v 0.7101299 1.449547 -0.756005
v 0.5408257 1.449547 -0.9095362
v 0.5174674 1.402226 -0.8836282
v 0.6784852 1.402226 -0.7376102
v 0.5408257 1.449547 -0.9095362
v 0.7101299 1.449547 -0.756005
v 0.6784852 1.496869 -0.7376102
v 0.5174673 1.496869 -0.8836272
v 0.5408257 1.449547 -0.9095362
v 0.7101299 1.449547 -0.756005
v 0.5174673 1.496869 -0.8836272
v 0.6784852 1.496869 -0.7376102
v 0.5866488 1.539558 -0.6842282
v 0.4496788 1.539558 -0.8084382
v 0.5174673 1.496869 -0.8836272
v 0.6784852 1.496869 -0.7376102
v 0.4496788 1.539558 -0.8084382
v 0.5866488 1.539558 -0.6842282
v 0.4436101 1.573436 -0.6010832
v 0.3440957 1.573436 -0.6913272
v 0.4496788 1.539558 -0.8084382
v 0.5866488 1.539558 -0.6842282
v 0.3440957 1.573436 -0.6913272
v 0.4436101 1.573436 -0.6010832
v 0.2633708 1.595187 -0.4963152
v 0.2110531 1.595187 -0.5437592
v 0.3440957 1.573436 -0.6913272
v 0.4436101 1.573436 -0.6010832
v 0.2110531 1.595187 -0.5437592
v 0.2633708 1.595187 -0.4963152
v 0.06357431 1.602682 -0.3801782
v 0.2110531 1.595187 -0.5437592
v 0.2961313 1.303907 -0.4375032
v 0.263371 1.303907 -0.4963152
v 0.06357432 1.296412 -0.3801782
v 0.2961313 1.303907 -0.4375032
v 0.5059241 1.325658 -0.4892162
v 0.4436102 1.325658 -0.6010832
v 0.263371 1.303907 -0.4963152
v 0.2961313 1.303907 -0.4375032
v 0.4436102 1.325658 -0.6010832
v 0.5059241 1.325658 -0.4892162
v 0.6724166 1.359537 -0.5302562
v 0.5866488 1.359537 -0.6842282
v 0.4436102 1.325658 -0.6010832
v 0.5059241 1.325658 -0.4892162
v 0.5866488 1.359537 -0.6842282
v 0.6724166 1.359537 -0.5302562
v 0.7793112 1.402226 -0.5566051
v 0.6784852 1.402226 -0.7376102
v 0.5866488 1.359537 -0.6842282
v 0.6724166 1.359537 -0.5302562
v 0.6784852 1.402226 -0.7376102
v 0.7793112 1.402226 -0.5566051
v 0.8161447 1.449547 -0.565685
v 0.7101299 1.449547 -0.756005
v 0.6784852 1.402226 -0.7376102
v 0.7793112 1.402226 -0.5566051
v 0.7101299 1.449547 -0.756005
v 0.8161447 1.449547 -0.565685
v 0.7793111 1.496869 -0.5566051
v 0.6784852 1.496869 -0.7376102
v 0.7101299 1.449547 -0.756005
v 0.8161447 1.449547 -0.565685
v 0.6784852 1.496869 -0.7376102
v 0.7793111 1.496869 -0.5566051
v 0.6724166 1.539558 -0.5302562
v 0.5866488 1.539558 -0.6842282
v 0.6784852 1.496869 -0.7376102
v 0.7793111 1.496869 -0.5566051
v 0.5866488 1.539558 -0.6842282
v 0.6724166 1.539558 -0.5302562
v 0.505924 1.573436 -0.4892162
v 0.4436101 1.573436 -0.6010832
v 0.5866488 1.539558 -0.6842282
v 0.6724166 1.539558 -0.5302562
v 0.4436101 1.573436 -0.6010832
v 0.505924 1.573436 -0.4892162
v 0.2961312 1.595187 -0.4375032
v 0.2633708 1.595187 -0.4963152
v 0.4436101 1.573436 -0.6010832
v 0.505924 1.573436 -0.4892162
v 0.2633708 1.595187 -0.4963152
v 0.2961312 1.595187 -0.4375032
v 0.06357431 1.602682 -0.3801782
v 0.2633708 1.595187 -0.4963152
v 0.3061273 1.303907 -0.3730792
v 0.2961313 1.303907 -0.4375032
v 0.06357432 1.296412 -0.3801782
v 0.3061273 1.303907 -0.3730792
v 0.5249376 1.325658 -0.3666751
v 0.5059241 1.325658 -0.4892162
v 0.2961313 1.303907 -0.4375032
v 0.3061273 1.303907 -0.3730792
v 0.5059241 1.325658 -0.4892162
v 0.5249376 1.325658 -0.3666751
v 0.6985864 1.359537 -0.3615931
v 0.6724166 1.359537 -0.5302562
v 0.5059241 1.325658 -0.4892162
v 0.5249376 1.325658 -0.3666751
v 0.6724166 1.359537 -0.5302562
v 0.6985864 1.359537 -0.3615931
v 0.8100759 1.402226 -0.3583301
v 0.7793112 1.402226 -0.5566051
v 0.6724166 1.359537 -0.5302562
v 0.6985864 1.359537 -0.3615931
v 0.7793112 1.402226 -0.5566051
v 0.8100759 1.402226 -0.3583301
v 0.8484925 1.449547 -0.3572061
v 0.8161447 1.449547 -0.565685
v 0.7793112 1.402226 -0.5566051
v 0.8100759 1.402226 -0.3583301
v 0.8161447 1.449547 -0.565685
v 0.8484925 1.449547 -0.3572061
v 0.8100758 1.496869 -0.3583301
v 0.7793111 1.496869 -0.5566051
v 0.8161447 1.449547 -0.565685
v 0.8484925 1.449547 -0.3572061
v 0.7793111 1.496869 -0.5566051
v 0.8100758 1.496869 -0.3583301
v 0.6985864 1.539558 -0.3615931
v 0.6724166 1.539558 -0.5302562
v 0.7793111 1.496869 -0.5566051
v 0.8100758 1.496869 -0.3583301
v 0.6724166 1.539558 -0.5302562
v 0.6985864 1.539558 -0.3615931
v 0.5249375 1.573436 -0.3666751
v 0.505924 1.573436 -0.4892162
v 0.6724166 1.539558 -0.5302562
v 0.6985864 1.539558 -0.3615931
v 0.505924 1.573436 -0.4892162
v 0.5249375 1.573436 -0.3666751
v 0.3061273 1.595187 -0.3730792
v 0.2961312 1.595187 -0.4375032
v 0.505924 1.573436 -0.4892162
v 0.5249375 1.573436 -0.3666751
v 0.2961312 1.595187 -0.4375032
v 0.3061273 1.595187 -0.3730792
v 0.06357431 1.602682 -0.3801782
v 0.2961312 1.595187 -0.4375032
v 0.2923807 1.303907 -0.3093512
v 0.3061273 1.303907 -0.3730792
v 0.06357432 1.296412 -0.3801782
v 0.2923807 1.303907 -0.3093512
v 0.4987898 1.325658 -0.2454562
v 0.5249376 1.325658 -0.3666751
v 0.3061273 1.303907 -0.3730792
v 0.2923807 1.303907 -0.3093512
v 0.5249376 1.325658 -0.3666751
v 0.4987898 1.325658 -0.2454562
v 0.6625971 1.359537 -0.1947502
v 0.6985864 1.359537 -0.3615931
v 0.5249376 1.325658 -0.3666751
v 0.4987898 1.325658 -0.2454562
v 0.6985864 1.359537 -0.3615931
v 0.6625971 1.359537 -0.1947502
v 0.7677678 1.402226 -0.1621941
v 0.8100759 1.402226 -0.3583301
v 0.6985864 1.359537 -0.3615931
v 0.6625971 1.359537 -0.1947502
v 0.8100759 1.402226 -0.3583301
v 0.7677678 1.402226 -0.1621941
v 0.8040072 1.449547 -0.1509761
v 0.8484925 1.449547 -0.3572061
v 0.8100759 1.402226 -0.3583301
v 0.7677678 1.402226 -0.1621941
v 0.8484925 1.449547 -0.3572061
v 0.8040072 1.449547 -0.1509761
v 0.7677678 1.496869 -0.1621941
v 0.8100758 1.496869 -0.3583301
v 0.8484925 1.449547 -0.3572061
v 0.8040072 1.449547 -0.1509761
v 0.8100758 1.496869 -0.3583301
v 0.7677678 1.496869 -0.1621941
v 0.6625971 1.539558 -0.1947502
v 0.6985864 1.539558 -0.3615931
v 0.8100758 1.496869 -0.3583301
v 0.7677678 1.496869 -0.1621941
v 0.6985864 1.539558 -0.3615931
v 0.6625971 1.539558 -0.1947502
v 0.4987897 1.573436 -0.2454562
v 0.5249375 1.573436 -0.3666751
v 0.6985864 1.539558 -0.3615931
v 0.6625971 1.539558 -0.1947502
v 0.5249375 1.573436 -0.3666751
v 0.4987897 1.573436 -0.2454562
v 0.2923805 1.595187 -0.3093512
v 0.3061273 1.595187 -0.3730792
v 0.5249375 1.573436 -0.3666751
v 0.4987897 1.573436 -0.2454562
v 0.3061273 1.595187 -0.3730792
v 0.2923805 1.595187 -0.3093512
v 0.06357431 1.602682 -0.3801782
v 0.3061273 1.595187 -0.3730792
v 0.2562368 1.303907 -0.2525553
v 0.2923807 1.303907 -0.3093512
v 0.06357432 1.296412 -0.3801782
v 0.2562368 1.303907 -0.2525553
v 0.4300401 1.325658 -0.1374252
v 0.4987898 1.325658 -0.2454562
v 0.2923807 1.303907 -0.3093512
v 0.2562368 1.303907 -0.2525553
v 0.4987898 1.325658 -0.2454562
v 0.4300401 1.325658 -0.1374252
v 0.5679712 1.359537 -0.04605722
v 0.6625971 1.359537 -0.1947502
v 0.4987898 1.325658 -0.2454562
v 0.4300401 1.325658 -0.1374252
v 0.6625971 1.359537 -0.1947502
v 0.5679712 1.359537 -0.04605722
v 0.6565285 1.402226 0.01260471
v 0.7677678 1.402226 -0.1621941
v 0.6625971 1.359537 -0.1947502
v 0.5679712 1.359537 -0.04605722
v 0.7677678 1.402226 -0.1621941
v 0.6565285 1.402226 0.01260471
v 0.6870432 1.449547 0.03281784
v 0.8040072 1.449547 -0.1509761
v 0.7677678 1.402226 -0.1621941
v 0.6565285 1.402226 0.01260471
v 0.8040072 1.449547 -0.1509761
v 0.6870432 1.449547 0.03281784
v 0.6565284 1.496869 0.01260471
v 0.7677678 1.496869 -0.1621941
v 0.8040072 1.449547 -0.1509761
v 0.6870432 1.449547 0.03281784
v 0.7677678 1.496869 -0.1621941
v 0.6565284 1.496869 0.01260471
v 0.5679712 1.539558 -0.04605722
v 0.6625971 1.539558 -0.1947502
v 0.7677678 1.496869 -0.1621941
v 0.6565284 1.496869 0.01260471
v 0.6625971 1.539558 -0.1947502
v 0.5679712 1.539558 -0.04605722
v 0.43004 1.573436 -0.1374252
v 0.4987897 1.573436 -0.2454562
v 0.6625971 1.539558 -0.1947502
v 0.5679712 1.539558 -0.04605722
v 0.4987897 1.573436 -0.2454562
v 0.43004 1.573436 -0.1374252
v 0.2562366 1.595187 -0.2525553
v 0.2923805 1.595187 -0.3093512
v 0.4987897 1.573436 -0.2454562
v 0.43004 1.573436 -0.1374252
v 0.2923805 1.595187 -0.3093512
v 0.2562366 1.595187 -0.2525553
v 0.06357431 1.602682 -0.3801782
v 0.2923805 1.595187 -0.3093512
v 0.2012337 1.303907 -0.2082522
v 0.2562368 1.303907 -0.2525553
v 0.06357432 1.296412 -0.3801782
v 0.2012337 1.303907 -0.2082522
v 0.3254181 1.325658 -0.05315614
v 0.4300401 1.325658 -0.1374252
v 0.2562368 1.303907 -0.2525553
v 0.2012337 1.303907 -0.2082522
v 0.4300401 1.325658 -0.1374252
v 0.3254181 1.325658 -0.05315614
v 0.4239714 1.359537 0.06992984
v 0.5679712 1.359537 -0.04605722
v 0.4300401 1.325658 -0.1374252
v 0.3254181 1.325658 -0.05315614
v 0.5679712 1.359537 -0.04605722
v 0.4239714 1.359537 0.06992984
v 0.4872464 1.402226 0.1489549
v 0.6565285 1.402226 0.01260471
v 0.5679712 1.359537 -0.04605722
v 0.4239714 1.359537 0.06992984
v 0.6565285 1.402226 0.01260471
v 0.4872464 1.402226 0.1489549
v 0.5090496 1.449547 0.1761858
v 0.6870432 1.449547 0.03281784
v 0.6565285 1.402226 0.01260471
v 0.4872464 1.402226 0.1489549
v 0.6870432 1.449547 0.03281784
v 0.5090496 1.449547 0.1761858
v 0.4872464 1.496869 0.1489549
v 0.6565284 1.496869 0.01260471
v 0.6870432 1.449547 0.03281784
v 0.5090496 1.449547 0.1761858
v 0.6565284 1.496869 0.01260471
v 0.4872464 1.496869 0.1489549
v 0.4239714 1.539558 0.06992984
v 0.5679712 1.539558 -0.04605722
v 0.6565284 1.496869 0.01260471
v 0.4872464 1.496869 0.1489549
v 0.5679712 1.539558 -0.04605722
v 0.4239714 1.539558 0.06992984
v 0.325418 1.573436 -0.05315614
v 0.43004 1.573436 -0.1374252
v 0.5679712 1.539558 -0.04605722
v 0.4239714 1.539558 0.06992984
v 0.43004 1.573436 -0.1374252
v 0.325418 1.573436 -0.05315614
v 0.2012336 1.595187 -0.2082522
v 0.2562366 1.595187 -0.2525553
v 0.43004 1.573436 -0.1374252
v 0.325418 1.573436 -0.05315614
v 0.2562366 1.595187 -0.2525553
v 0.2012336 1.595187 -0.2082522
v 0.06357431 1.602682 -0.3801782
v 0.2562366 1.595187 -0.2525553
v 0.1327556 1.303907 -0.1807792
v 0.2012337 1.303907 -0.2082522
v 0.06357432 1.296412 -0.3801782
v 0.1327556 1.303907 -0.1807792
v 0.195165 1.325658 -0.0008981228
v 0.3254181 1.325658 -0.05315614
v 0.2012337 1.303907 -0.2082522
v 0.1327556 1.303907 -0.1807792
v 0.3254181 1.325658 -0.05315614
v 0.195165 1.325658 -0.0008981228
v 0.2446933 1.359537 0.1418557
v 0.4239714 1.359537 0.06992984
v 0.3254181 1.325658 -0.05315614
v 0.195165 1.325658 -0.0008981228
v 0.4239714 1.359537 0.06992984
v 0.2446933 1.359537 0.1418557
v 0.2764925 1.402226 0.2335098
v 0.4872464 1.402226 0.1489549
v 0.4239714 1.359537 0.06992984
v 0.2446933 1.359537 0.1418557
v 0.4872464 1.402226 0.1489549
v 0.2764925 1.402226 0.2335098
v 0.2874497 1.449547 0.2650919
v 0.5090496 1.449547 0.1761858
v 0.4872464 1.402226 0.1489549
v 0.2764925 1.402226 0.2335098
v 0.5090496 1.449547 0.1761858
v 0.2874497 1.449547 0.2650919
v 0.2764925 1.496869 0.2335098
v 0.4872464 1.496869 0.1489549
v 0.5090496 1.449547 0.1761858
v 0.2874497 1.449547 0.2650919
v 0.4872464 1.496869 0.1489549
v 0.2764925 1.496869 0.2335098
v 0.2446933 1.539558 0.1418557
v 0.4239714 1.539558 0.06992984
v 0.4872464 1.496869 0.1489549
v 0.2764925 1.496869 0.2335098
v 0.4239714 1.539558 0.06992984
v 0.2446933 1.539558 0.1418557
v 0.1951649 1.573436 -0.0008981228
v 0.325418 1.573436 -0.05315614
v 0.4239714 1.539558 0.06992984
v 0.2446933 1.539558 0.1418557
v 0.325418 1.573436 -0.05315614
v 0.1951649 1.573436 -0.0008981228
v 0.1327556 1.595187 -0.1807792
v 0.2012336 1.595187 -0.2082522
v 0.325418 1.573436 -0.05315614
v 0.1951649 1.573436 -0.0008981228
v 0.2012336 1.595187 -0.2082522
v 0.1327556 1.595187 -0.1807792
v 0.06357431 1.602682 -0.3801782
v 0.2012336 1.595187 -0.2082522
v 0.05750561 1.303907 -0.1728241
v 0.1327556 1.303907 -0.1807792
v 0.06357432 1.296412 -0.3801782
v 0.05750561 1.303907 -0.1728241
v 0.05203094 1.325658 0.01423287
v 0.195165 1.325658 -0.0008981228
v 0.1327556 1.303907 -0.1807792
v 0.05750561 1.303907 -0.1728241
v 0.195165 1.325658 -0.0008981228
v 0.05203094 1.325658 0.01423287
v 0.04768623 1.359537 0.1626828
v 0.2446933 1.359537 0.1418557
v 0.195165 1.325658 -0.0008981228
v 0.05203094 1.325658 0.01423287
v 0.2446933 1.359537 0.1418557
v 0.04768623 1.359537 0.1626828
v 0.04489674 1.402226 0.2579927
v 0.2764925 1.402226 0.2335098
v 0.2446933 1.359537 0.1418557
v 0.04768623 1.359537 0.1626828
v 0.2764925 1.402226 0.2335098
v 0.04489674 1.402226 0.2579927
v 0.04393555 1.449547 0.2908349
v 0.2874497 1.449547 0.2650919
v 0.2764925 1.402226 0.2335098
v 0.04489674 1.402226 0.2579927
v 0.2874497 1.449547 0.2650919
v 0.04393555 1.449547 0.2908349
v 0.04489674 1.496869 0.2579927
v 0.2764925 1.496869 0.2335098
v 0.2874497 1.449547 0.2650919
v 0.04393555 1.449547 0.2908349
v 0.2764925 1.496869 0.2335098
v 0.04489674 1.496869 0.2579927
v 0.04768623 1.539558 0.1626828
v 0.2446933 1.539558 0.1418557
v 0.2764925 1.496869 0.2335098
v 0.04489674 1.496869 0.2579927
v 0.2446933 1.539558 0.1418557
v 0.04768623 1.539558 0.1626828
v 0.05203095 1.573436 0.01423287
v 0.1951649 1.573436 -0.0008981228
v 0.2446933 1.539558 0.1418557
v 0.04768623 1.539558 0.1626828
v 0.1951649 1.573436 -0.0008981228
v 0.05203095 1.573436 0.01423287
v 0.05750562 1.595187 -0.1728241
v 0.1327556 1.595187 -0.1807792
v 0.1951649 1.573436 -0.0008981228
v 0.05203095 1.573436 0.01423287
v 0.1327556 1.595187 -0.1807792
v 0.05750562 1.595187 -0.1728241
v 0.06357431 1.602682 -0.3801782
v 0.1327556 1.595187 -0.1807792
v -0.01715036 1.303907 -0.1851662
v 0.05750561 1.303907 -0.1728241
v 0.06357432 1.296412 -0.3801782
v -0.01715036 1.303907 -0.1851662
v -0.08997316 1.325658 -0.00924325
v 0.05203094 1.325658 0.01423287
v 0.05750561 1.303907 -0.1728241
v -0.01715036 1.303907 -0.1851662
v 0.05203094 1.325658 0.01423287
v -0.08997316 1.325658 -0.00924325
v -0.1477656 1.359537 0.1303699
v 0.04768623 1.359537 0.1626828
v 0.05203094 1.325658 0.01423287
v -0.08997316 1.325658 -0.00924325
v 0.04768623 1.359537 0.1626828
v -0.1477656 1.359537 0.1303699
v -0.1848707 1.402226 0.2200067
v 0.04489674 1.402226 0.2579927
v 0.04768623 1.359537 0.1626828
v -0.1477656 1.359537 0.1303699
v 0.04489674 1.402226 0.2579927
v -0.1848707 1.402226 0.2200067
v -0.1976562 1.449547 0.2508938
v 0.04393555 1.449547 0.2908349
v 0.04489674 1.402226 0.2579927
v -0.1848707 1.402226 0.2200067
v 0.04393555 1.449547 0.2908349
v -0.1976562 1.449547 0.2508938
v -0.1848707 1.496869 0.2200067
v 0.04489674 1.496869 0.2579927
v 0.04393555 1.449547 0.2908349
v -0.1976562 1.449547 0.2508938
v 0.04489674 1.496869 0.2579927
v -0.1848707 1.496869 0.2200067
v -0.1477656 1.539558 0.1303699
v 0.04768623 1.539558 0.1626828
v 0.04489674 1.496869 0.2579927
v -0.1848707 1.496869 0.2200067
v 0.04768623 1.539558 0.1626828
v -0.1477656 1.539558 0.1303699
v -0.08997313 1.573436 -0.00924325
v 0.05203095 1.573436 0.01423287
v 0.04768623 1.539558 0.1626828
v -0.1477656 1.539558 0.1303699
v 0.05203095 1.573436 0.01423287
v -0.08997313 1.573436 -0.00924325
v -0.0171503 1.595187 -0.1851662
v 0.05750562 1.595187 -0.1728241
v 0.05203095 1.573436 0.01423287
v -0.08997313 1.573436 -0.00924325
v 0.05750562 1.595187 -0.1728241
v -0.0171503 1.595187 -0.1851662
v 0.06357431 1.602682 -0.3801782
v 0.05750562 1.595187 -0.1728241
v -0.0839045 1.303907 -0.2165972
v -0.01715036 1.303907 -0.1851662
v 0.06357432 1.296412 -0.3801782
v -0.0839045 1.303907 -0.2165972
v -0.2169471 1.325658 -0.06902909
v -0.08997316 1.325658 -0.00924325
v -0.01715036 1.303907 -0.1851662
v -0.0839045 1.303907 -0.2165972
v -0.08997316 1.325658 -0.00924325
v -0.2169471 1.325658 -0.06902909
v -0.3225302 1.359537 0.04808187
v -0.1477656 1.359537 0.1303699
v -0.08997316 1.325658 -0.00924325
v -0.2169471 1.325658 -0.06902909
v -0.1477656 1.359537 0.1303699
v -0.3225302 1.359537 0.04808187
v -0.3903188 1.402226 0.1232708
v -0.1848707 1.402226 0.2200067
v -0.1477656 1.359537 0.1303699
v -0.3225302 1.359537 0.04808187
v -0.1848707 1.402226 0.2200067
v -0.3903188 1.402226 0.1232708
v -0.4136771 1.449547 0.1491797
v -0.1976562 1.449547 0.2508938
v -0.1848707 1.402226 0.2200067
v -0.3903188 1.402226 0.1232708
v -0.1976562 1.449547 0.2508938
v -0.4136771 1.449547 0.1491797
v -0.3903187 1.496869 0.1232708
v -0.1848707 1.496869 0.2200067
v -0.1976562 1.449547 0.2508938
v -0.4136771 1.449547 0.1491797
v -0.1848707 1.496869 0.2200067
v -0.3903187 1.496869 0.1232708
v -0.3225302 1.539558 0.04808187
v -0.1477656 1.539558 0.1303699
v -0.1848707 1.496869 0.2200067
v -0.3903187 1.496869 0.1232708
v -0.1477656 1.539558 0.1303699
v -0.3225302 1.539558 0.04808187
v -0.216947 1.573436 -0.06902909
v -0.08997313 1.573436 -0.00924325
v -0.1477656 1.539558 0.1303699
v -0.3225302 1.539558 0.04808187
v -0.08997313 1.573436 -0.00924325
v -0.216947 1.573436 -0.06902909
v -0.08390439 1.595187 -0.2165982
v -0.0171503 1.595187 -0.1851662
v -0.08997313 1.573436 -0.00924325
v -0.216947 1.573436 -0.06902909
v -0.0171503 1.595187 -0.1851662
v -0.08390439 1.595187 -0.2165982
v 0.06357431 1.602682 -0.3801782
v -0.0171503 1.595187 -0.1851662
v -0.1362224 1.303907 -0.2640412
v -0.0839045 1.303907 -0.2165972
v 0.06357432 1.296412 -0.3801782
v -0.1362224 1.303907 -0.2640412
v -0.3164615 1.325658 -0.1592731
v -0.2169471 1.325658 -0.06902909
v -0.0839045 1.303907 -0.2165972
v -0.1362224 1.303907 -0.2640412
v -0.2169471 1.325658 -0.06902909
v -0.3164615 1.325658 -0.1592731
v -0.4595002 1.359537 -0.07612824
v -0.3225302 1.359537 0.04808187
v -0.2169471 1.325658 -0.06902909
v -0.3164615 1.325658 -0.1592731
v -0.3225302 1.359537 0.04808187
v -0.4595002 1.359537 -0.07612824
v -0.5513366 1.402226 -0.02274609
v -0.3903188 1.402226 0.1232708
v -0.3225302 1.359537 0.04808187
v -0.4595002 1.359537 -0.07612824
v -0.3903188 1.402226 0.1232708
v -0.5513366 1.402226 -0.02274609
v -0.5829813 1.449547 -0.004352093
v -0.4136771 1.449547 0.1491797
v -0.3903188 1.402226 0.1232708
v -0.5513366 1.402226 -0.02274609
v -0.4136771 1.449547 0.1491797
v -0.5829813 1.449547 -0.004352093
v -0.5513365 1.496869 -0.02274609
v -0.3903187 1.496869 0.1232708
v -0.4136771 1.449547 0.1491797
v -0.5829813 1.449547 -0.004352093
v -0.3903187 1.496869 0.1232708
v -0.5513365 1.496869 -0.02274609
v -0.4595002 1.539558 -0.07612824
v -0.3225302 1.539558 0.04808187
v -0.3903187 1.496869 0.1232708
v -0.5513365 1.496869 -0.02274609
v -0.3225302 1.539558 0.04808187
v -0.4595002 1.539558 -0.07612824
v -0.3164615 1.573436 -0.1592731
v -0.216947 1.573436 -0.06902909
v -0.3225302 1.539558 0.04808187
v -0.4595002 1.539558 -0.07612824
v -0.216947 1.573436 -0.06902909
v -0.3164615 1.573436 -0.1592731
v -0.1362222 1.595187 -0.2640412
v -0.08390439 1.595187 -0.2165982
v -0.216947 1.573436 -0.06902909
v -0.3164615 1.573436 -0.1592731
v -0.08390439 1.595187 -0.2165982
v -0.1362222 1.595187 -0.2640412
v 0.06357431 1.602682 -0.3801782
v -0.08390439 1.595187 -0.2165982
v -0.1689827 1.303907 -0.3228532
v -0.1362224 1.303907 -0.2640412
v 0.06357432 1.296412 -0.3801782
v -0.1689827 1.303907 -0.3228532
v -0.3787752 1.325658 -0.2711402
v -0.3164615 1.325658 -0.1592731
v -0.1362224 1.303907 -0.2640412
v -0.1689827 1.303907 -0.3228532
v -0.3164615 1.325658 -0.1592731
v -0.3787752 1.325658 -0.2711402
v -0.5452678 1.359537 -0.2301002
v -0.4595002 1.359537 -0.07612824
v -0.3164615 1.325658 -0.1592731
v -0.3787752 1.325658 -0.2711402
v -0.4595002 1.359537 -0.07612824
v -0.5452678 1.359537 -0.2301002
v -0.6521625 1.402226 -0.2037512
v -0.5513366 1.402226 -0.02274609
v -0.4595002 1.359537 -0.07612824
v -0.5452678 1.359537 -0.2301002
v -0.5513366 1.402226 -0.02274609
v -0.6521625 1.402226 -0.2037512
v -0.6889959 1.449547 -0.1946723
v -0.5829813 1.449547 -0.004352093
v -0.5513366 1.402226 -0.02274609
v -0.6521625 1.402226 -0.2037512
v -0.5829813 1.449547 -0.004352093
v -0.6889959 1.449547 -0.1946723
v -0.6521625 1.496869 -0.2037512
v -0.5513365 1.496869 -0.02274609
v -0.5829813 1.449547 -0.004352093
v -0.6889959 1.449547 -0.1946723
v -0.5513365 1.496869 -0.02274609
v -0.6521625 1.496869 -0.2037512
v -0.5452678 1.539558 -0.2301002
v -0.4595002 1.539558 -0.07612824
v -0.5513365 1.496869 -0.02274609
v -0.6521625 1.496869 -0.2037512
v -0.4595002 1.539558 -0.07612824
v -0.5452678 1.539558 -0.2301002
v -0.3787752 1.573436 -0.2711402
v -0.3164615 1.573436 -0.1592731
v -0.4595002 1.539558 -0.07612824
v -0.5452678 1.539558 -0.2301002
v -0.3164615 1.573436 -0.1592731
v -0.3787752 1.573436 -0.2711402
v -0.1689825 1.595187 -0.3228532
v -0.1362222 1.595187 -0.2640412
v -0.3164615 1.573436 -0.1592731
v -0.3787752 1.573436 -0.2711402
v -0.1362222 1.595187 -0.2640412
v -0.1689825 1.595187 -0.3228532
v 0.06357431 1.602682 -0.3801782
v -0.1362222 1.595187 -0.2640412
v -0.1789788 1.303907 -0.3872772
v -0.1689827 1.303907 -0.3228532
v 0.06357432 1.296412 -0.3801782
v -0.1789788 1.303907 -0.3872772
v -0.3977889 1.325658 -0.3936812
v -0.3787752 1.325658 -0.2711402
v -0.1689827 1.303907 -0.3228532
v -0.1789788 1.303907 -0.3872772
v -0.3787752 1.325658 -0.2711402
v -0.3977889 1.325658 -0.3936812
v -0.5714379 1.359537 -0.3987632
v -0.5452678 1.359537 -0.2301002
v -0.3787752 1.325658 -0.2711402
v -0.3977889 1.325658 -0.3936812
v -0.5452678 1.359537 -0.2301002
v -0.5714379 1.359537 -0.3987632
v -0.6829273 1.402226 -0.4020263
v -0.6521625 1.402226 -0.2037512
v -0.5452678 1.359537 -0.2301002
v -0.5714379 1.359537 -0.3987632
v -0.6521625 1.402226 -0.2037512
v -0.6829273 1.402226 -0.4020263
v -0.7213439 1.449547 -0.4031503
v -0.6889959 1.449547 -0.1946723
v -0.6521625 1.402226 -0.2037512
v -0.6829273 1.402226 -0.4020263
v -0.6889959 1.449547 -0.1946723
v -0.7213439 1.449547 -0.4031503
v -0.6829272 1.496869 -0.4020263
v -0.6521625 1.496869 -0.2037512
v -0.6889959 1.449547 -0.1946723
v -0.7213439 1.449547 -0.4031503
v -0.6521625 1.496869 -0.2037512
v -0.6829272 1.496869 -0.4020263
v -0.5714379 1.539558 -0.3987632
v -0.5452678 1.539558 -0.2301002
v -0.6521625 1.496869 -0.2037512
v -0.6829272 1.496869 -0.4020263
v -0.5452678 1.539558 -0.2301002
v -0.5714379 1.539558 -0.3987632
v -0.3977889 1.573436 -0.3936812
v -0.3787752 1.573436 -0.2711402
v -0.5452678 1.539558 -0.2301002
v -0.5714379 1.539558 -0.3987632
v -0.3787752 1.573436 -0.2711402
v -0.3977889 1.573436 -0.3936812
v -0.1789785 1.595187 -0.3872772
v -0.1689825 1.595187 -0.3228532
v -0.3787752 1.573436 -0.2711402
v -0.3977889 1.573436 -0.3936812
v -0.1689825 1.595187 -0.3228532
v -0.1789785 1.595187 -0.3872772
v 0.06357431 1.602682 -0.3801782
v -0.1689825 1.595187 -0.3228532
v -0.165232 1.303907 -0.4510062
v -0.1789788 1.303907 -0.3872772
v 0.06357432 1.296412 -0.3801782
v -0.165232 1.303907 -0.4510062
v -0.3716412 1.325658 -0.5149002
v -0.3977889 1.325658 -0.3936812
v -0.1789788 1.303907 -0.3872772
v -0.165232 1.303907 -0.4510062
v -0.3977889 1.325658 -0.3936812
v -0.3716412 1.325658 -0.5149002
v -0.5354484 1.359537 -0.5656072
v -0.5714379 1.359537 -0.3987632
v -0.3977889 1.325658 -0.3936812
v -0.3716412 1.325658 -0.5149002
v -0.5714379 1.359537 -0.3987632
v -0.5354484 1.359537 -0.5656072
v -0.6406191 1.402226 -0.5981632
v -0.6829273 1.402226 -0.4020263
v -0.5714379 1.359537 -0.3987632
v -0.5354484 1.359537 -0.5656072
v -0.6829273 1.402226 -0.4020263
v -0.6406191 1.402226 -0.5981632
v -0.6768584 1.449547 -0.6093812
v -0.7213439 1.449547 -0.4031503
v -0.6829273 1.402226 -0.4020263
v -0.6406191 1.402226 -0.5981632
v -0.7213439 1.449547 -0.4031503
v -0.6768584 1.449547 -0.6093812
v -0.6406191 1.496869 -0.5981632
v -0.6829272 1.496869 -0.4020263
v -0.7213439 1.449547 -0.4031503
v -0.6768584 1.449547 -0.6093812
v -0.6829272 1.496869 -0.4020263
v -0.6406191 1.496869 -0.5981632
v -0.5354484 1.539558 -0.5656072
v -0.5714379 1.539558 -0.3987632
v -0.6829272 1.496869 -0.4020263
v -0.6406191 1.496869 -0.5981632
v -0.5714379 1.539558 -0.3987632
v -0.5354484 1.539558 -0.5656072
v -0.3716412 1.573436 -0.5149002
v -0.3977889 1.573436 -0.3936812
v -0.5714379 1.539558 -0.3987632
v -0.5354484 1.539558 -0.5656072
v -0.3977889 1.573436 -0.3936812
v -0.3716412 1.573436 -0.5149002
v -0.1652319 1.595187 -0.4510062
v -0.1789785 1.595187 -0.3872772
v -0.3977889 1.573436 -0.3936812
v -0.3716412 1.573436 -0.5149002
v -0.1789785 1.595187 -0.3872772
v -0.1652319 1.595187 -0.4510062
v 0.06357431 1.602682 -0.3801782
v -0.1789785 1.595187 -0.3872772
v -0.1290881 1.303907 -0.5078012
v -0.165232 1.303907 -0.4510062
v 0.06357432 1.296412 -0.3801782
v -0.1290881 1.303907 -0.5078012
v -0.3028913 1.325658 -0.6229322
v -0.3716412 1.325658 -0.5149002
v -0.165232 1.303907 -0.4510062
v -0.1290881 1.303907 -0.5078012
v -0.3716412 1.325658 -0.5149002
v -0.3028913 1.325658 -0.6229322
v -0.4408224 1.359537 -0.7142992
v -0.5354484 1.359537 -0.5656072
v -0.3716412 1.325658 -0.5149002
v -0.3028913 1.325658 -0.6229322
v -0.5354484 1.359537 -0.5656072
v -0.4408224 1.359537 -0.7142992
v -0.5293796 1.402226 -0.7729611
v -0.6406191 1.402226 -0.5981632
v -0.5354484 1.359537 -0.5656072
v -0.4408224 1.359537 -0.7142992
v -0.6406191 1.402226 -0.5981632
v -0.5293796 1.402226 -0.7729611
v -0.5598943 1.449547 -0.7931752
v -0.6768584 1.449547 -0.6093812
v -0.6406191 1.402226 -0.5981632
v -0.5293796 1.402226 -0.7729611
v -0.6768584 1.449547 -0.6093812
v -0.5598943 1.449547 -0.7931752
v -0.5293795 1.496869 -0.7729611
v -0.6406191 1.496869 -0.5981632
v -0.6768584 1.449547 -0.6093812
v -0.5598943 1.449547 -0.7931752
v -0.6406191 1.496869 -0.5981632
v -0.5293795 1.496869 -0.7729611
v -0.4408224 1.539558 -0.7142992
v -0.5354484 1.539558 -0.5656072
v -0.6406191 1.496869 -0.5981632
v -0.5293795 1.496869 -0.7729611
v -0.5354484 1.539558 -0.5656072
v -0.4408224 1.539558 -0.7142992
v -0.3028913 1.573436 -0.6229322
v -0.3716412 1.573436 -0.5149002
v -0.5354484 1.539558 -0.5656072
v -0.4408224 1.539558 -0.7142992
v -0.3716412 1.573436 -0.5149002
v -0.3028913 1.573436 -0.6229322
v -0.129088 1.595187 -0.5078012
v -0.1652319 1.595187 -0.4510062
v -0.3716412 1.573436 -0.5149002
v -0.3028913 1.573436 -0.6229322
v -0.1652319 1.595187 -0.4510062
v -0.129088 1.595187 -0.5078012
v 0.06357431 1.602682 -0.3801782
v -0.1652319 1.595187 -0.4510062
v -0.07408505 1.303907 -0.5521042
v -0.1290881 1.303907 -0.5078012
v 0.06357432 1.296412 -0.3801782
v -0.07408505 1.303907 -0.5521042
v -0.1982693 1.325658 -0.7072012
v -0.3028913 1.325658 -0.6229322
v -0.1290881 1.303907 -0.5078012
v -0.07408505 1.303907 -0.5521042
v -0.3028913 1.325658 -0.6229322
v -0.1982693 1.325658 -0.7072012
v -0.2968225 1.359537 -0.8302861
v -0.4408224 1.359537 -0.7142992
v -0.3028913 1.325658 -0.6229322
v -0.1982693 1.325658 -0.7072012
v -0.4408224 1.359537 -0.7142992
v -0.2968225 1.359537 -0.8302861
v -0.3600976 1.402226 -0.9093122
v -0.5293796 1.402226 -0.7729611
v -0.4408224 1.359537 -0.7142992
v -0.2968225 1.359537 -0.8302861
v -0.5293796 1.402226 -0.7729611
v -0.3600976 1.402226 -0.9093122
v -0.3819007 1.449547 -0.9365422
v -0.5598943 1.449547 -0.7931752
v -0.5293796 1.402226 -0.7729611
v -0.3600976 1.402226 -0.9093122
v -0.5598943 1.449547 -0.7931752
v -0.3819007 1.449547 -0.9365422
v -0.3600976 1.496869 -0.9093122
v -0.5293795 1.496869 -0.7729611
v -0.5598943 1.449547 -0.7931752
v -0.3819007 1.449547 -0.9365422
v -0.5293795 1.496869 -0.7729611
v -0.3600976 1.496869 -0.9093122
v -0.2968225 1.539558 -0.8302861
v -0.4408224 1.539558 -0.7142992
v -0.5293795 1.496869 -0.7729611
v -0.3600976 1.496869 -0.9093122
v -0.4408224 1.539558 -0.7142992
v -0.2968225 1.539558 -0.8302861
v -0.1982693 1.573436 -0.7072012
v -0.3028913 1.573436 -0.6229322
v -0.4408224 1.539558 -0.7142992
v -0.2968225 1.539558 -0.8302861
v -0.3028913 1.573436 -0.6229322
v -0.1982693 1.573436 -0.7072012
v -0.07408495 1.595187 -0.5521042
v -0.129088 1.595187 -0.5078012
v -0.3028913 1.573436 -0.6229322
v -0.1982693 1.573436 -0.7072012
v -0.129088 1.595187 -0.5078012
v -0.07408495 1.595187 -0.5521042
v 0.06357431 1.602682 -0.3801782
v -0.129088 1.595187 -0.5078012
v -0.00560701 1.303907 -0.5795782
v -0.07408505 1.303907 -0.5521042
v 0.06357432 1.296412 -0.3801782
v -0.00560701 1.303907 -0.5795782
v -0.0680164 1.325658 -0.7594582
v -0.1982693 1.325658 -0.7072012
v -0.07408505 1.303907 -0.5521042
v -0.00560701 1.303907 -0.5795782
v -0.1982693 1.325658 -0.7072012
v -0.0680164 1.325658 -0.7594582
v -0.1175448 1.359537 -0.9022132
v -0.2968225 1.359537 -0.8302861
v -0.1982693 1.325658 -0.7072012
v -0.0680164 1.325658 -0.7594582
v -0.2968225 1.359537 -0.8302861
v -0.1175448 1.359537 -0.9022132
v -0.1493439 1.402226 -0.9938662
v -0.3600976 1.402226 -0.9093122
v -0.2968225 1.359537 -0.8302861
v -0.1175448 1.359537 -0.9022132
v -0.3600976 1.402226 -0.9093122
v -0.1493439 1.402226 -0.9938662
v -0.1603012 1.449547 -1.025448
v -0.3819007 1.449547 -0.9365422
v -0.3600976 1.402226 -0.9093122
v -0.1493439 1.402226 -0.9938662
v -0.3819007 1.449547 -0.9365422
v -0.1603012 1.449547 -1.025448
v -0.1493439 1.496869 -0.9938662
v -0.3600976 1.496869 -0.9093122
v -0.3819007 1.449547 -0.9365422
v -0.1603012 1.449547 -1.025448
v -0.3600976 1.496869 -0.9093122
v -0.1493439 1.496869 -0.9938662
v -0.1175448 1.539558 -0.9022132
v -0.2968225 1.539558 -0.8302861
v -0.3600976 1.496869 -0.9093122
v -0.1493439 1.496869 -0.9938662
v -0.2968225 1.539558 -0.8302861
v -0.1175448 1.539558 -0.9022132
v -0.06801637 1.573436 -0.7594582
v -0.1982693 1.573436 -0.7072012
v -0.2968225 1.539558 -0.8302861
v -0.1175448 1.539558 -0.9022132
v -0.1982693 1.573436 -0.7072012
v -0.06801637 1.573436 -0.7594582
v -0.005606959 1.595187 -0.5795772
v -0.07408495 1.595187 -0.5521042
v -0.1982693 1.573436 -0.7072012
v -0.06801637 1.573436 -0.7594582
v -0.07408495 1.595187 -0.5521042
v -0.005606959 1.595187 -0.5795772
v 0.06357431 1.602682 -0.3801782
v -0.07408495 1.595187 -0.5521042
v 0.06964301 1.303907 -0.5875332
v -0.00560701 1.303907 -0.5795782
v 0.06357432 1.296412 -0.3801782
v 0.06964301 1.303907 -0.5875332
v 0.07511767 1.325658 -0.7745901
v -0.0680164 1.325658 -0.7594582
v -0.00560701 1.303907 -0.5795782
v 0.06964301 1.303907 -0.5875332
v -0.0680164 1.325658 -0.7594582
v 0.07511767 1.325658 -0.7745901
v 0.07946238 1.359537 -0.9230392
v -0.1175448 1.359537 -0.9022132
v -0.0680164 1.325658 -0.7594582
v 0.07511767 1.325658 -0.7745901
v -0.1175448 1.359537 -0.9022132
v 0.07946238 1.359537 -0.9230392
v 0.08225185 1.402226 -1.018349
v -0.1493439 1.402226 -0.9938662
v -0.1175448 1.359537 -0.9022132
v 0.07946238 1.359537 -0.9230392
v -0.1493439 1.402226 -0.9938662
v 0.08225185 1.402226 -1.018349
v 0.08321303 1.449547 -1.051191
v -0.1603012 1.449547 -1.025448
v -0.1493439 1.402226 -0.9938662
v 0.08225185 1.402226 -1.018349
v -0.1603012 1.449547 -1.025448
v 0.08321303 1.449547 -1.051191
v 0.08225185 1.496869 -1.018349
v -0.1493439 1.496869 -0.9938662
v -0.1603012 1.449547 -1.025448
v 0.08321303 1.449547 -1.051191
v -0.1493439 1.496869 -0.9938662
v 0.08225185 1.496869 -1.018349
v 0.07946238 1.539558 -0.9230392
v -0.1175448 1.539558 -0.9022132
v -0.1493439 1.496869 -0.9938662
v 0.08225185 1.496869 -1.018349
v -0.1175448 1.539558 -0.9022132
v 0.07946238 1.539558 -0.9230392
v 0.07511767 1.573436 -0.7745901
v -0.06801637 1.573436 -0.7594582
v -0.1175448 1.539558 -0.9022132
v 0.07946238 1.539558 -0.9230392
v -0.06801637 1.573436 -0.7594582
v 0.07511767 1.573436 -0.7745901
v 0.06964301 1.595187 -0.5875322
v -0.005606959 1.595187 -0.5795772
v -0.06801637 1.573436 -0.7594582
v 0.07511767 1.573436 -0.7745901
v -0.005606959 1.595187 -0.5795772
v 0.06964301 1.595187 -0.5875322
v 0.06357431 1.602682 -0.3801782
v -0.005606959 1.595187 -0.5795772
vn -0.0871854 -0.9476835 0.3070744
vn -0.0871854 -0.9476835 0.3070744
vn -0.0871854 -0.9476835 0.3070744
vn -0.3737824 -0.8840989 0.2804563
vn -0.3737824 -0.8840989 0.2804563
vn -0.3737824 -0.8840989 0.2804563
vn -0.3737752 -0.8841001 0.2804624
vn -0.3737752 -0.8841001 0.2804624
vn -0.3737752 -0.8841001 0.2804624
vn -0.6360976 -0.7373854 0.2272502
vn -0.6360976 -0.7373854 0.2272502
vn -0.6360976 -0.7373854 0.2272502
vn -0.6360965 -0.737386 0.227251
vn -0.6360965 -0.737386 0.227251
vn -0.6360965 -0.737386 0.227251
vn -0.8467556 -0.510679 0.1490368
vn -0.8467556 -0.510679 0.1490368
vn -0.8467556 -0.510679 0.1490368
vn -0.8467578 -0.5106761 0.1490348
vn -0.8467578 -0.5106761 0.1490348
vn -0.8467578 -0.5106761 0.1490348
vn -0.9740111 -0.2204868 0.0518448
vn -0.9740111 -0.2204868 0.0518448
vn -0.9740111 -0.2204868 0.0518448
vn -0.9740112 -0.2204867 0.05184477
vn -0.9740112 -0.2204867 0.05184477
vn -0.9740112 -0.2204867 0.05184477
vn -0.9937341 0.09863748 -0.05256692
vn -0.9937341 0.09863748 -0.05256692
vn -0.9937341 0.09863748 -0.05256692
vn -0.9937341 0.09863725 -0.05256679
vn -0.9937341 0.09863725 -0.05256679
vn -0.9937341 0.09863725 -0.05256679
vn -0.9031833 0.4023139 -0.1496777
vn -0.9031833 0.4023139 -0.1496777
vn -0.9031833 0.4023139 -0.1496777
vn -0.9031827 0.4023149 -0.1496783
vn -0.9031827 0.4023149 -0.1496783
vn -0.9031827 0.4023149 -0.1496783
vn -0.7220467 0.6532835 -0.2277484
vn -0.7220467 0.6532835 -0.2277484
vn -0.7220467 0.6532835 -0.2277484
vn -0.7220441 0.6532857 -0.2277501
vn -0.7220441 0.6532857 -0.2277501
vn -0.7220441 0.6532857 -0.2277501
vn -0.4797955 0.8312433 -0.2807685
vn -0.4797955 0.8312433 -0.2807685
vn -0.4797955 0.8312433 -0.2807685
vn -0.4797937 0.831244 -0.2807696
vn -0.4797937 0.831244 -0.2807696
vn -0.4797937 0.831244 -0.2807696
vn -0.2032129 0.9297035 -0.3071743
vn -0.2032129 0.9297035 -0.3071743
vn -0.2032129 0.9297035 -0.3071743
vn -0.07324321 -0.9516796 0.2982305
vn -0.07324321 -0.9516796 0.2982305
vn -0.07324321 -0.9516796 0.2982305
vn -0.3379489 -0.9053853 0.2570373
vn -0.3379489 -0.9053853 0.2570373
vn -0.3379489 -0.9053853 0.2570373
vn -0.3379488 -0.9053861 0.2570343
vn -0.3379488 -0.9053861 0.2570343
vn -0.3379488 -0.9053861 0.2570343
vn -0.5952585 -0.7804253 0.191321
vn -0.5952585 -0.7804253 0.191321
vn -0.5952585 -0.7804253 0.191321
vn -0.5952576 -0.7804258 0.1913221
vn -0.5952576 -0.7804258 0.1913221
vn -0.5952576 -0.7804258 0.1913221
vn -0.8199017 -0.5638041 0.09942919
vn -0.8199017 -0.5638041 0.09942919
vn -0.8199017 -0.5638041 0.09942919
vn -0.8199013 -0.5638045 0.09942959
vn -0.8199013 -0.5638045 0.09942959
vn -0.8199013 -0.5638045 0.09942959
vn -0.9658467 -0.2587876 -0.01301054
vn -0.9658467 -0.2587876 -0.01301054
vn -0.9658467 -0.2587876 -0.01301054
vn -0.9658467 -0.2587874 -0.01301061
vn -0.9658467 -0.2587874 -0.01301061
vn -0.9658467 -0.2587874 -0.01301061
vn -0.9875264 0.09199864 -0.1277811
vn -0.9875264 0.09199864 -0.1277811
vn -0.9875264 0.09199864 -0.1277811
vn -0.9875265 0.09199798 -0.1277807
vn -0.9875265 0.09199798 -0.1277807
vn -0.9875265 0.09199798 -0.1277807
vn -0.8806195 0.4186019 -0.2219951
vn -0.8806195 0.4186019 -0.2219951
vn -0.8806195 0.4186019 -0.2219951
vn -0.880619 0.4186026 -0.2219955
vn -0.880619 0.4186026 -0.2219955
vn -0.880619 0.4186026 -0.2219955
vn -0.684965 0.6711159 -0.2835957
vn -0.684965 0.6711159 -0.2835957
vn -0.684965 0.6711159 -0.2835957
vn -0.684967 0.6711143 -0.2835946
vn -0.684967 0.6711143 -0.2835946
vn -0.684967 0.6711143 -0.2835946
vn -0.4457154 0.8384752 -0.313524
vn -0.4457154 0.8384752 -0.313524
vn -0.4457154 0.8384752 -0.313524
vn -0.4457243 0.8384716 -0.3135208
vn -0.4457243 0.8384716 -0.3135208
vn -0.4457243 0.8384716 -0.3135208
vn -0.1894923 0.9292439 -0.3171728
vn -0.1894923 0.9292439 -0.3171728
vn -0.1894923 0.9292439 -0.3171728
vn -0.04643422 -0.955708 0.2906308
vn -0.04643422 -0.955708 0.2906308
vn -0.04643422 -0.955708 0.2906308
vn -0.2648298 -0.9343939 0.2382713
vn -0.2648298 -0.9343939 0.2382713
vn -0.2648298 -0.9343939 0.2382713
vn -0.2648279 -0.9343948 0.2382702
vn -0.2648279 -0.9343948 0.2382702
vn -0.2648279 -0.9343948 0.2382702
vn -0.50164 -0.8497432 0.1621537
vn -0.50164 -0.8497432 0.1621537
vn -0.50164 -0.8497432 0.1621537
vn -0.5016401 -0.8497429 0.1621553
vn -0.5016401 -0.8497429 0.1621553
vn -0.5016401 -0.8497429 0.1621553
vn -0.747982 -0.6617135 0.05155854
vn -0.747982 -0.6617135 0.05155854
vn -0.747982 -0.6617135 0.05155854
vn -0.7479824 -0.6617131 0.05155769
vn -0.7479824 -0.6617131 0.05155769
vn -0.7479824 -0.6617131 0.05155769
vn -0.9400522 -0.3279677 -0.09348239
vn -0.9400522 -0.3279677 -0.09348239
vn -0.9400522 -0.3279677 -0.09348239
vn -0.9400521 -0.3279683 -0.0934819
vn -0.9400521 -0.3279683 -0.0934819
vn -0.9400521 -0.3279683 -0.0934819
vn -0.9666776 0.1028374 -0.2344333
vn -0.9666776 0.1028374 -0.2344333
vn -0.9666776 0.1028374 -0.2344333
vn -0.9666774 0.1028385 -0.2344339
vn -0.9666774 0.1028385 -0.2344339
vn -0.9666774 0.1028385 -0.2344339
vn -0.8183453 0.4767738 -0.3209327
vn -0.8183453 0.4767738 -0.3209327
vn -0.8183453 0.4767738 -0.3209327
vn -0.8183473 0.4767712 -0.3209314
vn -0.8183473 0.4767712 -0.3209314
vn -0.8183473 0.4767712 -0.3209314
vn -0.5986493 0.7198285 -0.3513774
vn -0.5986493 0.7198285 -0.3513774
vn -0.5986493 0.7198285 -0.3513774
vn -0.5986414 0.7198337 -0.35138
vn -0.5986414 0.7198337 -0.35138
vn -0.5986414 0.7198337 -0.35138
vn -0.375662 0.8587692 -0.3484158
vn -0.375662 0.8587692 -0.3484158
vn -0.375662 0.8587692 -0.3484158
vn -0.3756563 0.8587711 -0.3484172
vn -0.3756563 0.8587711 -0.3484172
vn -0.3756563 0.8587711 -0.3484172
vn -0.163049 0.930974 -0.3266535
vn -0.163049 0.930974 -0.3266535
vn -0.163049 0.930974 -0.3266535
vn -0.009176363 -0.9585564 0.2847549
vn -0.009176363 -0.9585564 0.2847549
vn -0.009176363 -0.9585564 0.2847549
vn -0.1553253 -0.9620973 0.2241494
vn -0.1553253 -0.9620973 0.2241494
vn -0.1553253 -0.9620973 0.2241494
vn -0.1553309 -0.962096 0.2241509
vn -0.1553309 -0.962096 0.2241509
vn -0.1553309 -0.962096 0.2241509
vn -0.3354687 -0.9317402 0.1390001
vn -0.3354687 -0.9317402 0.1390001
vn -0.3354687 -0.9317402 0.1390001
vn -0.3354667 -0.9317411 0.1389988
vn -0.3354667 -0.9317411 0.1389988
vn -0.3354667 -0.9317411 0.1389988
vn -0.5787836 -0.8154802 0.001326424
vn -0.5787836 -0.8154802 0.001326424
vn -0.5787836 -0.8154802 0.001326424
vn -0.5787836 -0.8154802 0.001326208
vn -0.5787836 -0.8154802 0.001326208
vn -0.5787836 -0.8154802 0.001326208
vn -0.856504 -0.4664566 -0.2209506
vn -0.856504 -0.4664566 -0.2209506
vn -0.856504 -0.4664566 -0.2209506
vn -0.8565039 -0.4664574 -0.2209495
vn -0.8565039 -0.4664574 -0.2209495
vn -0.8565039 -0.4664574 -0.2209495
vn -0.8944728 0.147896 -0.4219542
vn -0.8944728 0.147896 -0.4219542
vn -0.8944728 0.147896 -0.4219542
vn -0.8944729 0.1478956 -0.4219539
vn -0.8944729 0.1478956 -0.4219539
vn -0.8944729 0.1478956 -0.4219539
vn -0.6655934 0.5890837 -0.4582204
vn -0.6655934 0.5890837 -0.4582204
vn -0.6655934 0.5890837 -0.4582204
vn -0.6655908 0.5890859 -0.4582213
vn -0.6655908 0.5890859 -0.4582213
vn -0.6655908 0.5890859 -0.4582213
vn -0.4418939 0.7903132 -0.4244229
vn -0.4418939 0.7903132 -0.4244229
vn -0.4418939 0.7903132 -0.4244229
vn -0.4418977 0.7903115 -0.4244223
vn -0.4418977 0.7903115 -0.4244223
vn -0.4418977 0.7903115 -0.4244223
vn -0.2694803 0.8848093 -0.3801222
vn -0.2694803 0.8848093 -0.3801222
vn -0.2694803 0.8848093 -0.3801222
vn -0.2694715 0.8848115 -0.3801232
vn -0.2694715 0.8848115 -0.3801232
vn -0.2694715 0.8848115 -0.3801232
vn -0.1261403 0.9339395 -0.3344334
vn -0.1261403 0.9339395 -0.3344334
vn -0.1261403 0.9339395 -0.3344334
vn 0.03492703 -0.9590867 0.2809499
vn 0.03492703 -0.9590867 0.2809499
vn 0.03492703 -0.9590867 0.2809499
vn -0.01742444 -0.9765479 0.2145941
vn -0.01742444 -0.9765479 0.2145941
vn -0.01742444 -0.9765479 0.2145941
vn -0.01742805 -0.9765477 0.2145946
vn -0.01742805 -0.9765477 0.2145946
vn -0.01742805 -0.9765477 0.2145946
vn -0.0882596 -0.9885979 0.122002
vn -0.0882596 -0.9885979 0.122002
vn -0.0882596 -0.9885979 0.122002
vn -0.08825544 -0.9885984 0.1220008
vn -0.08825544 -0.9885984 0.1220008
vn -0.08825544 -0.9885984 0.1220008
vn -0.2112559 -0.9763053 -0.04689414
vn -0.2112559 -0.9763053 -0.04689414
vn -0.2112559 -0.9763053 -0.04689414
vn -0.2112582 -0.9763048 -0.04689258
vn -0.2112582 -0.9763048 -0.04689258
vn -0.2112582 -0.9763048 -0.04689258
vn -0.4771246 -0.7481478 -0.4611149
vn -0.4771246 -0.7481478 -0.4611149
vn -0.4771246 -0.7481478 -0.4611149
vn -0.4771233 -0.748147 -0.4611174
vn -0.4771233 -0.748147 -0.4611174
vn -0.4771233 -0.748147 -0.4611174
vn -0.5403008 0.2741053 -0.7955761
vn -0.5403008 0.2741053 -0.7955761
vn -0.5403008 0.2741053 -0.7955761
vn -0.5403028 0.2741033 -0.7955755
vn -0.5403028 0.2741033 -0.7955755
vn -0.5403028 0.2741033 -0.7955755
vn -0.3167284 0.7303014 -0.6052628
vn -0.3167284 0.7303014 -0.6052628
vn -0.3167284 0.7303014 -0.6052628
vn -0.316732 0.7302997 -0.6052631
vn -0.316732 0.7302997 -0.6052631
vn -0.316732 0.7302997 -0.6052631
vn -0.2020894 0.8533156 -0.4806374
vn -0.2020894 0.8533156 -0.4806374
vn -0.2020894 0.8533156 -0.4806374
vn -0.202092 0.853315 -0.4806376
vn -0.202092 0.853315 -0.4806376
vn -0.202092 0.853315 -0.4806376
vn -0.133755 0.9060971 -0.4013698
vn -0.133755 0.9060971 -0.4013698
vn -0.133755 0.9060971 -0.4013698
vn -0.1337793 0.9060935 -0.4013699
vn -0.1337793 0.9060935 -0.4013699
vn -0.1337793 0.9060935 -0.4013699
vn -0.08224034 0.937031 -0.3394252
vn -0.08224034 0.937031 -0.3394252
vn -0.08224034 0.937031 -0.3394252
vn 0.08134974 -0.9567041 0.279463
vn 0.08134974 -0.9567041 0.279463
vn 0.08134974 -0.9567041 0.279463
vn 0.1308755 -0.9689361 0.209844
vn 0.1308755 -0.9689361 0.209844
vn 0.1308755 -0.9689361 0.209844
vn 0.1308747 -0.9689362 0.2098441
vn 0.1308747 -0.9689362 0.2098441
vn 0.1308747 -0.9689362 0.2098441
vn 0.1965085 -0.9739827 0.1128812
vn 0.1965085 -0.9739827 0.1128812
vn 0.1965085 -0.9739827 0.1128812
vn 0.1965084 -0.9739827 0.1128812
vn 0.1965084 -0.9739827 0.1128812
vn 0.1965084 -0.9739827 0.1128812
vn 0.3065747 -0.9497275 -0.06348003
vn 0.3065747 -0.9497275 -0.06348003
vn 0.3065747 -0.9497275 -0.06348003
vn 0.3065739 -0.9497278 -0.06347977
vn 0.3065739 -0.9497278 -0.06347977
vn 0.3065739 -0.9497278 -0.06347977
vn 0.5207288 -0.6969348 -0.4930755
vn 0.5207288 -0.6969348 -0.4930755
vn 0.5207288 -0.6969348 -0.4930755
vn 0.5207292 -0.6969344 -0.4930756
vn 0.5207292 -0.6969344 -0.4930756
vn 0.5207292 -0.6969344 -0.4930756
vn 0.4575491 0.3253187 -0.8275365
vn 0.4575491 0.3253187 -0.8275365
vn 0.4575491 0.3253187 -0.8275365
vn 0.4575494 0.3253192 -0.8275362
vn 0.4575494 0.3253192 -0.8275362
vn 0.4575494 0.3253192 -0.8275362
vn 0.2011 0.7568778 -0.6218479
vn 0.2011 0.7568778 -0.6218479
vn 0.2011 0.7568778 -0.6218479
vn 0.2011 0.7568778 -0.6218479
vn 0.2011 0.7568778 -0.6218479
vn 0.2011 0.7568778 -0.6218479
vn 0.08266752 0.8679297 -0.4897593
vn 0.08266752 0.8679297 -0.4897593
vn 0.08266752 0.8679297 -0.4897593
vn 0.08267274 0.8679301 -0.4897577
vn 0.08267274 0.8679301 -0.4897577
vn 0.08267274 0.8679301 -0.4897577
vn 0.01450271 0.9137048 -0.4061198
vn 0.01450271 0.9137048 -0.4061198
vn 0.01450271 0.9137048 -0.4061198
vn 0.01451442 0.9137053 -0.4061181
vn 0.01451442 0.9137053 -0.4061181
vn 0.01451442 0.9137053 -0.4061181
vn -0.03584854 0.9394118 -0.340911
vn -0.03584854 0.9394118 -0.340911
vn -0.03584854 0.9394118 -0.340911
vn 0.1253149 -0.9516542 0.280447
vn 0.1253149 -0.9516542 0.280447
vn 0.1253149 -0.9516542 0.280447
vn 0.2668925 -0.9404282 0.2106258
vn 0.2668925 -0.9404282 0.2106258
vn 0.2668925 -0.9404282 0.2106258
vn 0.2669016 -0.9404258 0.2106251
vn 0.2669016 -0.9404258 0.2106251
vn 0.2669016 -0.9404258 0.2106251
vn 0.4371853 -0.8920849 0.1142527
vn 0.4371853 -0.8920849 0.1142527
vn 0.4371853 -0.8920849 0.1142527
vn 0.4371793 -0.8920877 0.1142538
vn 0.4371793 -0.8920877 0.1142538
vn 0.4371793 -0.8920877 0.1142538
vn 0.6580486 -0.7520014 -0.03828864
vn 0.6580486 -0.7520014 -0.03828864
vn 0.6580486 -0.7520014 -0.03828864
vn 0.6580516 -0.7519988 -0.03828945
vn 0.6580516 -0.7519988 -0.03828945
vn 0.6580516 -0.7519988 -0.03828945
vn 0.883862 -0.3771333 -0.276692
vn 0.883862 -0.3771333 -0.276692
vn 0.883862 -0.3771333 -0.276692
vn 0.8838612 -0.3771353 -0.2766918
vn 0.8838612 -0.3771353 -0.2766918
vn 0.8838612 -0.3771353 -0.2766918
vn 0.8458924 0.2372175 -0.4776964
vn 0.8458924 0.2372175 -0.4776964
vn 0.8458924 0.2372175 -0.4776964
vn 0.8458923 0.2372195 -0.4776958
vn 0.8458923 0.2372195 -0.4776958
vn 0.8458923 0.2372195 -0.4776958
vn 0.5712421 0.652566 -0.4978355
vn 0.5712421 0.652566 -0.4978355
vn 0.5712421 0.652566 -0.4978355
vn 0.5712419 0.6525655 -0.4978363
vn 0.5712419 0.6525655 -0.4978363
vn 0.5712419 0.6525655 -0.4978363
vn 0.330756 0.8299676 -0.4491707
vn 0.330756 0.8299676 -0.4491707
vn 0.330756 0.8299676 -0.4491707
vn 0.3307564 0.8299676 -0.4491704
vn 0.3307564 0.8299676 -0.4491704
vn 0.3307564 0.8299676 -0.4491704
vn 0.1527543 0.9064818 -0.3936456
vn 0.1527543 0.9064818 -0.3936456
vn 0.1527543 0.9064818 -0.3936456
vn 0.152752 0.9064819 -0.3936465
vn 0.152752 0.9064819 -0.3936465
vn 0.152752 0.9064819 -0.3936465
vn 0.008354659 0.9408423 -0.338742
vn 0.008354659 0.9408423 -0.338742
vn 0.008354659 0.9408423 -0.338742
vn 0.1623963 -0.9449888 0.2839433
vn 0.1623963 -0.9449888 0.2839433
vn 0.1623963 -0.9449888 0.2839433
vn 0.3736686 -0.9016241 0.2178204
vn 0.3736686 -0.9016241 0.2178204
vn 0.3736686 -0.9016241 0.2178204
vn 0.3736736 -0.9016221 0.2178202
vn 0.3736736 -0.9016221 0.2178202
vn 0.3736736 -0.9016221 0.2178202
vn 0.5952351 -0.7934483 0.1270233
vn 0.5952351 -0.7934483 0.1270233
vn 0.5952351 -0.7934483 0.1270233
vn 0.5952373 -0.7934468 0.127023
vn 0.5952373 -0.7934468 0.127023
vn 0.5952373 -0.7934468 0.127023
vn 0.8134936 -0.5815718 0.001545522
vn 0.8134936 -0.5815718 0.001545522
vn 0.8134936 -0.5815718 0.001545522
vn 0.8134931 -0.5815727 0.001545696
vn 0.8134931 -0.5815727 0.001545696
vn 0.8134931 -0.5815727 0.001545696
vn 0.9607719 -0.2304106 -0.1543647
vn 0.9607719 -0.2304106 -0.1543647
vn 0.9607719 -0.2304106 -0.1543647
vn 0.9607723 -0.2304085 -0.154365
vn 0.9607723 -0.2304085 -0.154365
vn 0.9607723 -0.2304085 -0.154365
vn 0.9341467 0.2003949 -0.2953166
vn 0.9341467 0.2003949 -0.2953166
vn 0.9341467 0.2003949 -0.2953166
vn 0.9341465 0.2003955 -0.2953166
vn 0.9341465 0.2003955 -0.2953166
vn 0.9341465 0.2003955 -0.2953166
vn 0.7431308 0.5569152 -0.3709478
vn 0.7431308 0.5569152 -0.3709478
vn 0.7431308 0.5569152 -0.3709478
vn 0.7431299 0.5569169 -0.3709468
vn 0.7431299 0.5569169 -0.3709468
vn 0.7431299 0.5569169 -0.3709468
vn 0.498228 0.7761298 -0.386512
vn 0.498228 0.7761298 -0.386512
vn 0.498228 0.7761298 -0.386512
vn 0.4982278 0.7761289 -0.386514
vn 0.4982278 0.7761289 -0.386514
vn 0.4982278 0.7761289 -0.386514
vn 0.2628476 0.891543 -0.3688662
vn 0.2628476 0.891543 -0.3688662
vn 0.2628476 0.891543 -0.3688662
vn 0.2628431 0.891543 -0.3688695
vn 0.2628431 0.891543 -0.3688695
vn 0.2628431 0.891543 -0.3688695
vn 0.04579807 0.9416927 -0.3333427
vn 0.04579807 0.9416927 -0.3333427
vn 0.04579807 0.9416927 -0.3333427
vn 0.1890826 -0.9382147 0.2898295
vn 0.1890826 -0.9382147 0.2898295
vn 0.1890826 -0.9382147 0.2898295
vn 0.4444833 -0.8652291 0.2319765
vn 0.4444833 -0.8652291 0.2319765
vn 0.4444833 -0.8652291 0.2319765
vn 0.4444821 -0.8652298 0.2319764
vn 0.4444821 -0.8652298 0.2319764
vn 0.4444821 -0.8652298 0.2319764
vn 0.6829442 -0.7148234 0.1503816
vn 0.6829442 -0.7148234 0.1503816
vn 0.6829442 -0.7148234 0.1503816
vn 0.6829441 -0.7148237 0.1503817
vn 0.6829441 -0.7148237 0.1503817
vn 0.6829441 -0.7148237 0.1503817
vn 0.8779308 -0.4766635 0.0450491
vn 0.8779308 -0.4766635 0.0450491
vn 0.8779308 -0.4766635 0.0450491
vn 0.8779309 -0.4766635 0.04504909
vn 0.8779309 -0.4766635 0.04504909
vn 0.8779309 -0.4766635 0.04504909
vn 0.9844393 -0.1586904 -0.07547665
vn 0.9844393 -0.1586904 -0.07547665
vn 0.9844393 -0.1586904 -0.07547665
vn 0.9844393 -0.1586902 -0.07547667
vn 0.9844393 -0.1586902 -0.07547667
vn 0.9844393 -0.1586902 -0.07547667
vn 0.9627602 0.192092 -0.190246
vn 0.9627602 0.192092 -0.190246
vn 0.9627602 0.192092 -0.190246
vn 0.9627599 0.1920935 -0.1902461
vn 0.9627599 0.1920935 -0.1902461
vn 0.9627599 0.1920935 -0.1902461
vn 0.8172118 0.5057488 -0.2763748
vn 0.8172118 0.5057488 -0.2763748
vn 0.8172118 0.5057488 -0.2763748
vn 0.8172154 0.5057424 -0.2763758
vn 0.8172154 0.5057424 -0.2763758
vn 0.8172154 0.5057424 -0.2763758
vn 0.5932389 0.7367123 -0.3245342
vn 0.5932389 0.7367123 -0.3245342
vn 0.5932389 0.7367123 -0.3245342
vn 0.5932359 0.7367159 -0.3245319
vn 0.5932359 0.7367159 -0.3245319
vn 0.5932359 0.7367159 -0.3245319
vn 0.3367009 0.8786315 -0.3385839
vn 0.3367009 0.8786315 -0.3385839
vn 0.3367009 0.8786315 -0.3385839
vn 0.3367009 0.8786325 -0.3385814
vn 0.3367009 0.8786325 -0.3385814
vn 0.3367009 0.8786325 -0.3385814
vn 0.07283103 0.9427071 -0.3255748
vn 0.07283103 0.9427071 -0.3255748
vn 0.07283103 0.9427071 -0.3255748
vn 0.2030666 -0.9327895 0.2977714
vn 0.2030666 -0.9327895 0.2977714
vn 0.2030666 -0.9327895 0.2977714
vn 0.4793717 -0.8403137 0.2531315
vn 0.4793717 -0.8403137 0.2531315
vn 0.4793717 -0.8403137 0.2531315
vn 0.4793686 -0.8403157 0.253131
vn 0.4793686 -0.8403157 0.253131
vn 0.4793686 -0.8403157 0.253131
vn 0.7213799 -0.6677119 0.1837716
vn 0.7213799 -0.6677119 0.1837716
vn 0.7213799 -0.6677119 0.1837716
vn 0.7213788 -0.667713 0.1837716
vn 0.7213788 -0.667713 0.1837716
vn 0.7213788 -0.667713 0.1837716
vn 0.9023225 -0.4209068 0.09301402
vn 0.9023225 -0.4209068 0.09301402
vn 0.9023225 -0.4209068 0.09301402
vn 0.9023224 -0.4209071 0.09301405
vn 0.9023224 -0.4209071 0.09301405
vn 0.9023224 -0.4209071 0.09301405
vn 0.9927662 -0.1195446 -0.01114953
vn 0.9927662 -0.1195446 -0.01114953
vn 0.9927662 -0.1195446 -0.01114953
vn 0.9927663 -0.1195436 -0.01114965
vn 0.9927663 -0.1195436 -0.01114965
vn 0.9927663 -0.1195436 -0.01114965
vn 0.9730431 0.199582 -0.1155608
vn 0.9730431 0.199582 -0.1155608
vn 0.9730431 0.199582 -0.1155608
vn 0.9730439 0.1995782 -0.1155604
vn 0.9730439 0.1995782 -0.1155604
vn 0.9730439 0.1995782 -0.1155604
vn 0.8458973 0.4920828 -0.2056995
vn 0.8458973 0.4920828 -0.2056995
vn 0.8458973 0.4920828 -0.2056995
vn 0.8458937 0.492089 -0.2056995
vn 0.8458937 0.492089 -0.2056995
vn 0.8458937 0.492089 -0.2056995
vn 0.6354339 0.7229518 -0.2712276
vn 0.6354339 0.7229518 -0.2712276
vn 0.6354339 0.7229518 -0.2712276
vn 0.6354348 0.7229511 -0.2712278
vn 0.6354348 0.7229511 -0.2712278
vn 0.6354348 0.7229511 -0.2712278
vn 0.373354 0.8750331 -0.3080972
vn 0.373354 0.8750331 -0.3080972
vn 0.373354 0.8750331 -0.3080972
vn 0.3733538 0.8750333 -0.3080971
vn 0.3733538 0.8750333 -0.3080971
vn 0.3733538 0.8750333 -0.3080971
vn 0.08703925 0.9445999 -0.3164731
vn 0.08703925 0.9445999 -0.3164731
vn 0.08703925 0.9445999 -0.3164731
vn 0.2032093 -0.9297041 0.3071749
vn 0.2032093 -0.9297041 0.3071749
vn 0.2032093 -0.9297041 0.3071749
vn 0.4797921 -0.8312447 0.2807699
vn 0.4797921 -0.8312447 0.2807699
vn 0.4797921 -0.8312447 0.2807699
vn 0.4797915 -0.8312452 0.2807696
vn 0.4797915 -0.8312452 0.2807696
vn 0.4797915 -0.8312452 0.2807696
vn 0.7220468 -0.6532836 0.2277479
vn 0.7220468 -0.6532836 0.2277479
vn 0.7220468 -0.6532836 0.2277479
vn 0.7220482 -0.6532819 0.2277481
vn 0.7220482 -0.6532819 0.2277481
vn 0.7220482 -0.6532819 0.2277481
vn 0.9031836 -0.4023135 0.1496768
vn 0.9031836 -0.4023135 0.1496768
vn 0.9031836 -0.4023135 0.1496768
vn 0.9031832 -0.4023145 0.1496769
vn 0.9031832 -0.4023145 0.1496769
vn 0.9031832 -0.4023145 0.1496769
vn 0.9937341 -0.09863725 0.05256679
vn 0.9937341 -0.09863725 0.05256679
vn 0.9937341 -0.09863725 0.05256679
vn 0.9937339 -0.09863853 0.05256692
vn 0.9937339 -0.09863853 0.05256692
vn 0.9937339 -0.09863853 0.05256692
vn 0.9740112 0.2204867 -0.05184456
vn 0.9740112 0.2204867 -0.05184456
vn 0.9740112 0.2204867 -0.05184456
vn 0.974011 0.2204876 -0.05184466
vn 0.974011 0.2204876 -0.05184466
vn 0.974011 0.2204876 -0.05184466
vn 0.8467577 0.510676 -0.1490353
vn 0.8467577 0.510676 -0.1490353
vn 0.8467577 0.510676 -0.1490353
vn 0.8467577 0.5106759 -0.1490353
vn 0.8467577 0.5106759 -0.1490353
vn 0.8467577 0.5106759 -0.1490353
vn 0.6360964 0.7373866 -0.2272498
vn 0.6360964 0.7373866 -0.2272498
vn 0.6360964 0.7373866 -0.2272498
vn 0.6361014 0.7373821 -0.2272501
vn 0.6361014 0.7373821 -0.2272501
vn 0.6361014 0.7373821 -0.2272501
vn 0.3737757 0.8841017 -0.2804566
vn 0.3737757 0.8841017 -0.2804566
vn 0.3737757 0.8841017 -0.2804566
vn 0.373774 0.8841025 -0.2804562
vn 0.373774 0.8841025 -0.2804562
vn 0.373774 0.8841025 -0.2804562
vn 0.08718209 0.9476858 -0.3070684
vn 0.08718209 0.9476858 -0.3070684
vn 0.08718209 0.9476858 -0.3070684
vn 0.1894894 -0.9292445 0.3171727
vn 0.1894894 -0.9292445 0.3171727
vn 0.1894894 -0.9292445 0.3171727
vn 0.4457189 -0.8384742 0.3135217
vn 0.4457189 -0.8384742 0.3135217
vn 0.4457189 -0.8384742 0.3135217
vn 0.4457189 -0.8384733 0.3135238
vn 0.4457189 -0.8384733 0.3135238
vn 0.4457189 -0.8384733 0.3135238
vn 0.6849658 -0.6711152 0.2835953
vn 0.6849658 -0.6711152 0.2835953
vn 0.6849658 -0.6711152 0.2835953
vn 0.6849661 -0.6711147 0.2835957
vn 0.6849661 -0.6711147 0.2835957
vn 0.6849661 -0.6711147 0.2835957
vn 0.8806185 -0.4186037 0.2219957
vn 0.8806185 -0.4186037 0.2219957
vn 0.8806185 -0.4186037 0.2219957
vn 0.880619 -0.4186026 0.2219958
vn 0.880619 -0.4186026 0.2219958
vn 0.880619 -0.4186026 0.2219958
vn 0.9875265 -0.09199792 0.1277804
vn 0.9875265 -0.09199792 0.1277804
vn 0.9875265 -0.09199792 0.1277804
vn 0.9875265 -0.0919978 0.1277804
vn 0.9875265 -0.0919978 0.1277804
vn 0.9875265 -0.0919978 0.1277804
vn 0.9658462 0.2587894 0.01301001
vn 0.9658462 0.2587894 0.01301001
vn 0.9658462 0.2587894 0.01301001
vn 0.9658468 0.2587871 0.01301029
vn 0.9658468 0.2587871 0.01301029
vn 0.9658468 0.2587871 0.01301029
vn 0.8199018 0.563804 -0.09942897
vn 0.8199018 0.563804 -0.09942897
vn 0.8199018 0.563804 -0.09942897
vn 0.8199029 0.5638025 -0.0994288
vn 0.8199029 0.5638025 -0.0994288
vn 0.8199029 0.5638025 -0.0994288
vn 0.5952532 0.7804292 -0.1913215
vn 0.5952532 0.7804292 -0.1913215
vn 0.5952532 0.7804292 -0.1913215
vn 0.595256 0.7804272 -0.1913214
vn 0.595256 0.7804272 -0.1913214
vn 0.595256 0.7804272 -0.1913214
vn 0.3379404 0.905389 -0.2570355
vn 0.3379404 0.905389 -0.2570355
vn 0.3379404 0.905389 -0.2570355
vn 0.3379447 0.9053872 -0.2570358
vn 0.3379447 0.9053872 -0.2570358
vn 0.3379447 0.9053872 -0.2570358
vn 0.07324736 0.9516796 -0.2982294
vn 0.07324736 0.9516796 -0.2982294
vn 0.07324736 0.9516796 -0.2982294
vn 0.1630332 -0.9309753 0.3266578
vn 0.1630332 -0.9309753 0.3266578
vn 0.1630332 -0.9309753 0.3266578
vn 0.375646 -0.8587741 0.348421
vn 0.375646 -0.8587741 0.348421
vn 0.375646 -0.8587741 0.348421
vn 0.3756453 -0.8587741 0.3484218
vn 0.3756453 -0.8587741 0.3484218
vn 0.3756453 -0.8587741 0.3484218
vn 0.5986386 -0.7198349 0.3513824
vn 0.5986386 -0.7198349 0.3513824
vn 0.5986386 -0.7198349 0.3513824
vn 0.5986385 -0.719835 0.3513824
vn 0.5986385 -0.719835 0.3513824
vn 0.5986385 -0.719835 0.3513824
vn 0.8183431 -0.4767766 0.3209341
vn 0.8183431 -0.4767766 0.3209341
vn 0.8183431 -0.4767766 0.3209341
vn 0.8183439 -0.4767745 0.320935
vn 0.8183439 -0.4767745 0.320935
vn 0.8183439 -0.4767745 0.320935
vn 0.9666772 -0.1028372 0.2344349
vn 0.9666772 -0.1028372 0.2344349
vn 0.9666772 -0.1028372 0.2344349
vn 0.9666771 -0.1028376 0.2344349
vn 0.9666771 -0.1028376 0.2344349
vn 0.9666771 -0.1028376 0.2344349
vn 0.9400522 0.3279676 0.0934829
vn 0.9400522 0.3279676 0.0934829
vn 0.9400522 0.3279676 0.0934829
vn 0.9400511 0.327971 0.09348253
vn 0.9400511 0.327971 0.09348253
vn 0.9400511 0.327971 0.09348253
vn 0.7479838 0.6617115 -0.05155798
vn 0.7479838 0.6617115 -0.05155798
vn 0.7479838 0.6617115 -0.05155798
vn 0.7479821 0.6617133 -0.05155827
vn 0.7479821 0.6617133 -0.05155827
vn 0.7479821 0.6617133 -0.05155827
vn 0.5016376 0.8497442 -0.162156
vn 0.5016376 0.8497442 -0.162156
vn 0.5016376 0.8497442 -0.162156
vn 0.5016368 0.8497447 -0.162156
vn 0.5016368 0.8497447 -0.162156
vn 0.5016368 0.8497447 -0.162156
vn 0.264837 0.934392 -0.238271
vn 0.264837 0.934392 -0.238271
vn 0.264837 0.934392 -0.238271
vn 0.2648298 0.934394 -0.2382708
vn 0.2648298 0.934394 -0.2382708
vn 0.2648298 0.934394 -0.2382708
vn 0.04644574 0.955707 -0.2906319
vn 0.04644574 0.955707 -0.2906319
vn 0.04644574 0.955707 -0.2906319
vn 0.1261402 -0.9339392 0.3344344
vn 0.1261402 -0.9339392 0.3344344
vn 0.1261402 -0.9339392 0.3344344
vn 0.2694747 -0.8848109 0.3801225
vn 0.2694747 -0.8848109 0.3801225
vn 0.2694747 -0.8848109 0.3801225
vn 0.2694762 -0.8848107 0.3801219
vn 0.2694762 -0.8848107 0.3801219
vn 0.2694762 -0.8848107 0.3801219
vn 0.4418959 -0.7903125 0.4244222
vn 0.4418959 -0.7903125 0.4244222
vn 0.4418959 -0.7903125 0.4244222
vn 0.4418962 -0.7903125 0.424422
vn 0.4418962 -0.7903125 0.424422
vn 0.4418962 -0.7903125 0.424422
vn 0.6655901 -0.5890874 0.4582204
vn 0.6655901 -0.5890874 0.4582204
vn 0.6655901 -0.5890874 0.4582204
vn 0.6655902 -0.5890875 0.4582202
vn 0.6655902 -0.5890875 0.4582202
vn 0.6655902 -0.5890875 0.4582202
vn 0.8944731 -0.1478998 0.4219521
vn 0.8944731 -0.1478998 0.4219521
vn 0.8944731 -0.1478998 0.4219521
vn 0.8944732 -0.1478951 0.4219535
vn 0.8944732 -0.1478951 0.4219535
vn 0.8944732 -0.1478951 0.4219535
vn 0.8565018 0.4664622 0.2209473
vn 0.8565018 0.4664622 0.2209473
vn 0.8565018 0.4664622 0.2209473
vn 0.8565045 0.4664569 0.2209479
vn 0.8565045 0.4664569 0.2209479
vn 0.8565045 0.4664569 0.2209479
vn 0.5787866 0.8154781 -0.001324585
vn 0.5787866 0.8154781 -0.001324585
vn 0.5787866 0.8154781 -0.001324585
vn 0.578784 0.8154798 -0.001325062
vn 0.578784 0.8154798 -0.001325062
vn 0.578784 0.8154798 -0.001325062
vn 0.3354636 0.9317419 -0.139001
vn 0.3354636 0.9317419 -0.139001
vn 0.3354636 0.9317419 -0.139001
vn 0.3354641 0.9317417 -0.1390009
vn 0.3354641 0.9317417 -0.1390009
vn 0.3354641 0.9317417 -0.1390009
vn 0.1553227 0.9620977 -0.2241493
vn 0.1553227 0.9620977 -0.2241493
vn 0.1553227 0.9620977 -0.2241493
vn 0.155327 0.962097 -0.2241493
vn 0.155327 0.962097 -0.2241493
vn 0.155327 0.962097 -0.2241493
vn 0.009167813 0.9585571 -0.2847529
vn 0.009167813 0.9585571 -0.2847529
vn 0.009167813 0.9585571 -0.2847529
vn 0.0822712 -0.9370292 0.3394229
vn 0.0822712 -0.9370292 0.3394229
vn 0.0822712 -0.9370292 0.3394229
vn 0.1337959 -0.9060923 0.4013669
vn 0.1337959 -0.9060923 0.4013669
vn 0.1337959 -0.9060923 0.4013669
vn 0.1337922 -0.9060925 0.4013676
vn 0.1337922 -0.9060925 0.4013676
vn 0.1337922 -0.9060925 0.4013676
vn 0.2020976 -0.8533128 0.480639
vn 0.2020976 -0.8533128 0.480639
vn 0.2020976 -0.8533128 0.480639
vn 0.2021099 -0.8533124 0.4806345
vn 0.2021099 -0.8533124 0.4806345
vn 0.2021099 -0.8533124 0.4806345
vn 0.3167257 -0.7303014 0.6052642
vn 0.3167257 -0.7303014 0.6052642
vn 0.3167257 -0.7303014 0.6052642
vn 0.3167309 -0.730302 0.6052607
vn 0.3167309 -0.730302 0.6052607
vn 0.3167309 -0.730302 0.6052607
vn 0.5402888 -0.2741048 0.7955845
vn 0.5402888 -0.2741048 0.7955845
vn 0.5402888 -0.2741048 0.7955845
vn 0.5402944 -0.2741127 0.7955779
vn 0.5402944 -0.2741127 0.7955779
vn 0.5402944 -0.2741127 0.7955779
vn 0.4771231 0.7481486 0.4611153
vn 0.4771231 0.7481486 0.4611153
vn 0.4771231 0.7481486 0.4611153
vn 0.4771118 0.7481577 0.4611121
vn 0.4771118 0.7481577 0.4611121
vn 0.4771118 0.7481577 0.4611121
vn 0.2112561 0.9763052 0.04689357
vn 0.2112561 0.9763052 0.04689357
vn 0.2112561 0.9763052 0.04689357
vn 0.2112622 0.9763039 0.0468951
vn 0.2112622 0.9763039 0.0468951
vn 0.2112622 0.9763039 0.0468951
vn 0.08825892 0.988598 -0.1220018
vn 0.08825892 0.988598 -0.1220018
vn 0.08825892 0.988598 -0.1220018
vn 0.08825725 0.9885982 -0.1220021
vn 0.08825725 0.9885982 -0.1220021
vn 0.08825725 0.9885982 -0.1220021
vn 0.01744496 0.9765475 -0.2145943
vn 0.01744496 0.9765475 -0.2145943
vn 0.01744496 0.9765475 -0.2145943
vn 0.01743188 0.9765476 -0.214595
vn 0.01743188 0.9765476 -0.214595
vn 0.01743188 0.9765476 -0.214595
vn -0.03490501 0.9590873 -0.2809506
vn -0.03490501 0.9590873 -0.2809506
vn -0.03490501 0.9590873 -0.2809506
vn 0.03582644 -0.9394129 0.3409105
vn 0.03582644 -0.9394129 0.3409105
vn 0.03582644 -0.9394129 0.3409105
vn -0.01453645 -0.913705 0.4061181
vn -0.01453645 -0.913705 0.4061181
vn -0.01453645 -0.913705 0.4061181
vn -0.01452935 -0.9137053 0.4061176
vn -0.01452935 -0.9137053 0.4061176
vn -0.01452935 -0.9137053 0.4061176
vn -0.08266851 -0.8679309 0.4897569
vn -0.08266851 -0.8679309 0.4897569
vn -0.08266851 -0.8679309 0.4897569
vn -0.08269377 -0.8679272 0.4897594
vn -0.08269377 -0.8679272 0.4897594
vn -0.08269377 -0.8679272 0.4897594
vn -0.2010982 -0.7568771 0.6218493
vn -0.2010982 -0.7568771 0.6218493
vn -0.2010982 -0.7568771 0.6218493
vn -0.2010972 -0.7568775 0.6218492
vn -0.2010972 -0.7568775 0.6218492
vn -0.2010972 -0.7568775 0.6218492
vn -0.4575464 -0.3253175 0.8275384
vn -0.4575464 -0.3253175 0.8275384
vn -0.4575464 -0.3253175 0.8275384
vn -0.4575487 -0.3253155 0.8275379
vn -0.4575487 -0.3253155 0.8275379
vn -0.4575487 -0.3253155 0.8275379
vn -0.5207278 0.6969364 0.4930745
vn -0.5207278 0.6969364 0.4930745
vn -0.5207278 0.6969364 0.4930745
vn -0.5207266 0.6969359 0.4930762
vn -0.5207266 0.6969359 0.4930762
vn -0.5207266 0.6969359 0.4930762
vn -0.3065744 0.9497277 0.06347948
vn -0.3065744 0.9497277 0.06347948
vn -0.3065744 0.9497277 0.06347948
vn -0.3065747 0.9497275 0.06347933
vn -0.3065747 0.9497275 0.06347933
vn -0.3065747 0.9497275 0.06347933
vn -0.1965089 0.9739827 -0.1128805
vn -0.1965089 0.9739827 -0.1128805
vn -0.1965089 0.9739827 -0.1128805
vn -0.1965107 0.9739823 -0.1128809
vn -0.1965107 0.9739823 -0.1128809
vn -0.1965107 0.9739823 -0.1128809
vn -0.1308909 0.9689336 -0.2098457
vn -0.1308909 0.9689336 -0.2098457
vn -0.1308909 0.9689336 -0.2098457
vn -0.1308755 0.968936 -0.209844
vn -0.1308755 0.968936 -0.209844
vn -0.1308755 0.968936 -0.209844
vn -0.08137391 0.9567022 -0.2794622
vn -0.08137391 0.9567022 -0.2794622
vn -0.08137391 0.9567022 -0.2794622
vn -0.008327343 -0.9408418 0.3387439
vn -0.008327343 -0.9408418 0.3387439
vn -0.008327343 -0.9408418 0.3387439
vn -0.1527536 -0.9064806 0.3936486
vn -0.1527536 -0.9064806 0.3936486
vn -0.1527536 -0.9064806 0.3936486
vn -0.1527249 -0.9064848 0.3936502
vn -0.1527249 -0.9064848 0.3936502
vn -0.1527249 -0.9064848 0.3936502
vn -0.3307478 -0.8299712 0.4491701
vn -0.3307478 -0.8299712 0.4491701
vn -0.3307478 -0.8299712 0.4491701
vn -0.3307483 -0.8299709 0.4491701
vn -0.3307483 -0.8299709 0.4491701
vn -0.3307483 -0.8299709 0.4491701
vn -0.5712372 -0.6525678 0.4978386
vn -0.5712372 -0.6525678 0.4978386
vn -0.5712372 -0.6525678 0.4978386
vn -0.5712407 -0.6525655 0.4978378
vn -0.5712407 -0.6525655 0.4978378
vn -0.5712407 -0.6525655 0.4978378
vn -0.8458953 -0.2372103 0.4776949
vn -0.8458953 -0.2372103 0.4776949
vn -0.8458953 -0.2372103 0.4776949
vn -0.8458897 -0.2372196 0.4777002
vn -0.8458897 -0.2372196 0.4777002
vn -0.8458897 -0.2372196 0.4777002
vn -0.8838614 0.3771324 0.2766951
vn -0.8838614 0.3771324 0.2766951
vn -0.8838614 0.3771324 0.2766951
vn -0.8838614 0.3771355 0.276691
vn -0.8838614 0.3771355 0.276691
vn -0.8838614 0.3771355 0.276691
vn -0.6580498 0.7520003 0.03828824
vn -0.6580498 0.7520003 0.03828824
vn -0.6580498 0.7520003 0.03828824
vn -0.6580497 0.7520005 0.03828898
vn -0.6580497 0.7520005 0.03828898
vn -0.6580497 0.7520005 0.03828898
vn -0.4371822 0.8920863 -0.1142529
vn -0.4371822 0.8920863 -0.1142529
vn -0.4371822 0.8920863 -0.1142529
vn -0.4371824 0.8920863 -0.114253
vn -0.4371824 0.8920863 -0.114253
vn -0.4371824 0.8920863 -0.114253
vn -0.2668954 0.9404272 -0.2106264
vn -0.2668954 0.9404272 -0.2106264
vn -0.2668954 0.9404272 -0.2106264
vn -0.2668963 0.9404269 -0.2106266
vn -0.2668963 0.9404269 -0.2106266
vn -0.2668963 0.9404269 -0.2106266
vn -0.1253132 0.9516549 -0.2804455
vn -0.1253132 0.9516549 -0.2804455
vn -0.1253132 0.9516549 -0.2804455
vn -0.04579366 -0.9416934 0.3333416
vn -0.04579366 -0.9416934 0.3333416
vn -0.04579366 -0.9416934 0.3333416
vn -0.2628445 -0.8915423 0.3688704
vn -0.2628445 -0.8915423 0.3688704
vn -0.2628445 -0.8915423 0.3688704
vn -0.2628618 -0.8915383 0.3688675
vn -0.2628618 -0.8915383 0.3688675
vn -0.2628618 -0.8915383 0.3688675
vn -0.4982307 -0.7761284 0.386511
vn -0.4982307 -0.7761284 0.386511
vn -0.4982307 -0.7761284 0.386511
vn -0.4982249 -0.7761315 0.3865124
vn -0.4982249 -0.7761315 0.3865124
vn -0.4982249 -0.7761315 0.3865124
vn -0.7431344 -0.5569131 0.3709437
vn -0.7431344 -0.5569131 0.3709437
vn -0.7431344 -0.5569131 0.3709437
vn -0.7431324 -0.5569151 0.3709446
vn -0.7431324 -0.5569151 0.3709446
vn -0.7431324 -0.5569151 0.3709446
vn -0.9341466 -0.2003962 0.2953161
vn -0.9341466 -0.2003962 0.2953161
vn -0.9341466 -0.2003962 0.2953161
vn -0.9341489 -0.2003903 0.2953127
vn -0.9341489 -0.2003903 0.2953127
vn -0.9341489 -0.2003903 0.2953127
vn -0.960772 0.2304111 0.1543629
vn -0.960772 0.2304111 0.1543629
vn -0.960772 0.2304111 0.1543629
vn -0.9607724 0.2304078 0.1543656
vn -0.9607724 0.2304078 0.1543656
vn -0.9607724 0.2304078 0.1543656
vn -0.8134938 0.5815715 -0.001545512
vn -0.8134938 0.5815715 -0.001545512
vn -0.8134938 0.5815715 -0.001545512
vn -0.8134938 0.5815715 -0.001545526
vn -0.8134938 0.5815715 -0.001545526
vn -0.8134938 0.5815715 -0.001545526
vn -0.595237 0.7934469 -0.1270238
vn -0.595237 0.7934469 -0.1270238
vn -0.595237 0.7934469 -0.1270238
vn -0.595237 0.7934469 -0.1270235
vn -0.595237 0.7934469 -0.1270235
vn -0.595237 0.7934469 -0.1270235
vn -0.3736658 0.901626 -0.2178174
vn -0.3736658 0.901626 -0.2178174
vn -0.3736658 0.901626 -0.2178174
vn -0.3736708 0.9016232 -0.2178204
vn -0.3736708 0.9016232 -0.2178204
vn -0.3736708 0.9016232 -0.2178204
vn -0.1623805 0.9449922 -0.2839406
vn -0.1623805 0.9449922 -0.2839406
vn -0.1623805 0.9449922 -0.2839406
vn -0.07283158 -0.942708 0.3255723
vn -0.07283158 -0.942708 0.3255723
vn -0.07283158 -0.942708 0.3255723
vn -0.3367123 -0.8786287 0.3385802
vn -0.3367123 -0.8786287 0.3385802
vn -0.3367123 -0.8786287 0.3385802
vn -0.3367071 -0.8786301 0.3385816
vn -0.3367071 -0.8786301 0.3385816
vn -0.3367071 -0.8786301 0.3385816
vn -0.5932335 -0.7367169 0.3245339
vn -0.5932335 -0.7367169 0.3245339
vn -0.5932335 -0.7367169 0.3245339
vn -0.5932341 -0.7367166 0.3245337
vn -0.5932341 -0.7367166 0.3245337
vn -0.5932341 -0.7367166 0.3245337
vn -0.817215 -0.5057432 0.2763756
vn -0.817215 -0.5057432 0.2763756
vn -0.817215 -0.5057432 0.2763756
vn -0.817216 -0.5057421 0.276375
vn -0.817216 -0.5057421 0.276375
vn -0.817216 -0.5057421 0.276375
vn -0.9627586 -0.1920978 0.1902483
vn -0.9627586 -0.1920978 0.1902483
vn -0.9627586 -0.1920978 0.1902483
vn -0.9627594 -0.192095 0.1902467
vn -0.9627594 -0.192095 0.1902467
vn -0.9627594 -0.192095 0.1902467
vn -0.984439 0.1586927 0.07547576
vn -0.984439 0.1586927 0.07547576
vn -0.984439 0.1586927 0.07547576
vn -0.9844391 0.158692 0.07547627
vn -0.9844391 0.158692 0.07547627
vn -0.9844391 0.158692 0.07547627
vn -0.8779306 0.4766639 -0.04504889
vn -0.8779306 0.4766639 -0.04504889
vn -0.8779306 0.4766639 -0.04504889
vn -0.8779303 0.4766643 -0.04504931
vn -0.8779303 0.4766643 -0.04504931
vn -0.8779303 0.4766643 -0.04504931
vn -0.6829441 0.7148238 -0.1503808
vn -0.6829441 0.7148238 -0.1503808
vn -0.6829441 0.7148238 -0.1503808
vn -0.6829436 0.7148241 -0.1503815
vn -0.6829436 0.7148241 -0.1503815
vn -0.6829436 0.7148241 -0.1503815
vn -0.4444861 0.8652278 -0.2319765
vn -0.4444861 0.8652278 -0.2319765
vn -0.4444861 0.8652278 -0.2319765
vn -0.444486 0.8652284 -0.2319746
vn -0.444486 0.8652284 -0.2319746
vn -0.444486 0.8652284 -0.2319746
vn -0.1890833 0.9382142 -0.2898305
vn -0.1890833 0.9382142 -0.2898305
vn -0.1890833 0.9382142 -0.2898305
vn -0.08704273 -0.944601 0.3164688
vn -0.08704273 -0.944601 0.3164688
vn -0.08704273 -0.944601 0.3164688
vn -0.3733554 -0.8750327 0.3080967
vn -0.3733554 -0.8750327 0.3080967
vn -0.3733554 -0.8750327 0.3080967
vn -0.3733659 -0.8750299 0.308092
vn -0.3733659 -0.8750299 0.308092
vn -0.3733659 -0.8750299 0.308092
vn -0.6354282 -0.7229564 0.271229
vn -0.6354282 -0.7229564 0.271229
vn -0.6354282 -0.7229564 0.271229
vn -0.6354295 -0.7229554 0.2712283
vn -0.6354295 -0.7229554 0.2712283
vn -0.6354295 -0.7229554 0.2712283
vn -0.8458973 -0.4920831 0.2056988
vn -0.8458973 -0.4920831 0.2056988
vn -0.8458973 -0.4920831 0.2056988
vn -0.8458962 -0.4920846 0.2056997
vn -0.8458962 -0.4920846 0.2056997
vn -0.8458962 -0.4920846 0.2056997
vn -0.9730436 -0.1995796 0.11556
vn -0.9730436 -0.1995796 0.11556
vn -0.9730436 -0.1995796 0.11556
vn -0.9730429 -0.1995822 0.1155615
vn -0.9730429 -0.1995822 0.1155615
vn -0.9730429 -0.1995822 0.1155615
vn -0.9927664 0.1195434 0.01114989
vn -0.9927664 0.1195434 0.01114989
vn -0.9927664 0.1195434 0.01114989
vn -0.9927663 0.1195445 0.01114924
vn -0.9927663 0.1195445 0.01114924
vn -0.9927663 0.1195445 0.01114924
vn -0.9023221 0.4209077 -0.09301402
vn -0.9023221 0.4209077 -0.09301402
vn -0.9023221 0.4209077 -0.09301402
vn -0.9023218 0.4209084 -0.0930145
vn -0.9023218 0.4209084 -0.0930145
vn -0.9023218 0.4209084 -0.0930145
vn -0.7213765 0.667715 -0.1837733
vn -0.7213765 0.667715 -0.1837733
vn -0.7213765 0.667715 -0.1837733
vn -0.721379 0.6677129 -0.1837711
vn -0.721379 0.6677129 -0.1837711
vn -0.721379 0.6677129 -0.1837711
vn -0.4793738 0.8403124 -0.2531323
vn -0.4793738 0.8403124 -0.2531323
vn -0.4793738 0.8403124 -0.2531323
vn -0.4793739 0.8403123 -0.2531321
vn -0.4793739 0.8403123 -0.2531321
vn -0.4793739 0.8403123 -0.2531321
vn -0.20307 0.9327879 -0.297774
vn -0.20307 0.9327879 -0.297774
vn -0.20307 0.9327879 -0.297774
vn -0.1388552 -0.9486037 -0.2843769
vn -0.1388552 -0.9486037 -0.2843769
vn -0.1388552 -0.9486037 -0.2843769
vn 0.05653615 -0.8696212 -0.490472
vn 0.05653615 -0.8696212 -0.490472
vn 0.05653615 -0.8696212 -0.490472
vn 0.05653783 -0.8696209 -0.4904723
vn 0.05653783 -0.8696209 -0.4904723
vn 0.05653783 -0.8696209 -0.4904723
vn 0.2535185 -0.7083037 -0.6588128
vn 0.2535185 -0.7083037 -0.6588128
vn 0.2535185 -0.7083037 -0.6588128
vn 0.2535264 -0.7082989 -0.658815
vn 0.2535264 -0.7082989 -0.658815
vn 0.2535264 -0.7082989 -0.658815
vn 0.4340462 -0.4692296 -0.7690432
vn 0.4340462 -0.4692296 -0.7690432
vn 0.4340462 -0.4692296 -0.7690432
vn 0.4340428 -0.4692334 -0.7690428
vn 0.4340428 -0.4692334 -0.7690428
vn 0.4340428 -0.4692334 -0.7690428
vn 0.5745128 -0.1706946 -0.8004988
vn 0.5745128 -0.1706946 -0.8004988
vn 0.5745128 -0.1706946 -0.8004988
vn 0.5745143 -0.1706919 -0.8004983
vn 0.5745143 -0.1706919 -0.8004983
vn 0.5745143 -0.1706919 -0.8004983
vn 0.6525009 0.1513124 -0.7425275
vn 0.6525009 0.1513124 -0.7425275
vn 0.6525009 0.1513124 -0.7425275
vn 0.6524997 0.1513081 -0.7425296
vn 0.6524997 0.1513081 -0.7425296
vn 0.6524997 0.1513081 -0.7425296
vn 0.6571564 0.4519959 -0.6031958
vn 0.6571564 0.4519959 -0.6031958
vn 0.6571564 0.4519959 -0.6031958
vn 0.6571572 0.4520044 -0.6031886
vn 0.6571572 0.4520044 -0.6031886
vn 0.6571572 0.4520044 -0.6031886
vn 0.5933672 0.6949333 -0.4061812
vn 0.5933672 0.6949333 -0.4061812
vn 0.5933672 0.6949333 -0.4061812
vn 0.5933682 0.6949273 -0.40619
vn 0.5933682 0.6949273 -0.40619
vn 0.5933682 0.6949273 -0.40619
vn 0.4757225 0.8612187 -0.1788592
vn 0.4757225 0.8612187 -0.1788592
vn 0.4757225 0.8612187 -0.1788592
vn 0.4757232 0.8612174 -0.1788631
vn 0.4757232 0.8612174 -0.1788631
vn 0.4757232 0.8612174 -0.1788631
vn 0.3199349 0.9457435 0.05666536
vn 0.3199349 0.9457435 0.05666536
vn 0.3199349 0.9457435 0.05666536
vn -0.1403769 -0.953113 -0.2680859
vn -0.1403769 -0.953113 -0.2680859
vn -0.1403769 -0.953113 -0.2680859
vn 0.05371603 -0.8922021 -0.4484306
vn 0.05371603 -0.8922021 -0.4484306
vn 0.05371603 -0.8922021 -0.4484306
vn 0.0537158 -0.892202 -0.4484307
vn 0.0537158 -0.892202 -0.4484307
vn 0.0537158 -0.892202 -0.4484307
vn 0.258472 -0.7525838 -0.6056483
vn 0.258472 -0.7525838 -0.6056483
vn 0.258472 -0.7525838 -0.6056483
vn 0.2584737 -0.7525833 -0.6056483
vn 0.2584737 -0.7525833 -0.6056483
vn 0.2584737 -0.7525833 -0.6056483
vn 0.4588833 -0.5225425 -0.7185927
vn 0.4588833 -0.5225425 -0.7185927
vn 0.4588833 -0.5225425 -0.7185927
vn 0.4588874 -0.522539 -0.7185927
vn 0.4588874 -0.522539 -0.7185927
vn 0.4588874 -0.522539 -0.7185927
vn 0.6221452 -0.2078735 -0.7548007
vn 0.6221452 -0.2078735 -0.7548007
vn 0.6221452 -0.2078735 -0.7548007
vn 0.622139 -0.2078836 -0.7548029
vn 0.622139 -0.2078836 -0.7548029
vn 0.622139 -0.2078836 -0.7548029
vn 0.707862 0.146057 -0.6910852
vn 0.707862 0.146057 -0.6910852
vn 0.707862 0.146057 -0.6910852
vn 0.7078657 0.14607 -0.6910786
vn 0.7078657 0.14607 -0.6910786
vn 0.7078657 0.14607 -0.6910786
vn 0.6989617 0.4687428 -0.5401229
vn 0.6989617 0.4687428 -0.5401229
vn 0.6989617 0.4687428 -0.5401229
vn 0.6989617 0.468729 -0.5401348
vn 0.6989617 0.468729 -0.5401348
vn 0.6989617 0.468729 -0.5401348
vn 0.6131983 0.7120737 -0.3419634
vn 0.6131983 0.7120737 -0.3419634
vn 0.6131983 0.7120737 -0.3419634
vn 0.6131976 0.7120758 -0.3419605
vn 0.6131976 0.7120758 -0.3419605
vn 0.6131976 0.7120758 -0.3419605
vn 0.4798717 0.8674059 -0.1316444
vn 0.4798717 0.8674059 -0.1316444
vn 0.4798717 0.8674059 -0.1316444
vn 0.4798702 0.8674074 -0.1316401
vn 0.4798702 0.8674074 -0.1316401
vn 0.4798702 0.8674074 -0.1316401
vn 0.3192766 0.9447994 0.07359765
vn 0.3192766 0.9447994 0.07359765
vn 0.3192766 0.9447994 0.07359765
vn -0.1508542 -0.9583568 -0.2424776
vn -0.1508542 -0.9583568 -0.2424776
vn -0.1508542 -0.9583568 -0.2424776
vn 0.02451505 -0.9245365 -0.3803044
vn 0.02451505 -0.9245365 -0.3803044
vn 0.02451505 -0.9245365 -0.3803044
vn 0.02451492 -0.9245372 -0.3803026
vn 0.02451492 -0.9245372 -0.3803026
vn 0.02451492 -0.9245372 -0.3803026
vn 0.2267193 -0.8259895 -0.516081
vn 0.2267193 -0.8259895 -0.516081
vn 0.2267193 -0.8259895 -0.516081
vn 0.2267187 -0.8259894 -0.5160815
vn 0.2267187 -0.8259894 -0.5160815
vn 0.2267187 -0.8259894 -0.5160815
vn 0.4566618 -0.6229452 -0.6351371
vn 0.4566618 -0.6229452 -0.6351371
vn 0.4566618 -0.6229452 -0.6351371
vn 0.4566613 -0.6229455 -0.6351373
vn 0.4566613 -0.6229455 -0.6351373
vn 0.4566613 -0.6229455 -0.6351373
vn 0.6726103 -0.2764554 -0.6864166
vn 0.6726103 -0.2764554 -0.6864166
vn 0.6726103 -0.2764554 -0.6864166
vn 0.6726105 -0.2764553 -0.6864165
vn 0.6726105 -0.2764553 -0.6864165
vn 0.6726105 -0.2764553 -0.6864165
vn 0.7778903 0.1582403 -0.6081502
vn 0.7778903 0.1582403 -0.6081502
vn 0.7778903 0.1582403 -0.6081502
vn 0.7778854 0.1582203 -0.6081617
vn 0.7778854 0.1582203 -0.6081617
vn 0.7778854 0.1582203 -0.6081617
vn 0.7348819 0.525827 -0.4283158
vn 0.7348819 0.525827 -0.4283158
vn 0.7348819 0.525827 -0.4283158
vn 0.7348816 0.5258294 -0.4283136
vn 0.7348816 0.5258294 -0.4283136
vn 0.7348816 0.5258294 -0.4283136
vn 0.6102923 0.7577604 -0.2309603
vn 0.6102923 0.7577604 -0.2309603
vn 0.6102923 0.7577604 -0.2309603
vn 0.6102886 0.7577662 -0.2309507
vn 0.6102886 0.7577662 -0.2309507
vn 0.6102886 0.7577662 -0.2309507
vn 0.4627176 0.8848258 -0.05455161
vn 0.4627176 0.8848258 -0.05455161
vn 0.4627176 0.8848258 -0.05455161
vn 0.4627203 0.8848239 -0.05455745
vn 0.4627203 0.8848239 -0.05455745
vn 0.4627203 0.8848239 -0.05455745
vn 0.3102044 0.9453683 0.1002598
vn 0.3102044 0.9453683 0.1002598
vn 0.3102044 0.9453683 0.1002598
vn -0.1692238 -0.9630048 -0.2097262
vn -0.1692238 -0.9630048 -0.2097262
vn -0.1692238 -0.9630048 -0.2097262
vn -0.03095899 -0.9575676 -0.2865412
vn -0.03095899 -0.9575676 -0.2865412
vn -0.03095899 -0.9575676 -0.2865412
vn -0.03096059 -0.9575688 -0.2865372
vn -0.03096059 -0.9575688 -0.2865372
vn -0.03096059 -0.9575688 -0.2865372
vn 0.1458946 -0.9159672 -0.3737898
vn 0.1458946 -0.9159672 -0.3737898
vn 0.1458946 -0.9159672 -0.3737898
vn 0.1458945 -0.9159677 -0.3737886
vn 0.1458945 -0.9159677 -0.3737886
vn 0.1458945 -0.9159677 -0.3737886
vn 0.3987564 -0.7841217 -0.4755487
vn 0.3987564 -0.7841217 -0.4755487
vn 0.3987564 -0.7841217 -0.4755487
vn 0.3987547 -0.7841215 -0.4755505
vn 0.3987547 -0.7841215 -0.4755505
vn 0.3987547 -0.7841215 -0.4755505
vn 0.7275136 -0.4161863 -0.5454476
vn 0.7275136 -0.4161863 -0.5454476
vn 0.7275136 -0.4161863 -0.5454476
vn 0.7275242 -0.4161763 -0.5454409
vn 0.7275242 -0.4161763 -0.5454409
vn 0.7275242 -0.4161763 -0.5454409
vn 0.8776527 0.2037296 -0.4338432
vn 0.8776527 0.2037296 -0.4338432
vn 0.8776527 0.2037296 -0.4338432
vn 0.8776527 0.2037295 -0.4338433
vn 0.8776527 0.2037295 -0.4338433
vn 0.8776527 0.2037295 -0.4338433
vn 0.7420011 0.6331311 -0.2204074
vn 0.7420011 0.6331311 -0.2204074
vn 0.7420011 0.6331311 -0.2204074
vn 0.7419995 0.6331344 -0.2204034
vn 0.7419995 0.6331344 -0.2204034
vn 0.7419995 0.6331344 -0.2204034
vn 0.5667291 0.8216454 -0.06096753
vn 0.5667291 0.8216454 -0.06096753
vn 0.5667291 0.8216454 -0.06096753
vn 0.5667318 0.8216432 -0.0609724
vn 0.5667318 0.8216432 -0.0609724
vn 0.5667318 0.8216432 -0.0609724
vn 0.4203847 0.9060241 0.04896078
vn 0.4203847 0.9060241 0.04896078
vn 0.4203847 0.9060241 0.04896078
vn 0.4203855 0.9060237 0.04895976
vn 0.4203855 0.9060237 0.04895976
vn 0.4203855 0.9060237 0.04895976
vn 0.2932605 0.9465869 0.1340579
vn 0.2932605 0.9465869 0.1340579
vn 0.2932605 0.9465869 0.1340579
vn -0.1935599 -0.9657386 -0.1728686
vn -0.1935599 -0.9657386 -0.1728686
vn -0.1935599 -0.9657386 -0.1728686
vn -0.1082709 -0.9789432 -0.1730539
vn -0.1082709 -0.9789432 -0.1730539
vn -0.1082709 -0.9789432 -0.1730539
vn -0.1082712 -0.9789433 -0.1730534
vn -0.1082712 -0.9789433 -0.1730534
vn -0.1082712 -0.9789433 -0.1730534
vn 0.00874433 -0.9851909 -0.1712384
vn 0.00874433 -0.9851909 -0.1712384
vn 0.00874433 -0.9851909 -0.1712384
vn 0.008745812 -0.9851902 -0.1712423
vn 0.008745812 -0.9851902 -0.1712423
vn 0.008745812 -0.9851902 -0.1712423
vn 0.2166311 -0.9626892 -0.1621743
vn 0.2166311 -0.9626892 -0.1621743
vn 0.2166311 -0.9626892 -0.1621743
vn 0.216631 -0.9626896 -0.1621717
vn 0.216631 -0.9626896 -0.1621717
vn 0.216631 -0.9626896 -0.1621717
vn 0.6943648 -0.7116766 -0.1066493
vn 0.6943648 -0.7116766 -0.1066493
vn 0.6943648 -0.7116766 -0.1066493
vn 0.6943629 -0.7116778 -0.1066533
vn 0.6943629 -0.7116778 -0.1066533
vn 0.6943629 -0.7116778 -0.1066533
vn 0.9441796 0.3198068 0.07904823
vn 0.9441796 0.3198068 0.07904823
vn 0.9441796 0.3198068 0.07904823
vn 0.9441789 0.3198082 0.07904971
vn 0.9441789 0.3198082 0.07904971
vn 0.9441789 0.3198082 0.07904971
vn 0.6336855 0.7593313 0.1478464
vn 0.6336855 0.7593313 0.1478464
vn 0.6336855 0.7593313 0.1478464
vn 0.6336861 0.759331 0.1478458
vn 0.6336861 0.759331 0.1478458
vn 0.6336861 0.759331 0.1478458
vn 0.458861 0.8733605 0.1633648
vn 0.458861 0.8733605 0.1633648
vn 0.458861 0.8733605 0.1633648
vn 0.4588656 0.8733591 0.1633596
vn 0.4588656 0.8733591 0.1633596
vn 0.4588656 0.8733591 0.1633596
vn 0.3518053 0.9207018 0.1689414
vn 0.3518053 0.9207018 0.1689414
vn 0.3518053 0.9207018 0.1689414
vn 0.351797 0.9207031 0.1689516
vn 0.351797 0.9207031 0.1689516
vn 0.351797 0.9207031 0.1689516
vn 0.2698084 0.9475051 0.1715739
vn 0.2698084 0.9475051 0.1715739
vn 0.2698084 0.9475051 0.1715739
vn -0.2213099 -0.9657388 -0.135538
vn -0.2213099 -0.9657388 -0.135538
vn -0.2213099 -0.9657388 -0.135538
vn -0.1969104 -0.9789436 -0.05381094
vn -0.1969104 -0.9789436 -0.05381094
vn -0.1969104 -0.9789436 -0.05381094
vn -0.1969093 -0.9789438 -0.05381244
vn -0.1969093 -0.9789438 -0.05381244
vn -0.1969093 -0.9789438 -0.05381244
vn -0.1614524 -0.9851912 0.05771934
vn -0.1614524 -0.9851912 0.05771934
vn -0.1614524 -0.9851912 0.05771934
vn -0.1614533 -0.9851909 0.05772111
vn -0.1614533 -0.9851909 0.05772111
vn -0.1614533 -0.9851909 0.05772111
vn -0.09286295 -0.9626892 0.2541772
vn -0.09286295 -0.9626892 0.2541772
vn -0.09286295 -0.9626892 0.2541772
vn -0.09286052 -0.9626911 0.2541708
vn -0.09286052 -0.9626911 0.2541708
vn -0.09286052 -0.9626911 0.2541708
vn 0.09797628 -0.7116758 0.6956423
vn 0.09797628 -0.7116758 0.6956423
vn 0.09797628 -0.7116758 0.6956423
vn 0.09797571 -0.7116743 0.695644
vn 0.09797571 -0.7116743 0.695644
vn 0.09797571 -0.7116743 0.695644
vn 0.3477916 0.3197961 0.8813463
vn 0.3477916 0.3197961 0.8813463
vn 0.3477916 0.3197961 0.8813463
vn 0.3477905 0.3197972 0.8813464
vn 0.3477905 0.3197972 0.8813464
vn 0.3477905 0.3197972 0.8813464
vn 0.3241824 0.7593327 0.5641981
vn 0.3241824 0.7593327 0.5641981
vn 0.3241824 0.7593327 0.5641981
vn 0.3241931 0.7593311 0.5641942
vn 0.3241931 0.7593311 0.5641942
vn 0.3241931 0.7593311 0.5641942
vn 0.2886763 0.8733594 0.3923128
vn 0.2886763 0.8733594 0.3923128
vn 0.2886763 0.8733594 0.3923128
vn 0.2886611 0.8733597 0.3923235
vn 0.2886611 0.8733597 0.3923235
vn 0.2886611 0.8733597 0.3923235
vn 0.2631588 0.9207025 0.2881915
vn 0.2631588 0.9207025 0.2881915
vn 0.2631588 0.9207025 0.2881915
vn 0.2631691 0.9207027 0.2881815
vn 0.2631691 0.9207027 0.2881815
vn 0.2631691 0.9207027 0.2881815
vn 0.2420515 0.9475052 0.2089138
vn 0.2420515 0.9475052 0.2089138
vn 0.2420515 0.9475052 0.2089138
vn -0.2496041 -0.9630037 -0.1015963
vn -0.2496041 -0.9630037 -0.1015963
vn -0.2496041 -0.9630037 -0.1015963
vn -0.2833095 -0.9575666 0.05293407
vn -0.2833095 -0.9575666 0.05293407
vn -0.2833095 -0.9575666 0.05293407
vn -0.2833106 -0.9575662 0.05293567
vn -0.2833106 -0.9575662 0.05293567
vn -0.2833106 -0.9575662 0.05293567
vn -0.3158894 -0.9159653 0.2474297
vn -0.3158894 -0.9159653 0.2474297
vn -0.3158894 -0.9159653 0.2474297
vn -0.315888 -0.9159665 0.2474272
vn -0.315888 -0.9159665 0.2474272
vn -0.315888 -0.9159665 0.2474272
vn -0.3404641 -0.7841144 0.5188919
vn -0.3404641 -0.7841144 0.5188919
vn -0.3404641 -0.7841144 0.5188919
vn -0.3404628 -0.7841169 0.518889
vn -0.3404628 -0.7841169 0.518889
vn -0.3404628 -0.7841169 0.518889
vn -0.3126443 -0.4161948 0.8538358
vn -0.3126443 -0.4161948 0.8538358
vn -0.3126443 -0.4161948 0.8538358
vn -0.3126476 -0.4161783 0.8538426
vn -0.3126476 -0.4161783 0.8538426
vn -0.3126476 -0.4161783 0.8538426
vn -0.1625149 0.2037241 0.9654457
vn -0.1625149 0.2037241 0.9654457
vn -0.1625149 0.2037241 0.9654457
vn -0.162512 0.2037107 0.965449
vn -0.162512 0.2037107 0.965449
vn -0.162512 0.2037107 0.965449
vn 0.002782398 0.6331407 0.7740318
vn 0.002782398 0.6331407 0.7740318
vn 0.002782398 0.6331407 0.7740318
vn 0.002781228 0.6331414 0.7740312
vn 0.002781228 0.6331414 0.7740312
vn 0.002781228 0.6331414 0.7740312
vn 0.1049347 0.8216414 0.5602626
vn 0.1049347 0.8216414 0.5602626
vn 0.1049347 0.8216414 0.5602626
vn 0.1049371 0.8216415 0.560262
vn 0.1049371 0.8216415 0.560262
vn 0.1049371 0.8216415 0.560262
vn 0.1680358 0.906024 0.3884385
vn 0.1680358 0.906024 0.3884385
vn 0.1680358 0.906024 0.3884385
vn 0.1680291 0.9060234 0.388443
vn 0.1680291 0.9060234 0.388443
vn 0.1680291 0.9060234 0.388443
vn 0.2128842 0.9465871 0.2421842
vn 0.2128842 0.9465871 0.2421842
vn 0.2128842 0.9465871 0.2421842
vn -0.2756619 -0.9583573 -0.07457837
vn -0.2756619 -0.9583573 -0.07457837
vn -0.2756619 -0.9583573 -0.07457837
vn -0.3571033 -0.9245376 0.1330695
vn -0.3571033 -0.9245376 0.1330695
vn -0.3571033 -0.9245376 0.1330695
vn -0.3571017 -0.9245385 0.1330674
vn -0.3571017 -0.9245385 0.1330674
vn -0.3571017 -0.9245385 0.1330674
vn -0.4288467 -0.8259925 0.3658234
vn -0.4288467 -0.8259925 0.3658234
vn -0.4288467 -0.8259925 0.3658234
vn -0.4288515 -0.8259866 0.3658314
vn -0.4288515 -0.8259866 0.3658314
vn -0.4288515 -0.8259866 0.3658314
vn -0.4765829 -0.6229538 0.6203204
vn -0.4765829 -0.6229538 0.6203204
vn -0.4765829 -0.6229538 0.6203204
vn -0.4765871 -0.6229417 0.6203293
vn -0.4765871 -0.6229417 0.6203293
vn -0.4765871 -0.6229417 0.6203293
vn -0.4634591 -0.276455 0.8418898
vn -0.4634591 -0.276455 0.8418898
vn -0.4634591 -0.276455 0.8418898
vn -0.4634565 -0.276484 0.8418817
vn -0.4634565 -0.276484 0.8418817
vn -0.4634565 -0.276484 0.8418817
vn -0.358182 0.1582331 0.9201456
vn -0.358182 0.1582331 0.9201456
vn -0.358182 0.1582331 0.9201456
vn -0.3581821 0.1582324 0.9201458
vn -0.3581821 0.1582324 0.9201458
vn -0.3581821 0.1582324 0.9201458
vn -0.1983636 0.5258269 0.8271384
vn -0.1983636 0.5258269 0.8271384
vn -0.1983636 0.5258269 0.8271384
vn -0.1983643 0.5258324 0.8271348
vn -0.1983643 0.5258324 0.8271348
vn -0.1983643 0.5258324 0.8271348
vn -0.04528529 0.7577654 0.6509538
vn -0.04528529 0.7577654 0.6509538
vn -0.04528529 0.7577654 0.6509538
vn -0.0452798 0.7577627 0.6509573
vn -0.0452798 0.7577627 0.6509573
vn -0.0452798 0.7577627 0.6509573
vn 0.08110084 0.884821 0.4588186
vn 0.08110084 0.884821 0.4588186
vn 0.08110084 0.884821 0.4588186
vn 0.08109783 0.8848209 0.4588194
vn 0.08109783 0.8848209 0.4588194
vn 0.08109783 0.8848209 0.4588194
vn 0.1853993 0.9453684 0.2681525
vn 0.1853993 0.9453684 0.2681525
vn 0.1853993 0.9453684 0.2681525
vn -0.2971676 -0.9531127 -0.05716308
vn -0.2971676 -0.9531127 -0.05716308
vn -0.2971676 -0.9531127 -0.05716308
vn -0.4139227 -0.8922046 0.1806622
vn -0.4139227 -0.8922046 0.1806622
vn -0.4139227 -0.8922046 0.1806622
vn -0.413923 -0.8922045 0.1806625
vn -0.413923 -0.8922045 0.1806625
vn -0.413923 -0.8922045 0.1806625
vn -0.5054647 -0.752585 0.4220442
vn -0.5054647 -0.752585 0.4220442
vn -0.5054647 -0.752585 0.4220442
vn -0.5054626 -0.752588 0.4220412
vn -0.5054626 -0.752588 0.4220412
vn -0.5054626 -0.752588 0.4220412
vn -0.5558668 -0.5225245 0.646514
vn -0.5558668 -0.5225245 0.646514
vn -0.5558668 -0.5225245 0.646514
vn -0.5558599 -0.5225489 0.6465001
vn -0.5558599 -0.5225489 0.6465001
vn -0.5558599 -0.5225489 0.6465001
vn -0.5434894 -0.207898 0.8132637
vn -0.5434894 -0.207898 0.8132637
vn -0.5434894 -0.207898 0.8132637
vn -0.5434906 -0.2078702 0.81327
vn -0.5434906 -0.2078702 0.81327
vn -0.5434906 -0.2078702 0.81327
vn -0.4577632 0.1460706 0.8769927
vn -0.4577632 0.1460706 0.8769927
vn -0.4577632 0.1460706 0.8769927
vn -0.4577629 0.1460729 0.8769925
vn -0.4577629 0.1460729 0.8769925
vn -0.4577629 0.1460729 0.8769925
vn -0.3157813 0.4687377 0.8249649
vn -0.3157813 0.4687377 0.8249649
vn -0.3157813 0.4687377 0.8249649
vn -0.315781 0.4687395 0.824964
vn -0.315781 0.4687395 0.824964
vn -0.315781 0.4687395 0.824964
vn -0.1507365 0.7120776 0.6857288
vn -0.1507365 0.7120776 0.6857288
vn -0.1507365 0.7120776 0.6857288
vn -0.1507365 0.7120785 0.685728
vn -0.1507365 0.7120785 0.685728
vn -0.1507365 0.7120785 0.685728
vn 0.01222378 0.867407 0.4974492
vn 0.01222378 0.867407 0.4974492
vn 0.01222378 0.867407 0.4974492
vn 0.01223202 0.8674035 0.4974551
vn 0.01223202 0.8674035 0.4974551
vn 0.01223202 0.8674035 0.4974551
vn 0.162477 0.9447992 0.2845272
vn 0.162477 0.9447992 0.2845272
vn 0.162477 0.9447992 0.2845272
vn -0.312329 -0.9486035 -0.05101119
vn -0.312329 -0.9486035 -0.05101119
vn -0.312329 -0.9486035 -0.05101119
vn -0.4533701 -0.8696228 0.1954782
vn -0.4533701 -0.8696228 0.1954782
vn -0.4533701 -0.8696228 0.1954782
vn -0.453372 -0.8696215 0.1954798
vn -0.453372 -0.8696215 0.1954798
vn -0.453372 -0.8696215 0.1954798
vn -0.557806 -0.7082986 0.4326265
vn -0.557806 -0.7082986 0.4326265
vn -0.557806 -0.7082986 0.4326265
vn -0.5578012 -0.708306 0.4326205
vn -0.5578012 -0.708306 0.4326205
vn -0.5578012 -0.708306 0.4326205
vn -0.6113302 -0.4692354 0.6372547
vn -0.6113302 -0.4692354 0.6372547
vn -0.6113302 -0.4692354 0.6372547
vn -0.6113358 -0.469215 0.6372644
vn -0.6113358 -0.469215 0.6372644
vn -0.6113358 -0.469215 0.6372644
vn -0.6009734 -0.1706841 0.7808315
vn -0.6009734 -0.1706841 0.7808315
vn -0.6009734 -0.1706841 0.7808315
vn -0.6009727 -0.1707078 0.7808269
vn -0.6009727 -0.1707078 0.7808269
vn -0.6009727 -0.1707078 0.7808269
vn -0.5229877 0.1513204 0.8388004
vn -0.5229877 0.1513204 0.8388004
vn -0.5229877 0.1513204 0.8388004
vn -0.5229887 0.1513138 0.838801
vn -0.5229887 0.1513138 0.838801
vn -0.5229887 0.1513138 0.838801
vn -0.3882218 0.4520029 0.8031048
vn -0.3882218 0.4520029 0.8031048
vn -0.3882218 0.4520029 0.8031048
vn -0.3882215 0.4520037 0.8031044
vn -0.3882215 0.4520037 0.8031044
vn -0.3882215 0.4520037 0.8031044
vn -0.2179602 0.6949215 0.6852573
vn -0.2179602 0.6949215 0.6852573
vn -0.2179602 0.6949215 0.6852573
vn -0.2179557 0.6949329 0.6852471
vn -0.2179557 0.6949329 0.6852471
vn -0.2179557 0.6949329 0.6852471
vn -0.03417512 0.8612152 0.5070903
vn -0.03417512 0.8612152 0.5070903
vn -0.03417512 0.8612152 0.5070903
vn -0.03417452 0.8612197 0.5070826
vn -0.03417452 0.8612197 0.5070826
vn -0.03417452 0.8612197 0.5070826
vn 0.1464646 0.9457425 0.290033
vn 0.1464646 0.9457425 0.290033
vn 0.1464646 0.9457425 0.290033
vn -0.3199359 -0.9457431 -0.05666585
vn -0.3199359 -0.9457431 -0.05666585
vn -0.3199359 -0.9457431 -0.05666585
vn -0.4757246 -0.8612162 0.1788652
vn -0.4757246 -0.8612162 0.1788652
vn -0.4757246 -0.8612162 0.1788652
vn -0.475721 -0.8612185 0.1788638
vn -0.475721 -0.8612185 0.1788638
vn -0.475721 -0.8612185 0.1788638
vn -0.593367 -0.6949309 0.4061854
vn -0.593367 -0.6949309 0.4061854
vn -0.593367 -0.6949309 0.4061854
vn -0.593371 -0.6949255 0.4061888
vn -0.593371 -0.6949255 0.4061888
vn -0.593371 -0.6949255 0.4061888
vn -0.6571581 -0.451998 0.6031924
vn -0.6571581 -0.451998 0.6031924
vn -0.6571581 -0.451998 0.6031924
vn -0.6571562 -0.4520042 0.6031898
vn -0.6571562 -0.4520042 0.6031898
vn -0.6571562 -0.4520042 0.6031898
vn -0.6524999 -0.1513337 0.742524
vn -0.6524999 -0.1513337 0.742524
vn -0.6524999 -0.1513337 0.742524
vn -0.6525008 -0.151309 0.7425284
vn -0.6525008 -0.151309 0.7425284
vn -0.6525008 -0.151309 0.7425284
vn -0.57451 0.1706921 0.8005015
vn -0.57451 0.1706921 0.8005015
vn -0.57451 0.1706921 0.8005015
vn -0.5745097 0.1706934 0.8005013
vn -0.5745097 0.1706934 0.8005013
vn -0.5745097 0.1706934 0.8005013
vn -0.4340367 0.4692416 0.7690412
vn -0.4340367 0.4692416 0.7690412
vn -0.4340367 0.4692416 0.7690412
vn -0.4340406 0.4692316 0.7690452
vn -0.4340406 0.4692316 0.7690452
vn -0.4340406 0.4692316 0.7690452
vn -0.253528 0.7082911 0.6588227
vn -0.253528 0.7082911 0.6588227
vn -0.253528 0.7082911 0.6588227
vn -0.2535257 0.708295 0.6588193
vn -0.2535257 0.708295 0.6588193
vn -0.2535257 0.708295 0.6588193
vn -0.05652635 0.8696274 0.490462
vn -0.05652635 0.8696274 0.490462
vn -0.05652635 0.8696274 0.490462
vn -0.05653088 0.8696215 0.490472
vn -0.05653088 0.8696215 0.490472
vn -0.05653088 0.8696215 0.490472
vn 0.1388557 0.9486037 0.2843769
vn 0.1388557 0.9486037 0.2843769
vn 0.1388557 0.9486037 0.2843769
vn -0.319278 -0.944799 -0.0735965
vn -0.319278 -0.944799 -0.0735965
vn -0.319278 -0.944799 -0.0735965
vn -0.4798724 -0.8674055 0.1316443
vn -0.4798724 -0.8674055 0.1316443
vn -0.4798724 -0.8674055 0.1316443
vn -0.4798717 -0.8674058 0.1316447
vn -0.4798717 -0.8674058 0.1316447
vn -0.4798717 -0.8674058 0.1316447
vn -0.6131983 -0.712073 0.3419648
vn -0.6131983 -0.712073 0.3419648
vn -0.6131983 -0.712073 0.3419648
vn -0.6131979 -0.7120735 0.3419646
vn -0.6131979 -0.7120735 0.3419646
vn -0.6131979 -0.7120735 0.3419646
vn -0.6989596 -0.4687382 0.5401296
vn -0.6989596 -0.4687382 0.5401296
vn -0.6989596 -0.4687382 0.5401296
vn -0.6989627 -0.4687308 0.540132
vn -0.6989627 -0.4687308 0.540132
vn -0.6989627 -0.4687308 0.540132
vn -0.707866 -0.1460738 0.6910776
vn -0.707866 -0.1460738 0.6910776
vn -0.707866 -0.1460738 0.6910776
vn -0.7078648 -0.1460896 0.6910755
vn -0.7078648 -0.1460896 0.6910755
vn -0.7078648 -0.1460896 0.6910755
vn -0.6221392 0.2078919 0.7548005
vn -0.6221392 0.2078919 0.7548005
vn -0.6221392 0.2078919 0.7548005
vn -0.6221408 0.2078846 0.7548013
vn -0.6221408 0.2078846 0.7548013
vn -0.6221408 0.2078846 0.7548013
vn -0.4588823 0.5225475 0.7185897
vn -0.4588823 0.5225475 0.7185897
vn -0.4588823 0.5225475 0.7185897
vn -0.4588798 0.522553 0.7185873
vn -0.4588798 0.522553 0.7185873
vn -0.4588798 0.522553 0.7185873
vn -0.2584812 0.7525768 0.6056531
vn -0.2584812 0.7525768 0.6056531
vn -0.2584812 0.7525768 0.6056531
vn -0.2584829 0.7525744 0.6056553
vn -0.2584829 0.7525744 0.6056553
vn -0.2584829 0.7525744 0.6056553
vn -0.05370771 0.8922061 0.4484237
vn -0.05370771 0.8922061 0.4484237
vn -0.05370771 0.8922061 0.4484237
vn -0.05370689 0.8922067 0.4484224
vn -0.05370689 0.8922067 0.4484224
vn -0.05370689 0.8922067 0.4484224
vn 0.1403774 0.9531129 0.2680857
vn 0.1403774 0.9531129 0.2680857
vn 0.1403774 0.9531129 0.2680857
vn -0.3102089 -0.9453678 -0.1002507
vn -0.3102089 -0.9453678 -0.1002507
vn -0.3102089 -0.9453678 -0.1002507
vn -0.4627191 -0.8848248 0.0545545
vn -0.4627191 -0.8848248 0.0545545
vn -0.4627191 -0.8848248 0.0545545
vn -0.4627191 -0.8848249 0.05455284
vn -0.4627191 -0.8848249 0.05455284
vn -0.4627191 -0.8848249 0.05455284
vn -0.6102884 -0.7577654 0.2309538
vn -0.6102884 -0.7577654 0.2309538
vn -0.6102884 -0.7577654 0.2309538
vn -0.6102888 -0.7577652 0.2309535
vn -0.6102888 -0.7577652 0.2309535
vn -0.6102888 -0.7577652 0.2309535
vn -0.7348853 -0.5258183 0.4283209
vn -0.7348853 -0.5258183 0.4283209
vn -0.7348853 -0.5258183 0.4283209
vn -0.7348804 -0.5258253 0.4283205
vn -0.7348804 -0.5258253 0.4283205
vn -0.7348804 -0.5258253 0.4283205
vn -0.7778895 -0.1582398 0.6081514
vn -0.7778895 -0.1582398 0.6081514
vn -0.7778895 -0.1582398 0.6081514
vn -0.7778903 -0.1582347 0.6081517
vn -0.7778903 -0.1582347 0.6081517
vn -0.7778903 -0.1582347 0.6081517
vn -0.6726099 0.2764587 0.6864157
vn -0.6726099 0.2764587 0.6864157
vn -0.6726099 0.2764587 0.6864157
vn -0.6726063 0.2764737 0.6864132
vn -0.6726063 0.2764737 0.6864132
vn -0.6726063 0.2764737 0.6864132
vn -0.4566641 0.6229419 0.635139
vn -0.4566641 0.6229419 0.635139
vn -0.4566641 0.6229419 0.635139
vn -0.4566605 0.6229477 0.6351358
vn -0.4566605 0.6229477 0.6351358
vn -0.4566605 0.6229477 0.6351358
vn -0.2267127 0.8259978 0.5160707
vn -0.2267127 0.8259978 0.5160707
vn -0.2267127 0.8259978 0.5160707
vn -0.2267261 0.825985 0.5160853
vn -0.2267261 0.825985 0.5160853
vn -0.2267261 0.825985 0.5160853
vn -0.02451249 0.924538 0.3803009
vn -0.02451249 0.924538 0.3803009
vn -0.02451249 0.924538 0.3803009
vn -0.02450605 0.9245417 0.3802921
vn -0.02450605 0.9245417 0.3802921
vn -0.02450605 0.9245417 0.3802921
vn 0.1508548 0.9583569 0.242477
vn 0.1508548 0.9583569 0.242477
vn 0.1508548 0.9583569 0.242477
vn -0.2932599 -0.946587 -0.1340591
vn -0.2932599 -0.946587 -0.1340591
vn -0.2932599 -0.946587 -0.1340591
vn -0.4203854 -0.9060237 -0.0489613
vn -0.4203854 -0.9060237 -0.0489613
vn -0.4203854 -0.9060237 -0.0489613
vn -0.4203854 -0.9060237 -0.0489612
vn -0.4203854 -0.9060237 -0.0489612
vn -0.4203854 -0.9060237 -0.0489612
vn -0.5667283 -0.821646 0.06096746
vn -0.5667283 -0.821646 0.06096746
vn -0.5667283 -0.821646 0.06096746
vn -0.5667284 -0.821646 0.06096582
vn -0.5667284 -0.821646 0.06096582
vn -0.5667284 -0.821646 0.06096582
vn -0.7420008 -0.6331326 0.2204041
vn -0.7420008 -0.6331326 0.2204041
vn -0.7420008 -0.6331326 0.2204041
vn -0.742002 -0.6331317 0.2204028
vn -0.742002 -0.6331317 0.2204028
vn -0.742002 -0.6331317 0.2204028
vn -0.8776527 -0.20373 0.4338432
vn -0.8776527 -0.20373 0.4338432
vn -0.8776527 -0.20373 0.4338432
vn -0.8776531 -0.2037287 0.433843
vn -0.8776531 -0.2037287 0.433843
vn -0.8776531 -0.2037287 0.433843
vn -0.7275195 0.416178 0.545446
vn -0.7275195 0.416178 0.545446
vn -0.7275195 0.416178 0.545446
vn -0.7275212 0.4161731 0.5454474
vn -0.7275212 0.4161731 0.5454474
vn -0.7275212 0.4161731 0.5454474
vn -0.3987492 0.7841264 0.4755469
vn -0.3987492 0.7841264 0.4755469
vn -0.3987492 0.7841264 0.4755469
vn -0.3987575 0.7841178 0.4755542
vn -0.3987575 0.7841178 0.4755542
vn -0.3987575 0.7841178 0.4755542
vn -0.1459066 0.9159606 0.3738014
vn -0.1459066 0.9159606 0.3738014
vn -0.1459066 0.9159606 0.3738014
vn -0.1458938 0.9159681 0.3737881
vn -0.1458938 0.9159681 0.3737881
vn -0.1458938 0.9159681 0.3737881
vn 0.03095527 0.9575658 0.2865477
vn 0.03095527 0.9575658 0.2865477
vn 0.03095527 0.9575658 0.2865477
vn 0.03095372 0.9575652 0.2865495
vn 0.03095372 0.9575652 0.2865495
vn 0.03095372 0.9575652 0.2865495
vn 0.1692207 0.9630041 0.2097323
vn 0.1692207 0.9630041 0.2097323
vn 0.1692207 0.9630041 0.2097323
vn -0.2698009 -0.9475051 -0.1715859
vn -0.2698009 -0.9475051 -0.1715859
vn -0.2698009 -0.9475051 -0.1715859
vn -0.3517983 -0.9207029 -0.1689501
vn -0.3517983 -0.9207029 -0.1689501
vn -0.3517983 -0.9207029 -0.1689501
vn -0.3517967 -0.9207029 -0.1689533
vn -0.3517967 -0.9207029 -0.1689533
vn -0.3517967 -0.9207029 -0.1689533
vn -0.4588625 -0.8733598 -0.1633641
vn -0.4588625 -0.8733598 -0.1633641
vn -0.4588625 -0.8733598 -0.1633641
vn -0.4588628 -0.8733599 -0.1633631
vn -0.4588628 -0.8733599 -0.1633631
vn -0.4588628 -0.8733599 -0.1633631
vn -0.6336842 -0.7593319 -0.1478496
vn -0.6336842 -0.7593319 -0.1478496
vn -0.6336842 -0.7593319 -0.1478496
vn -0.6336842 -0.7593317 -0.1478504
vn -0.6336842 -0.7593317 -0.1478504
vn -0.6336842 -0.7593317 -0.1478504
vn -0.9441792 -0.3198079 -0.07904814
vn -0.9441792 -0.3198079 -0.07904814
vn -0.9441792 -0.3198079 -0.07904814
vn -0.9441794 -0.3198071 -0.07904892
vn -0.9441794 -0.3198071 -0.07904892
vn -0.9441794 -0.3198071 -0.07904892
vn -0.6943639 0.7116769 0.1066526
vn -0.6943639 0.7116769 0.1066526
vn -0.6943639 0.7116769 0.1066526
vn -0.6943642 0.7116765 0.1066528
vn -0.6943642 0.7116765 0.1066528
vn -0.6943642 0.7116765 0.1066528
vn -0.2166321 0.9626889 0.1621744
vn -0.2166321 0.9626889 0.1621744
vn -0.2166321 0.9626889 0.1621744
vn -0.2166292 0.96269 0.1621722
vn -0.2166292 0.96269 0.1621722
vn -0.2166292 0.96269 0.1621722
vn -0.008741865 0.9851912 0.1712365
vn -0.008741865 0.9851912 0.1712365
vn -0.008741865 0.9851912 0.1712365
vn -0.00874653 0.9851904 0.1712409
vn -0.00874653 0.9851904 0.1712409
vn -0.00874653 0.9851904 0.1712409
vn 0.1082718 0.9789434 0.1730524
vn 0.1082718 0.9789434 0.1730524
vn 0.1082718 0.9789434 0.1730524
vn 0.1082756 0.9789438 0.1730479
vn 0.1082756 0.9789438 0.1730479
vn 0.1082756 0.9789438 0.1730479
vn 0.1935618 0.9657385 0.172867
vn 0.1935618 0.9657385 0.172867
vn 0.1935618 0.9657385 0.172867
vn -0.2420626 -0.9475052 -0.2089013
vn -0.2420626 -0.9475052 -0.2089013
vn -0.2420626 -0.9475052 -0.2089013
vn -0.2631615 -0.9207018 -0.2881913
vn -0.2631615 -0.9207018 -0.2881913
vn -0.2631615 -0.9207018 -0.2881913
vn -0.2631741 -0.9207039 -0.288173
vn -0.2631741 -0.9207039 -0.288173
vn -0.2631741 -0.9207039 -0.288173
vn -0.2886699 -0.8733606 -0.392315
vn -0.2886699 -0.8733606 -0.392315
vn -0.2886699 -0.8733606 -0.392315
vn -0.2886649 -0.8733587 -0.3923229
vn -0.2886649 -0.8733587 -0.3923229
vn -0.2886649 -0.8733587 -0.3923229
vn -0.3241926 -0.7593291 -0.5641971
vn -0.3241926 -0.7593291 -0.5641971
vn -0.3241926 -0.7593291 -0.5641971
vn -0.3241965 -0.7593321 -0.564191
vn -0.3241965 -0.7593321 -0.564191
vn -0.3241965 -0.7593321 -0.564191
vn -0.3477894 -0.3198128 -0.8813413
vn -0.3477894 -0.3198128 -0.8813413
vn -0.3477894 -0.3198128 -0.8813413
vn -0.347791 -0.3198147 -0.8813399
vn -0.347791 -0.3198147 -0.8813399
vn -0.347791 -0.3198147 -0.8813399
vn -0.0979767 0.7116746 -0.6956435
vn -0.0979767 0.7116746 -0.6956435
vn -0.0979767 0.7116746 -0.6956435
vn -0.09797441 0.7116752 -0.6956432
vn -0.09797441 0.7116752 -0.6956432
vn -0.09797441 0.7116752 -0.6956432
vn 0.09286208 0.9626896 -0.2541758
vn 0.09286208 0.9626896 -0.2541758
vn 0.09286208 0.9626896 -0.2541758
vn 0.09286306 0.9626895 -0.2541762
vn 0.09286306 0.9626895 -0.2541762
vn 0.09286306 0.9626895 -0.2541762
vn 0.1614544 0.9851907 -0.05772145
vn 0.1614544 0.9851907 -0.05772145
vn 0.1614544 0.9851907 -0.05772145
vn 0.1614545 0.9851907 -0.05772151
vn 0.1614545 0.9851907 -0.05772151
vn 0.1614545 0.9851907 -0.05772151
vn 0.1969169 0.9789428 0.05380377
vn 0.1969169 0.9789428 0.05380377
vn 0.1969169 0.9789428 0.05380377
vn 0.1969108 0.9789436 0.05381
vn 0.1969108 0.9789436 0.05381
vn 0.1969108 0.9789436 0.05381
vn 0.2213175 0.9657384 0.1355284
vn 0.2213175 0.9657384 0.1355284
vn 0.2213175 0.9657384 0.1355284
vn -0.2128715 -0.9465862 -0.2421988
vn -0.2128715 -0.9465862 -0.2421988
vn -0.2128715 -0.9465862 -0.2421988
vn -0.1680387 -0.9060258 -0.3884333
vn -0.1680387 -0.9060258 -0.3884333
vn -0.1680387 -0.9060258 -0.3884333
vn -0.168014 -0.9060183 -0.3884614
vn -0.168014 -0.9060183 -0.3884614
vn -0.168014 -0.9060183 -0.3884614
vn -0.1049395 -0.821644 -0.5602578
vn -0.1049395 -0.821644 -0.5602578
vn -0.1049395 -0.821644 -0.5602578
vn -0.1049499 -0.8216502 -0.5602469
vn -0.1049499 -0.8216502 -0.5602469
vn -0.1049499 -0.8216502 -0.5602469
vn -0.002792979 -0.6331439 -0.7740291
vn -0.002792979 -0.6331439 -0.7740291
vn -0.002792979 -0.6331439 -0.7740291
vn -0.002778798 -0.6331302 -0.7740403
vn -0.002778798 -0.6331302 -0.7740403
vn -0.002778798 -0.6331302 -0.7740403
vn 0.1625227 -0.203704 -0.9654486
vn 0.1625227 -0.203704 -0.9654486
vn 0.1625227 -0.203704 -0.9654486
vn 0.1625001 -0.2037347 -0.9654459
vn 0.1625001 -0.2037347 -0.9654459
vn 0.1625001 -0.2037347 -0.9654459
vn 0.3126469 0.4161706 -0.8538466
vn 0.3126469 0.4161706 -0.8538466
vn 0.3126469 0.4161706 -0.8538466
vn 0.3126484 0.4161722 -0.8538453
vn 0.3126484 0.4161722 -0.8538453
vn 0.3126484 0.4161722 -0.8538453
vn 0.3404626 0.7841157 -0.518891
vn 0.3404626 0.7841157 -0.518891
vn 0.3404626 0.7841157 -0.518891
vn 0.340465 0.7841154 -0.5188898
vn 0.340465 0.7841154 -0.5188898
vn 0.340465 0.7841154 -0.5188898
vn 0.3158863 0.915967 -0.2474272
vn 0.3158863 0.915967 -0.2474272
vn 0.3158863 0.915967 -0.2474272
vn 0.3158889 0.915966 -0.2474281
vn 0.3158889 0.915966 -0.2474281
vn 0.3158889 0.915966 -0.2474281
vn 0.2833064 0.9575678 -0.05293029
vn 0.2833064 0.9575678 -0.05293029
vn 0.2833064 0.9575678 -0.05293029
vn 0.2833077 0.9575673 -0.05293148
vn 0.2833077 0.9575673 -0.05293148
vn 0.2833077 0.9575673 -0.05293148
vn 0.2495984 0.9630044 0.1016027
vn 0.2495984 0.9630044 0.1016027
vn 0.2495984 0.9630044 0.1016027
vn -0.1853945 -0.9453673 -0.2681597
vn -0.1853945 -0.9453673 -0.2681597
vn -0.1853945 -0.9453673 -0.2681597
vn -0.08110479 -0.8848246 -0.4588109
vn -0.08110479 -0.8848246 -0.4588109
vn -0.08110479 -0.8848246 -0.4588109
vn -0.0811058 -0.8848251 -0.4588099
vn -0.0811058 -0.8848251 -0.4588099
vn -0.0811058 -0.8848251 -0.4588099
vn 0.04527452 -0.7577693 -0.65095
vn 0.04527452 -0.7577693 -0.65095
vn 0.04527452 -0.7577693 -0.65095
vn 0.04528685 -0.7577603 -0.6509596
vn 0.04528685 -0.7577603 -0.6509596
vn 0.04528685 -0.7577603 -0.6509596
vn 0.1983695 -0.5258227 -0.8271397
vn 0.1983695 -0.5258227 -0.8271397
vn 0.1983695 -0.5258227 -0.8271397
vn 0.1983613 -0.5258319 -0.8271358
vn 0.1983613 -0.5258319 -0.8271358
vn 0.1983613 -0.5258319 -0.8271358
vn 0.3581732 -0.1582372 -0.9201484
vn 0.3581732 -0.1582372 -0.9201484
vn 0.3581732 -0.1582372 -0.9201484
vn 0.3581878 -0.1582136 -0.9201467
vn 0.3581878 -0.1582136 -0.9201467
vn 0.3581878 -0.1582136 -0.9201467
vn 0.463463 0.2764799 -0.8418794
vn 0.463463 0.2764799 -0.8418794
vn 0.463463 0.2764799 -0.8418794
vn 0.4634539 0.2764621 -0.8418903
vn 0.4634539 0.2764621 -0.8418903
vn 0.4634539 0.2764621 -0.8418903
vn 0.476592 0.622942 -0.6203253
vn 0.476592 0.622942 -0.6203253
vn 0.476592 0.622942 -0.6203253
vn 0.4765891 0.6229388 -0.6203306
vn 0.4765891 0.6229388 -0.6203306
vn 0.4765891 0.6229388 -0.6203306
vn 0.4288526 0.825985 -0.3658337
vn 0.4288526 0.825985 -0.3658337
vn 0.4288526 0.825985 -0.3658337
vn 0.4288526 0.825985 -0.3658336
vn 0.4288526 0.825985 -0.3658336
vn 0.4288526 0.825985 -0.3658336
vn 0.3571043 0.9245373 -0.133069
vn 0.3571043 0.9245373 -0.133069
vn 0.3571043 0.9245373 -0.133069
vn 0.3571032 0.9245378 -0.1330686
vn 0.3571032 0.9245378 -0.1330686
vn 0.3571032 0.9245378 -0.1330686
vn 0.2756667 0.9583563 0.07457398
vn 0.2756667 0.9583563 0.07457398
vn 0.2756667 0.9583563 0.07457398
vn -0.1624878 -0.9447985 -0.2845235
vn -0.1624878 -0.9447985 -0.2845235
vn -0.1624878 -0.9447985 -0.2845235
vn -0.01223926 -0.8674087 -0.4974459
vn -0.01223926 -0.8674087 -0.4974459
vn -0.01223926 -0.8674087 -0.4974459
vn -0.01224095 -0.8674094 -0.4974446
vn -0.01224095 -0.8674094 -0.4974446
vn -0.01224095 -0.8674094 -0.4974446
vn 0.15074 -0.7120754 -0.6857304
vn 0.15074 -0.7120754 -0.6857304
vn 0.15074 -0.7120754 -0.6857304
vn 0.1507359 -0.7120785 -0.685728
vn 0.1507359 -0.7120785 -0.685728
vn 0.1507359 -0.7120785 -0.685728
vn 0.315783 -0.4687365 -0.8249649
vn 0.315783 -0.4687365 -0.8249649
vn 0.315783 -0.4687365 -0.8249649
vn 0.3157824 -0.4687372 -0.8249648
vn 0.3157824 -0.4687372 -0.8249648
vn 0.3157824 -0.4687372 -0.8249648
vn 0.4577659 -0.1460689 -0.8769916
vn 0.4577659 -0.1460689 -0.8769916
vn 0.4577659 -0.1460689 -0.8769916
vn 0.4577619 -0.146076 -0.8769925
vn 0.4577619 -0.146076 -0.8769925
vn 0.4577619 -0.146076 -0.8769925
vn 0.5434885 0.2078917 -0.8132658
vn 0.5434885 0.2078917 -0.8132658
vn 0.5434885 0.2078917 -0.8132658
vn 0.543491 0.2078981 -0.8132626
vn 0.543491 0.2078981 -0.8132626
vn 0.543491 0.2078981 -0.8132626
vn 0.5558608 0.5225458 -0.6465019
vn 0.5558608 0.5225458 -0.6465019
vn 0.5558608 0.5225458 -0.6465019
vn 0.5558609 0.5225462 -0.6465015
vn 0.5558609 0.5225462 -0.6465015
vn 0.5558609 0.5225462 -0.6465015
vn 0.5054674 0.7525781 -0.4220531
vn 0.5054674 0.7525781 -0.4220531
vn 0.5054674 0.7525781 -0.4220531
vn 0.5054678 0.7525787 -0.4220518
vn 0.5054678 0.7525787 -0.4220518
vn 0.5054678 0.7525787 -0.4220518
vn 0.4139222 0.8922051 -0.1806619
vn 0.4139222 0.8922051 -0.1806619
vn 0.4139222 0.8922051 -0.1806619
vn 0.4139231 0.8922048 -0.1806612
vn 0.4139231 0.8922048 -0.1806612
vn 0.4139231 0.8922048 -0.1806612
vn 0.2971644 0.9531136 0.05716518
vn 0.2971644 0.9531136 0.05716518
vn 0.2971644 0.9531136 0.05716518
vn -0.1464642 -0.9457426 -0.2900332
vn -0.1464642 -0.9457426 -0.2900332
vn -0.1464642 -0.9457426 -0.2900332
vn 0.03418325 -0.8612152 -0.5070897
vn 0.03418325 -0.8612152 -0.5070897
vn 0.03418325 -0.8612152 -0.5070897
vn 0.03416659 -0.8612208 -0.5070811
vn 0.03416659 -0.8612208 -0.5070811
vn 0.03416659 -0.8612208 -0.5070811
vn 0.2179613 -0.6949257 -0.6852527
vn 0.2179613 -0.6949257 -0.6852527
vn 0.2179613 -0.6949257 -0.6852527
vn 0.2179526 -0.6949322 -0.6852488
vn 0.2179526 -0.6949322 -0.6852488
vn 0.2179526 -0.6949322 -0.6852488
vn 0.3882208 -0.4520034 -0.803105
vn 0.3882208 -0.4520034 -0.803105
vn 0.3882208 -0.4520034 -0.803105
vn 0.388221 -0.452003 -0.8031051
vn 0.388221 -0.452003 -0.8031051
vn 0.388221 -0.452003 -0.8031051
vn 0.5229871 -0.1513169 -0.8388014
vn 0.5229871 -0.1513169 -0.8388014
vn 0.5229871 -0.1513169 -0.8388014
vn 0.5229896 -0.1513121 -0.8388007
vn 0.5229896 -0.1513121 -0.8388007
vn 0.5229896 -0.1513121 -0.8388007
vn 0.6009697 0.1706839 -0.7808345
vn 0.6009697 0.1706839 -0.7808345
vn 0.6009697 0.1706839 -0.7808345
vn 0.600975 0.1706996 -0.7808269
vn 0.600975 0.1706996 -0.7808269
vn 0.600975 0.1706996 -0.7808269
vn 0.6113303 0.4692361 -0.637254
vn 0.6113303 0.4692361 -0.637254
vn 0.6113303 0.4692361 -0.637254
vn 0.6113305 0.4692367 -0.6372535
vn 0.6113305 0.4692367 -0.6372535
vn 0.6113305 0.4692367 -0.6372535
vn 0.557804 0.7083 -0.4326269
vn 0.557804 0.7083 -0.4326269
vn 0.557804 0.7083 -0.4326269
vn 0.5578039 0.7082984 -0.4326294
vn 0.5578039 0.7082984 -0.4326294
vn 0.5578039 0.7082984 -0.4326294
vn 0.453371 0.8696223 -0.1954785
vn 0.453371 0.8696223 -0.1954785
vn 0.453371 0.8696223 -0.1954785
vn 0.4533709 0.8696222 -0.1954792
vn 0.4533709 0.8696222 -0.1954792
vn 0.4533709 0.8696222 -0.1954792
vn 0.3123294 0.9486033 0.05101178
vn 0.3123294 0.9486033 0.05101178
vn 0.3123294 0.9486033 0.05101178
vn 0.3498457 -0.9367023 0.01402864
vn 0.3498457 -0.9367023 0.01402864
vn 0.3498457 -0.9367023 0.01402864
vn 0.481083 -0.8376427 0.2586772
vn 0.481083 -0.8376427 0.2586772
vn 0.481083 -0.8376427 0.2586772
vn 0.481083 -0.8376427 0.2586772
vn 0.481083 -0.8376427 0.2586772
vn 0.481083 -0.8376427 0.2586772
vn 0.5728328 -0.658473 0.4881353
vn 0.5728328 -0.658473 0.4881353
vn 0.5728328 -0.658473 0.4881353
vn 0.572833 -0.6584755 0.4881316
vn 0.572833 -0.6584755 0.4881316
vn 0.572833 -0.6584755 0.4881316
vn 0.6116124 -0.4057247 0.6792037
vn 0.6116124 -0.4057247 0.6792037
vn 0.6116124 -0.4057247 0.6792037
vn 0.6116148 -0.4057356 0.679195
vn 0.6116148 -0.4057356 0.679195
vn 0.6116148 -0.4057356 0.679195
vn 0.5859298 -0.09985465 0.8041862
vn 0.5859298 -0.09985465 0.8041862
vn 0.5859298 -0.09985465 0.8041862
vn 0.585929 -0.09985285 0.8041869
vn 0.585929 -0.09985285 0.8041869
vn 0.585929 -0.09985285 0.8041869
vn 0.4940835 0.2216596 0.8406834
vn 0.4940835 0.2216596 0.8406834
vn 0.4940835 0.2216596 0.8406834
vn 0.4940858 0.2216557 0.840683
vn 0.4940858 0.2216557 0.840683
vn 0.4940858 0.2216557 0.840683
vn 0.3488567 0.5140676 0.7836029
vn 0.3488567 0.5140676 0.7836029
vn 0.3488567 0.5140676 0.7836029
vn 0.3488441 0.5140815 0.7835994
vn 0.3488441 0.5140815 0.7835994
vn 0.3488441 0.5140815 0.7835994
vn 0.1726048 0.7425534 0.6471647
vn 0.1726048 0.7425534 0.6471647
vn 0.1726048 0.7425534 0.6471647
vn 0.172601 0.7425559 0.6471628
vn 0.172601 0.7425559 0.6471628
vn 0.172601 0.7425559 0.6471628
vn -0.01260538 0.8904899 0.4548284
vn -0.01260538 0.8904899 0.4548284
vn -0.01260538 0.8904899 0.4548284
vn -0.01258714 0.8904849 0.4548387
vn -0.01258714 0.8904849 0.4548387
vn -0.01258714 0.8904849 0.4548387
vn -0.1904669 0.9546784 0.2287175
vn -0.1904669 0.9546784 0.2287175
vn -0.1904669 0.9546784 0.2287175
vn 0.3350414 -0.9421712 0.007791844
vn 0.3350414 -0.9421712 0.007791844
vn 0.3350414 -0.9421712 0.007791844
vn 0.4429423 -0.8626271 0.2442881
vn 0.4429423 -0.8626271 0.2442881
vn 0.4429423 -0.8626271 0.2442881
vn 0.4429416 -0.8626273 0.2442885
vn 0.4429416 -0.8626273 0.2442885
vn 0.4429416 -0.8626273 0.2442885
vn 0.522539 -0.7053654 0.4789704
vn 0.522539 -0.7053654 0.4789704
vn 0.522539 -0.7053654 0.4789704
vn 0.5225378 -0.7053639 0.478974
vn 0.5225378 -0.7053639 0.478974
vn 0.5225378 -0.7053639 0.478974
vn 0.5580052 -0.4605604 0.6903002
vn 0.5580052 -0.4605604 0.6903002
vn 0.5580052 -0.4605604 0.6903002
vn 0.5580074 -0.4605664 0.6902943
vn 0.5580074 -0.4605664 0.6902943
vn 0.5580074 -0.4605664 0.6902943
vn 0.5290659 -0.1373203 0.8373962
vn 0.5290659 -0.1373203 0.8373962
vn 0.5290659 -0.1373203 0.8373962
vn 0.5290678 -0.1373245 0.8373944
vn 0.5290678 -0.1373245 0.8373944
vn 0.5290678 -0.1373245 0.8373944
vn 0.4281131 0.2160814 0.8775125
vn 0.4281131 0.2160814 0.8775125
vn 0.4281131 0.2160814 0.8775125
vn 0.4281089 0.2160881 0.8775129
vn 0.4281089 0.2160881 0.8775129
vn 0.4281089 0.2160881 0.8775129
vn 0.2752758 0.5291495 0.8026357
vn 0.2752758 0.5291495 0.8026357
vn 0.2752758 0.5291495 0.8026357
vn 0.2752678 0.5291584 0.8026326
vn 0.2752678 0.5291584 0.8026326
vn 0.2752678 0.5291584 0.8026326
vn 0.1047792 0.7570011 0.6449579
vn 0.1047792 0.7570011 0.6449579
vn 0.1047792 0.7570011 0.6449579
vn 0.1047902 0.7569935 0.6449651
vn 0.1047902 0.7569935 0.6449651
vn 0.1047902 0.7569935 0.6449651
vn -0.05892311 0.8942273 0.4437181
vn -0.05892311 0.8942273 0.4437181
vn -0.05892311 0.8942273 0.4437181
vn -0.05894172 0.8942332 0.4437037
vn -0.05894172 0.8942332 0.4437037
vn -0.05894172 0.8942332 0.4437037
vn -0.2062812 0.9527694 0.2228871
vn -0.2062812 0.9527694 0.2228871
vn -0.2062812 0.9527694 0.2228871
vn 0.3142271 -0.9492974 -0.009797405
vn 0.3142271 -0.9492974 -0.009797405
vn 0.3142271 -0.9492974 -0.009797405
vn 0.3887024 -0.8999785 0.1973557
vn 0.3887024 -0.8999785 0.1973557
vn 0.3887024 -0.8999785 0.1973557
vn 0.3887031 -0.8999781 0.197356
vn 0.3887031 -0.8999781 0.197356
vn 0.3887031 -0.8999781 0.197356
vn 0.4503346 -0.7849921 0.4254246
vn 0.4503346 -0.7849921 0.4254246
vn 0.4503346 -0.7849921 0.4254246
vn 0.4503338 -0.7849923 0.4254252
vn 0.4503338 -0.7849923 0.4254252
vn 0.4503338 -0.7849923 0.4254252
vn 0.4833878 -0.5654376 0.6682938
vn 0.4833878 -0.5654376 0.6682938
vn 0.4833878 -0.5654376 0.6682938
vn 0.4833834 -0.5654328 0.668301
vn 0.4833834 -0.5654328 0.668301
vn 0.4833834 -0.5654328 0.668301
vn 0.4510011 -0.20722 0.8681347
vn 0.4510011 -0.20722 0.8681347
vn 0.4510011 -0.20722 0.8681347
vn 0.4510027 -0.2072228 0.8681332
vn 0.4510027 -0.2072228 0.8681332
vn 0.4510027 -0.2072228 0.8681332
vn 0.3270031 0.2268129 0.9174012
vn 0.3270031 0.2268129 0.9174012
vn 0.3270031 0.2268129 0.9174012
vn 0.3270194 0.2267885 0.9174014
vn 0.3270194 0.2267885 0.9174014
vn 0.3270194 0.2267885 0.9174014
vn 0.1557312 0.5815218 0.7984862
vn 0.1557312 0.5815218 0.7984862
vn 0.1557312 0.5815218 0.7984862
vn 0.1557284 0.5815247 0.7984847
vn 0.1557284 0.5815247 0.7984847
vn 0.1557284 0.5815247 0.7984847
vn -0.001388373 0.7962888 0.6049151
vn -0.001388373 0.7962888 0.6049151
vn -0.001388373 0.7962888 0.6049151
vn -0.001390537 0.7962901 0.6049134
vn -0.001390537 0.7962901 0.6049134
vn -0.001390537 0.7962901 0.6049134
vn -0.1273616 0.9065519 0.402421
vn -0.1273616 0.9065519 0.402421
vn -0.1273616 0.9065519 0.402421
vn -0.1273673 0.9065536 0.4024156
vn -0.1273673 0.9065536 0.4024156
vn -0.1273673 0.9065536 0.4024156
vn -0.2287547 0.951448 0.2059562
vn -0.2287547 0.951448 0.2059562
vn -0.2287547 0.951448 0.2059562
vn 0.2890969 -0.9565799 -0.03712045
vn 0.2890969 -0.9565799 -0.03712045
vn 0.2890969 -0.9565799 -0.03712045
vn 0.3184133 -0.9406312 0.1175839
vn 0.3184133 -0.9406312 0.1175839
vn 0.3184133 -0.9406312 0.1175839
vn 0.3184173 -0.9406295 0.1175872
vn 0.3184173 -0.9406295 0.1175872
vn 0.3184173 -0.9406295 0.1175872
vn 0.3441368 -0.8862855 0.3099483
vn 0.3441368 -0.8862855 0.3099483
vn 0.3441368 -0.8862855 0.3099483
vn 0.3441398 -0.886284 0.3099494
vn 0.3441398 -0.886284 0.3099494
vn 0.3441398 -0.886284 0.3099494
vn 0.3563296 -0.737677 0.5734648
vn 0.3563296 -0.737677 0.5734648
vn 0.3563296 -0.737677 0.5734648
vn 0.3563263 -0.7376774 0.5734664
vn 0.3563263 -0.7376774 0.5734664
vn 0.3563263 -0.7376774 0.5734664
vn 0.3053929 -0.3518967 0.8848186
vn 0.3053929 -0.3518967 0.8848186
vn 0.3053929 -0.3518967 0.8848186
vn 0.3054012 -0.3519051 0.8848124
vn 0.3054012 -0.3519051 0.8848124
vn 0.3054012 -0.3519051 0.8848124
vn 0.1285935 0.2670288 0.9550704
vn 0.1285935 0.2670288 0.9550704
vn 0.1285935 0.2670288 0.9550704
vn 0.1285757 0.267051 0.9550665
vn 0.1285757 0.267051 0.9550665
vn 0.1285757 0.267051 0.9550665
vn -0.04790804 0.6773649 0.7340856
vn -0.04790804 0.6773649 0.7340856
vn -0.04790804 0.6773649 0.7340856
vn -0.04790005 0.677358 0.7340925
vn -0.04790005 0.677358 0.7340925
vn -0.04790005 0.677358 0.7340925
vn -0.1514604 0.8486043 0.5068832
vn -0.1514604 0.8486043 0.5068832
vn -0.1514604 0.8486043 0.5068832
vn -0.1514696 0.8486089 0.5068727
vn -0.1514696 0.8486089 0.5068727
vn -0.1514696 0.8486089 0.5068727
vn -0.2131366 0.9200446 0.3287716
vn -0.2131366 0.9200446 0.3287716
vn -0.2131366 0.9200446 0.3287716
vn -0.2131203 0.9200414 0.3287912
vn -0.2131203 0.9200414 0.3287912
vn -0.2131203 0.9200414 0.3287912
vn -0.2555677 0.9500215 0.1792885
vn -0.2555677 0.9500215 0.1792885
vn -0.2555677 0.9500215 0.1792885
vn 0.2618544 -0.9624544 -0.07151128
vn 0.2618544 -0.9624544 -0.07151128
vn 0.2618544 -0.9624544 -0.07151128
vn 0.2357988 -0.9717479 0.01024472
vn 0.2357988 -0.9717479 0.01024472
vn 0.2357988 -0.9717479 0.01024472
vn 0.2357946 -0.9717489 0.01024034
vn 0.2357946 -0.9717489 0.01024034
vn 0.2357946 -0.9717489 0.01024034
vn 0.1976269 -0.9727751 0.1210464
vn 0.1976269 -0.9727751 0.1210464
vn 0.1976269 -0.9727751 0.1210464
vn 0.1976287 -0.9727745 0.1210479
vn 0.1976287 -0.9727745 0.1210479
vn 0.1976287 -0.9727745 0.1210479
vn 0.1229734 -0.941411 0.3140427
vn 0.1229734 -0.941411 0.3140427
vn 0.1229734 -0.941411 0.3140427
vn 0.1229748 -0.9414107 0.3140433
vn 0.1229748 -0.9414107 0.3140433
vn 0.1229748 -0.9414107 0.3140433
vn -0.08914766 -0.6724604 0.7347447
vn -0.08914766 -0.6724604 0.7347447
vn -0.08914766 -0.6724604 0.7347447
vn -0.08916175 -0.672457 0.7347462
vn -0.08916175 -0.672457 0.7347462
vn -0.08916175 -0.672457 0.7347462
vn -0.3833448 0.3574002 0.8516524
vn -0.3833448 0.3574002 0.8516524
vn -0.3833448 0.3574002 0.8516524
vn -0.383348 0.3574036 0.8516496
vn -0.383348 0.3574036 0.8516496
vn -0.383348 0.3574036 0.8516496
vn -0.3681854 0.777919 0.5091969
vn -0.3681854 0.777919 0.5091969
vn -0.3681854 0.777919 0.5091969
vn -0.3681771 0.7779139 0.5092109
vn -0.3681771 0.7779139 0.5092109
vn -0.3681771 0.7779139 0.5092109
vn -0.3324715 0.8828645 0.331682
vn -0.3324715 0.8828645 0.331682
vn -0.3324715 0.8828645 0.331682
vn -0.3324748 0.8828653 0.3316767
vn -0.3324748 0.8828653 0.3316767
vn -0.3324748 0.8828653 0.3316767
vn -0.3060215 0.9249244 0.2255345
vn -0.3060215 0.9249244 0.2255345
vn -0.3060215 0.9249244 0.2255345
vn -0.3060225 0.9249244 0.225533
vn -0.3060225 0.9249244 0.225533
vn -0.3060225 0.9249244 0.225533
vn -0.2838416 0.9477949 0.1453239
vn -0.2838416 0.9477949 0.1453239
vn -0.2838416 0.9477949 0.1453239
vn 0.2351421 -0.9657808 -0.1094343
vn 0.2351421 -0.9657808 -0.1094343
vn 0.2351421 -0.9657808 -0.1094343
vn 0.1504559 -0.9823753 -0.1109139
vn 0.1504559 -0.9823753 -0.1109139
vn 0.1504559 -0.9823753 -0.1109139
vn 0.1504602 -0.9823751 -0.1109088
vn 0.1504602 -0.9823751 -0.1109088
vn 0.1504602 -0.9823751 -0.1109088
vn 0.03376004 -0.9931803 -0.1115935
vn 0.03376004 -0.9931803 -0.1115935
vn 0.03376004 -0.9931803 -0.1115935
vn 0.03376043 -0.9931804 -0.1115931
vn 0.03376043 -0.9931804 -0.1115931
vn 0.03376043 -0.9931804 -0.1115931
vn -0.175008 -0.9785156 -0.1089932
vn -0.175008 -0.9785156 -0.1089932
vn -0.175008 -0.9785156 -0.1089932
vn -0.1750093 -0.9785152 -0.1089943
vn -0.1750093 -0.9785152 -0.1089943
vn -0.1750093 -0.9785152 -0.1089943
vn -0.6633627 -0.7439614 -0.08044448
vn -0.6633627 -0.7439614 -0.08044448
vn -0.6633627 -0.7439614 -0.08044448
vn -0.6633611 -0.7439631 -0.08044315
vn -0.6633611 -0.7439631 -0.08044315
vn -0.6633611 -0.7439631 -0.08044315
vn -0.9575639 0.2859061 0.03645628
vn -0.9575639 0.2859061 0.03645628
vn -0.9575639 0.2859061 0.03645628
vn -0.9575635 0.2859079 0.03645432
vn -0.9575635 0.2859079 0.03645432
vn -0.9575635 0.2859079 0.03645432
vn -0.6661656 0.7408093 0.08616781
vn -0.6661656 0.7408093 0.08616781
vn -0.6661656 0.7408093 0.08616781
vn -0.6661657 0.7408096 0.08616503
vn -0.6661657 0.7408096 0.08616503
vn -0.6661657 0.7408096 0.08616503
vn -0.49634 0.8624603 0.09903959
vn -0.49634 0.8624603 0.09903959
vn -0.49634 0.8624603 0.09903959
vn -0.4963395 0.8624604 0.09904137
vn -0.4963395 0.8624604 0.09904137
vn -0.4963395 0.8624604 0.09904137
vn -0.3913606 0.914298 0.1043835
vn -0.3913606 0.914298 0.1043835
vn -0.3913606 0.914298 0.1043835
vn -0.3913641 0.9142975 0.1043762
vn -0.3913641 0.9142975 0.1043762
vn -0.3913641 0.9142975 0.1043762
vn -0.3105553 0.9444686 0.1073991
vn -0.3105553 0.9444686 0.1073991
vn -0.3105553 0.9444686 0.1073991
vn 0.2117107 -0.9662166 -0.1469839
vn 0.2117107 -0.9662166 -0.1469839
vn 0.2117107 -0.9662166 -0.1469839
vn 0.07544737 -0.9708861 -0.2273496
vn 0.07544737 -0.9708861 -0.2273496
vn 0.07544737 -0.9708861 -0.2273496
vn 0.07544976 -0.9708867 -0.2273463
vn 0.07544976 -0.9708867 -0.2273463
vn 0.07544976 -0.9708867 -0.2273463
vn -0.1004731 -0.9416475 -0.3212558
vn -0.1004731 -0.9416475 -0.3212558
vn -0.1004731 -0.9416475 -0.3212558
vn -0.1004707 -0.9416486 -0.3212531
vn -0.1004707 -0.9416486 -0.3212531
vn -0.1004707 -0.9416486 -0.3212531
vn -0.3553932 -0.8262995 -0.4369496
vn -0.3553932 -0.8262995 -0.4369496
vn -0.3553932 -0.8262995 -0.4369496
vn -0.3553935 -0.8262993 -0.4369498
vn -0.3553935 -0.8262993 -0.4369498
vn -0.3553935 -0.8262993 -0.4369498
vn -0.696076 -0.476603 -0.5369616
vn -0.696076 -0.476603 -0.5369616
vn -0.696076 -0.476603 -0.5369616
vn -0.6960753 -0.4766051 -0.5369608
vn -0.6960753 -0.4766051 -0.5369608
vn -0.6960753 -0.4766051 -0.5369608
vn -0.872884 0.1423351 -0.4667058
vn -0.872884 0.1423351 -0.4667058
vn -0.872884 0.1423351 -0.4667058
vn -0.8728848 0.1423325 -0.4667053
vn -0.8728848 0.1423325 -0.4667053
vn -0.8728848 0.1423325 -0.4667053
vn -0.759627 0.5887338 -0.2763321
vn -0.759627 0.5887338 -0.2763321
vn -0.759627 0.5887338 -0.2763321
vn -0.7596266 0.5887341 -0.2763325
vn -0.7596266 0.5887341 -0.2763325
vn -0.7596266 0.5887341 -0.2763325
vn -0.5960785 0.7932417 -0.1243301
vn -0.5960785 0.7932417 -0.1243301
vn -0.5960785 0.7932417 -0.1243301
vn -0.5960786 0.7932417 -0.1243303
vn -0.5960786 0.7932417 -0.1243303
vn -0.5960786 0.7932417 -0.1243303
vn -0.4560906 0.8897868 -0.01614965
vn -0.4560906 0.8897868 -0.01614965
vn -0.4560906 0.8897868 -0.01614965
vn -0.4560901 0.8897871 -0.01614762
vn -0.4560901 0.8897871 -0.01614762
vn -0.4560901 0.8897871 -0.01614762
vn -0.3329508 0.940385 0.06942586
vn -0.3329508 0.940385 0.06942586
vn -0.3329508 0.940385 0.06942586
vn 0.1940591 -0.9642597 -0.1804004
vn 0.1940591 -0.9642597 -0.1804004
vn 0.1940591 -0.9642597 -0.1804004
vn 0.02128681 -0.9457296 -0.3242568
vn 0.02128681 -0.9457296 -0.3242568
vn 0.02128681 -0.9457296 -0.3242568
vn 0.02127764 -0.9457253 -0.3242699
vn 0.02127764 -0.9457253 -0.3242699
vn 0.02127764 -0.9457253 -0.3242699
vn -0.1808562 -0.8635804 -0.470659
vn -0.1808562 -0.8635804 -0.470659
vn -0.1808562 -0.8635804 -0.470659
vn -0.1808484 -0.863587 -0.4706499
vn -0.1808484 -0.863587 -0.4706499
vn -0.1808484 -0.863587 -0.4706499
vn -0.4151502 -0.6773367 -0.607343
vn -0.4151502 -0.6773367 -0.607343
vn -0.4151502 -0.6773367 -0.607343
vn -0.4151556 -0.6773286 -0.6073482
vn -0.4151556 -0.6773286 -0.6073482
vn -0.4151556 -0.6773286 -0.6073482
vn -0.6428134 -0.3434327 -0.6847224
vn -0.6428134 -0.3434327 -0.6847224
vn -0.6428134 -0.3434327 -0.6847224
vn -0.6428168 -0.3434208 -0.6847253
vn -0.6428168 -0.3434208 -0.6847253
vn -0.6428168 -0.3434208 -0.6847253
vn -0.766805 0.09059283 -0.635455
vn -0.766805 0.09059283 -0.635455
vn -0.766805 0.09059283 -0.635455
vn -0.7668038 0.09060419 -0.6354548
vn -0.7668038 0.09060419 -0.6354548
vn -0.7668038 0.09060419 -0.6354548
vn -0.7428103 0.4696403 -0.4771488
vn -0.7428103 0.4696403 -0.4771488
vn -0.7428103 0.4696403 -0.4771488
vn -0.7428114 0.4696385 -0.4771488
vn -0.7428114 0.4696385 -0.4771488
vn -0.7428114 0.4696385 -0.4771488
vn -0.6325703 0.7176911 -0.2911603
vn -0.6325703 0.7176911 -0.2911603
vn -0.6325703 0.7176911 -0.2911603
vn -0.6325716 0.7176904 -0.2911592
vn -0.6325716 0.7176904 -0.2911592
vn -0.6325716 0.7176904 -0.2911592
vn -0.4947846 0.8608018 -0.1191997
vn -0.4947846 0.8608018 -0.1191997
vn -0.4947846 0.8608018 -0.1191997
vn -0.4947846 0.8608017 -0.1192002
vn -0.4947846 0.8608017 -0.1192002
vn -0.4947846 0.8608017 -0.1192002
vn -0.3489214 0.9364847 0.03536024
vn -0.3489214 0.9364847 0.03536024
vn -0.3489214 0.9364847 0.03536024
vn 0.1840823 -0.9609703 -0.2065179
vn 0.1840823 -0.9609703 -0.2065179
vn 0.1840823 -0.9609703 -0.2065179
vn -0.007298694 -0.9186915 -0.3949083
vn -0.007298694 -0.9186915 -0.3949083
vn -0.007298694 -0.9186915 -0.3949083
vn -0.007296421 -0.9186932 -0.3949045
vn -0.007296421 -0.9186932 -0.3949045
vn -0.007296421 -0.9186932 -0.3949045
vn -0.2129898 -0.7969584 -0.5652369
vn -0.2129898 -0.7969584 -0.5652369
vn -0.2129898 -0.7969584 -0.5652369
vn -0.2129964 -0.7969506 -0.5652454
vn -0.2129964 -0.7969506 -0.5652454
vn -0.2129964 -0.7969506 -0.5652454
vn -0.4190031 -0.5822246 -0.6967432
vn -0.4190031 -0.5822246 -0.6967432
vn -0.4190031 -0.5822246 -0.6967432
vn -0.4189926 -0.582245 -0.6967324
vn -0.4189926 -0.582245 -0.6967324
vn -0.4189926 -0.582245 -0.6967324
vn -0.5932046 -0.2770672 -0.7558718
vn -0.5932046 -0.2770672 -0.7558718
vn -0.5932046 -0.2770672 -0.7558718
vn -0.5932044 -0.2770678 -0.7558718
vn -0.5932044 -0.2770678 -0.7558718
vn -0.5932044 -0.2770678 -0.7558718
vn -0.6941632 0.07633937 -0.7157583
vn -0.6941632 0.07633937 -0.7157583
vn -0.6941632 0.07633937 -0.7157583
vn -0.6941631 0.07633968 -0.7157583
vn -0.6941631 0.07633968 -0.7157583
vn -0.6941631 0.07633968 -0.7157583
vn -0.7017323 0.4074948 -0.584397
vn -0.7017323 0.4074948 -0.584397
vn -0.7017323 0.4074948 -0.584397
vn -0.7017322 0.4074952 -0.5843969
vn -0.7017322 0.4074952 -0.5843969
vn -0.7017322 0.4074952 -0.5843969
vn -0.6307417 0.6654057 -0.3992496
vn -0.6307417 0.6654057 -0.3992496
vn -0.6307417 0.6654057 -0.3992496
vn -0.6307407 0.6654068 -0.3992493
vn -0.6307407 0.6654068 -0.3992493
vn -0.6307407 0.6654068 -0.3992493
vn -0.5091816 0.838164 -0.1954873
vn -0.5091816 0.838164 -0.1954873
vn -0.5091816 0.838164 -0.1954873
vn -0.5091786 0.8381653 -0.1954896
vn -0.5091786 0.8381653 -0.1954896
vn -0.5091786 0.8381653 -0.1954896
vn -0.357244 0.9339718 0.008574347
vn -0.357244 0.9339718 0.008574347
vn -0.357244 0.9339718 0.008574347
vn 0.1828258 -0.9575003 -0.2230874
vn 0.1828258 -0.9575003 -0.2230874
vn 0.1828258 -0.9575003 -0.2230874
vn -0.009859602 -0.8987746 -0.4383002
vn -0.009859602 -0.8987746 -0.4383002
vn -0.009859602 -0.8987746 -0.4383002
vn -0.009856135 -0.8987785 -0.4382922
vn -0.009856135 -0.8987785 -0.4382922
vn -0.009856135 -0.8987785 -0.4382922
vn -0.208317 -0.7557471 -0.6208465
vn -0.208317 -0.7557471 -0.6208465
vn -0.208317 -0.7557471 -0.6208465
vn -0.2083168 -0.7557476 -0.6208461
vn -0.2083168 -0.7557476 -0.6208461
vn -0.2083168 -0.7557476 -0.6208461
vn -0.394881 -0.5310614 -0.7496952
vn -0.394881 -0.5310614 -0.7496952
vn -0.394881 -0.5310614 -0.7496952
vn -0.3948852 -0.5310514 -0.7497
vn -0.3948852 -0.5310514 -0.7497
vn -0.3948852 -0.5310514 -0.7497
vn -0.5458375 -0.2407679 -0.8025537
vn -0.5458375 -0.2407679 -0.8025537
vn -0.5458375 -0.2407679 -0.8025537
vn -0.5458345 -0.2407816 -0.8025516
vn -0.5458345 -0.2407816 -0.8025516
vn -0.5458345 -0.2407816 -0.8025516
vn -0.6376789 0.08071668 -0.7660617
vn -0.6376789 0.08071668 -0.7660617
vn -0.6376789 0.08071668 -0.7660617
vn -0.6376791 0.08072872 -0.7660602
vn -0.6376791 0.08072872 -0.7660602
vn -0.6376791 0.08072872 -0.7660602
vn -0.6576357 0.3887419 -0.6452869
vn -0.6576357 0.3887419 -0.6452869
vn -0.6576357 0.3887419 -0.6452869
vn -0.6576378 0.3887331 -0.6452898
vn -0.6576378 0.3887331 -0.6452898
vn -0.6576378 0.3887331 -0.6452898
vn -0.6085512 0.6452827 -0.4618179
vn -0.6085512 0.6452827 -0.4618179
vn -0.6085512 0.6452827 -0.4618179
vn -0.6085494 0.6452855 -0.4618163
vn -0.6085494 0.6452855 -0.4618163
vn -0.6085494 0.6452855 -0.4618163
vn -0.5035287 0.8293538 -0.2421386
vn -0.5035287 0.8293538 -0.2421386
vn -0.5035287 0.8293538 -0.2421386
vn -0.5035325 0.8293511 -0.2421401
vn -0.5035325 0.8293511 -0.2421401
vn -0.5035325 0.8293511 -0.2421401
vn -0.3574835 0.9338818 -0.008398527
vn -0.3574835 0.9338818 -0.008398527
vn -0.3574835 0.9338818 -0.008398527
vn 0.1904656 -0.9546789 -0.2287161
vn 0.1904656 -0.9546789 -0.2287161
vn 0.1904656 -0.9546789 -0.2287161
vn 0.01259246 -0.890485 -0.4548384
vn 0.01259246 -0.890485 -0.4548384
vn 0.01259246 -0.890485 -0.4548384
vn 0.01259218 -0.890483 -0.4548424
vn 0.01259218 -0.890483 -0.4548424
vn 0.01259218 -0.890483 -0.4548424
vn -0.1725963 -0.7425562 -0.6471636
vn -0.1725963 -0.7425562 -0.6471636
vn -0.1725963 -0.7425562 -0.6471636
vn -0.1725967 -0.7425554 -0.6471645
vn -0.1725967 -0.7425554 -0.6471645
vn -0.1725967 -0.7425554 -0.6471645
vn -0.3488533 -0.5140672 -0.7836047
vn -0.3488533 -0.5140672 -0.7836047
vn -0.3488533 -0.5140672 -0.7836047
vn -0.3488545 -0.5140637 -0.7836065
vn -0.3488545 -0.5140637 -0.7836065
vn -0.3488545 -0.5140637 -0.7836065
vn -0.4940849 -0.2216582 -0.840683
vn -0.4940849 -0.2216582 -0.840683
vn -0.4940849 -0.2216582 -0.840683
vn -0.4940854 -0.2216555 -0.8406833
vn -0.4940854 -0.2216555 -0.8406833
vn -0.4940854 -0.2216555 -0.8406833
vn -0.585925 0.09983363 -0.8041922
vn -0.585925 0.09983363 -0.8041922
vn -0.585925 0.09983363 -0.8041922
vn -0.5859249 0.09982891 -0.8041929
vn -0.5859249 0.09982891 -0.8041929
vn -0.5859249 0.09982891 -0.8041929
vn -0.6116113 0.4057404 -0.6791955
vn -0.6116113 0.4057404 -0.6791955
vn -0.6116113 0.4057404 -0.6791955
vn -0.6116116 0.4057386 -0.6791961
vn -0.6116116 0.4057386 -0.6791961
vn -0.6116116 0.4057386 -0.6791961
vn -0.5728291 0.6584761 -0.4881353
vn -0.5728291 0.6584761 -0.4881353
vn -0.5728291 0.6584761 -0.4881353
vn -0.57283 0.6584744 -0.4881364
vn -0.57283 0.6584744 -0.4881364
vn -0.57283 0.6584744 -0.4881364
vn -0.4810773 0.8376467 -0.2586752
vn -0.4810773 0.8376467 -0.2586752
vn -0.4810773 0.8376467 -0.2586752
vn -0.4810804 0.8376439 -0.258678
vn -0.4810804 0.8376439 -0.258678
vn -0.4810804 0.8376439 -0.258678
vn -0.3498447 0.9367027 -0.01402653
vn -0.3498447 0.9367027 -0.01402653
vn -0.3498447 0.9367027 -0.01402653
vn 0.2062849 -0.9527693 -0.2228839
vn 0.2062849 -0.9527693 -0.2228839
vn 0.2062849 -0.9527693 -0.2228839
vn 0.05892853 -0.8942287 -0.4437144
vn 0.05892853 -0.8942287 -0.4437144
vn 0.05892853 -0.8942287 -0.4437144
vn 0.05892794 -0.894229 -0.4437139
vn 0.05892794 -0.894229 -0.4437139
vn 0.05892794 -0.894229 -0.4437139
vn -0.1047941 -0.7569886 -0.6449702
vn -0.1047941 -0.7569886 -0.6449702
vn -0.1047941 -0.7569886 -0.6449702
vn -0.1047941 -0.7569935 -0.6449645
vn -0.1047941 -0.7569935 -0.6449645
vn -0.1047941 -0.7569935 -0.6449645
vn -0.2752689 -0.5291646 -0.8026282
vn -0.2752689 -0.5291646 -0.8026282
vn -0.2752689 -0.5291646 -0.8026282
vn -0.2752706 -0.5291566 -0.8026328
vn -0.2752706 -0.5291566 -0.8026328
vn -0.2752706 -0.5291566 -0.8026328
vn -0.4281167 -0.216081 -0.8775108
vn -0.4281167 -0.216081 -0.8775108
vn -0.4281167 -0.216081 -0.8775108
vn -0.4281158 -0.2160874 -0.8775097
vn -0.4281158 -0.2160874 -0.8775097
vn -0.4281158 -0.2160874 -0.8775097
vn -0.5290669 0.1373168 -0.8373961
vn -0.5290669 0.1373168 -0.8373961
vn -0.5290669 0.1373168 -0.8373961
vn -0.5290669 0.1373001 -0.8373989
vn -0.5290669 0.1373001 -0.8373989
vn -0.5290669 0.1373001 -0.8373989
vn -0.5580069 0.4605744 -0.6902895
vn -0.5580069 0.4605744 -0.6902895
vn -0.5580069 0.4605744 -0.6902895
vn -0.5580052 0.4605825 -0.6902854
vn -0.5580052 0.4605825 -0.6902854
vn -0.5580052 0.4605825 -0.6902854
vn -0.5225422 0.7053577 -0.4789784
vn -0.5225422 0.7053577 -0.4789784
vn -0.5225422 0.7053577 -0.4789784
vn -0.5225401 0.7053615 -0.4789751
vn -0.5225401 0.7053615 -0.4789751
vn -0.5225401 0.7053615 -0.4789751
vn -0.4429439 0.8626258 -0.2442896
vn -0.4429439 0.8626258 -0.2442896
vn -0.4429439 0.8626258 -0.2442896
vn -0.4429438 0.8626259 -0.2442896
vn -0.4429438 0.8626259 -0.2442896
vn -0.4429438 0.8626259 -0.2442896
vn -0.3350361 0.9421731 -0.007787811
vn -0.3350361 0.9421731 -0.007787811
vn -0.3350361 0.9421731 -0.007787811
vn 0.2287561 -0.951448 -0.205955
vn 0.2287561 -0.951448 -0.205955
vn 0.2287561 -0.951448 -0.205955
vn 0.1273676 -0.9065534 -0.4024157
vn 0.1273676 -0.9065534 -0.4024157
vn 0.1273676 -0.9065534 -0.4024157
vn 0.1273653 -0.9065534 -0.4024163
vn 0.1273653 -0.9065534 -0.4024163
vn 0.1273653 -0.9065534 -0.4024163
vn 0.001383966 -0.796283 -0.6049228
vn 0.001383966 -0.796283 -0.6049228
vn 0.001383966 -0.796283 -0.6049228
vn 0.001384315 -0.7962828 -0.604923
vn 0.001384315 -0.7962828 -0.604923
vn 0.001384315 -0.7962828 -0.604923
vn -0.1557208 -0.5815392 -0.7984756
vn -0.1557208 -0.5815392 -0.7984756
vn -0.1557208 -0.5815392 -0.7984756
vn -0.1557208 -0.5815388 -0.7984759
vn -0.1557208 -0.5815388 -0.7984759
vn -0.1557208 -0.5815388 -0.7984759
vn -0.3270133 -0.2267859 -0.9174042
vn -0.3270133 -0.2267859 -0.9174042
vn -0.3270133 -0.2267859 -0.9174042
vn -0.3270131 -0.2267892 -0.9174035
vn -0.3270131 -0.2267892 -0.9174035
vn -0.3270131 -0.2267892 -0.9174035
vn -0.4509959 0.2072216 -0.8681371
vn -0.4509959 0.2072216 -0.8681371
vn -0.4509959 0.2072216 -0.8681371
vn -0.4509957 0.2072263 -0.868136
vn -0.4509957 0.2072263 -0.868136
vn -0.4509957 0.2072263 -0.868136
vn -0.4833879 0.5654287 -0.6683012
vn -0.4833879 0.5654287 -0.6683012
vn -0.4833879 0.5654287 -0.6683012
vn -0.4833829 0.5654472 -0.6682892
vn -0.4833829 0.5654472 -0.6682892
vn -0.4833829 0.5654472 -0.6682892
vn -0.4503356 0.7849901 -0.4254273
vn -0.4503356 0.7849901 -0.4254273
vn -0.4503356 0.7849901 -0.4254273
vn -0.4503395 0.7849841 -0.4254342
vn -0.4503395 0.7849841 -0.4254342
vn -0.4503395 0.7849841 -0.4254342
vn -0.388706 0.8999761 -0.1973593
vn -0.388706 0.8999761 -0.1973593
vn -0.388706 0.8999761 -0.1973593
vn -0.3887045 0.8999773 -0.1973573
vn -0.3887045 0.8999773 -0.1973573
vn -0.3887045 0.8999773 -0.1973573
vn -0.3142299 0.9492964 0.009794311
vn -0.3142299 0.9492964 0.009794311
vn -0.3142299 0.9492964 0.009794311
vn 0.2555664 -0.9500216 -0.1792901
vn 0.2555664 -0.9500216 -0.1792901
vn 0.2555664 -0.9500216 -0.1792901
vn 0.2131212 -0.9200425 -0.3287874
vn 0.2131212 -0.9200425 -0.3287874
vn 0.2131212 -0.9200425 -0.3287874
vn 0.2131324 -0.9200427 -0.3287796
vn 0.2131324 -0.9200427 -0.3287796
vn 0.2131324 -0.9200427 -0.3287796
vn 0.1514564 -0.8486035 -0.5068855
vn 0.1514564 -0.8486035 -0.5068855
vn 0.1514564 -0.8486035 -0.5068855
vn 0.1514595 -0.8486035 -0.5068848
vn 0.1514595 -0.8486035 -0.5068848
vn 0.1514595 -0.8486035 -0.5068848
vn 0.04790379 -0.6773609 -0.7340896
vn 0.04790379 -0.6773609 -0.7340896
vn 0.04790379 -0.6773609 -0.7340896
vn 0.04789564 -0.6773658 -0.7340856
vn 0.04789564 -0.6773658 -0.7340856
vn 0.04789564 -0.6773658 -0.7340856
vn -0.1285951 -0.2670333 -0.9550689
vn -0.1285951 -0.2670333 -0.9550689
vn -0.1285951 -0.2670333 -0.9550689
vn -0.1285931 -0.2670228 -0.9550721
vn -0.1285931 -0.2670228 -0.9550721
vn -0.1285931 -0.2670228 -0.9550721
vn -0.3054074 0.3518817 -0.8848195
vn -0.3054074 0.3518817 -0.8848195
vn -0.3054074 0.3518817 -0.8848195
vn -0.305405 0.3518983 -0.8848138
vn -0.305405 0.3518983 -0.8848138
vn -0.305405 0.3518983 -0.8848138
vn -0.3563285 0.7376794 -0.5734625
vn -0.3563285 0.7376794 -0.5734625
vn -0.3563285 0.7376794 -0.5734625
vn -0.3563362 0.7376612 -0.5734811
vn -0.3563362 0.7376612 -0.5734811
vn -0.3563362 0.7376612 -0.5734811
vn -0.3441408 0.8862821 -0.3099535
vn -0.3441408 0.8862821 -0.3099535
vn -0.3441408 0.8862821 -0.3099535
vn -0.3441388 0.8862842 -0.3099498
vn -0.3441388 0.8862842 -0.3099498
vn -0.3441388 0.8862842 -0.3099498
vn -0.3184139 0.9406311 -0.117583
vn -0.3184139 0.9406311 -0.117583
vn -0.3184139 0.9406311 -0.117583
vn -0.3184136 0.9406313 -0.1175826
vn -0.3184136 0.9406313 -0.1175826
vn -0.3184136 0.9406313 -0.1175826
vn -0.2891007 0.9565789 0.03711604
vn -0.2891007 0.9565789 0.03711604
vn -0.2891007 0.9565789 0.03711604
vn 0.2838431 -0.9477946 -0.1453223
vn 0.2838431 -0.9477946 -0.1453223
vn 0.2838431 -0.9477946 -0.1453223
vn 0.3060213 -0.9249247 -0.2255334
vn 0.3060213 -0.9249247 -0.2255334
vn 0.3060213 -0.9249247 -0.2255334
vn 0.3060238 -0.9249245 -0.2255309
vn 0.3060238 -0.9249245 -0.2255309
vn 0.3060238 -0.9249245 -0.2255309
vn 0.332473 -0.882865 -0.3316793
vn 0.332473 -0.882865 -0.3316793
vn 0.332473 -0.882865 -0.3316793
vn 0.3324703 -0.8828653 -0.3316813
vn 0.3324703 -0.8828653 -0.3316813
vn 0.3324703 -0.8828653 -0.3316813
vn 0.368185 -0.7779137 -0.5092054
vn 0.368185 -0.7779137 -0.5092054
vn 0.368185 -0.7779137 -0.5092054
vn 0.3681846 -0.7779138 -0.5092055
vn 0.3681846 -0.7779138 -0.5092055
vn 0.3681846 -0.7779138 -0.5092055
vn 0.3833493 -0.3574205 -0.851642
vn 0.3833493 -0.3574205 -0.851642
vn 0.3833493 -0.3574205 -0.851642
vn 0.3833607 -0.3574086 -0.8516417
vn 0.3833607 -0.3574086 -0.8516417
vn 0.3833607 -0.3574086 -0.8516417
vn 0.08915754 0.6724691 -0.7347355
vn 0.08915754 0.6724691 -0.7347355
vn 0.08915754 0.6724691 -0.7347355
vn 0.08915249 0.6724514 -0.7347524
vn 0.08915249 0.6724514 -0.7347524
vn 0.08915249 0.6724514 -0.7347524
vn -0.1229734 0.9414116 -0.3140411
vn -0.1229734 0.9414116 -0.3140411
vn -0.1229734 0.9414116 -0.3140411
vn -0.122973 0.9414119 -0.3140402
vn -0.122973 0.9414119 -0.3140402
vn -0.122973 0.9414119 -0.3140402
vn -0.1976257 0.9727756 -0.1210443
vn -0.1976257 0.9727756 -0.1210443
vn -0.1976257 0.9727756 -0.1210443
vn -0.1976253 0.9727758 -0.1210436
vn -0.1976253 0.9727758 -0.1210436
vn -0.1976253 0.9727758 -0.1210436
vn -0.235798 0.9717481 -0.01024383
vn -0.235798 0.9717481 -0.01024383
vn -0.235798 0.9717481 -0.01024383
vn -0.2357983 0.9717481 -0.01024444
vn -0.2357983 0.9717481 -0.01024444
vn -0.2357983 0.9717481 -0.01024444
vn -0.2618576 0.9624538 0.07150794
vn -0.2618576 0.9624538 0.07150794
vn -0.2618576 0.9624538 0.07150794
vn 0.3105593 -0.9444678 -0.107394
vn 0.3105593 -0.9444678 -0.107394
vn 0.3105593 -0.9444678 -0.107394
vn 0.3913651 -0.9142973 -0.1043741
vn 0.3913651 -0.9142973 -0.1043741
vn 0.3913651 -0.9142973 -0.1043741
vn 0.3913618 -0.9142982 -0.1043783
vn 0.3913618 -0.9142982 -0.1043783
vn 0.3913618 -0.9142982 -0.1043783
vn 0.4963412 -0.8624598 -0.0990378
vn 0.4963412 -0.8624598 -0.0990378
vn 0.4963412 -0.8624598 -0.0990378
vn 0.4963414 -0.8624598 -0.09903762
vn 0.4963414 -0.8624598 -0.09903762
vn 0.4963414 -0.8624598 -0.09903762
vn 0.6661659 -0.7408094 -0.0861659
vn 0.6661659 -0.7408094 -0.0861659
vn 0.6661659 -0.7408094 -0.0861659
vn 0.6661671 -0.7408085 -0.08616449
vn 0.6661671 -0.7408085 -0.08616449
vn 0.6661671 -0.7408085 -0.08616449
vn 0.9575639 -0.2859061 -0.03645572
vn 0.9575639 -0.2859061 -0.03645572
vn 0.9575639 -0.2859061 -0.03645572
vn 0.9575637 -0.2859069 -0.03645637
vn 0.9575637 -0.2859069 -0.03645637
vn 0.9575637 -0.2859069 -0.03645637
vn 0.6633601 0.7439641 0.08044248
vn 0.6633601 0.7439641 0.08044248
vn 0.6633601 0.7439641 0.08044248
vn 0.6633604 0.7439638 0.08044172
vn 0.6633604 0.7439638 0.08044172
vn 0.6633604 0.7439638 0.08044172
vn 0.1750069 0.9785159 0.1089914
vn 0.1750069 0.9785159 0.1089914
vn 0.1750069 0.9785159 0.1089914
vn 0.175007 0.9785158 0.1089926
vn 0.175007 0.9785158 0.1089926
vn 0.175007 0.9785158 0.1089926
vn -0.03375829 0.9931801 0.1115963
vn -0.03375829 0.9931801 0.1115963
vn -0.03375829 0.9931801 0.1115963
vn -0.0337602 0.9931806 0.1115909
vn -0.0337602 0.9931806 0.1115909
vn -0.0337602 0.9931806 0.1115909
vn -0.1504501 0.982375 0.1109243
vn -0.1504501 0.982375 0.1109243
vn -0.1504501 0.982375 0.1109243
vn -0.1504535 0.9823752 0.1109176
vn -0.1504535 0.9823752 0.1109176
vn -0.1504535 0.9823752 0.1109176
vn -0.235132 0.9657814 0.1094496
vn -0.235132 0.9657814 0.1094496
vn -0.235132 0.9657814 0.1094496
vn 0.3329467 -0.9403858 -0.06943455
vn 0.3329467 -0.9403858 -0.06943455
vn 0.3329467 -0.9403858 -0.06943455
vn 0.4560901 -0.8897871 0.01614773
vn 0.4560901 -0.8897871 0.01614773
vn 0.4560901 -0.8897871 0.01614773
vn 0.4560893 -0.8897876 0.01614631
vn 0.4560893 -0.8897876 0.01614631
vn 0.4560893 -0.8897876 0.01614631
vn 0.5960793 -0.7932404 0.1243343
vn 0.5960793 -0.7932404 0.1243343
vn 0.5960793 -0.7932404 0.1243343
vn 0.5960765 -0.7932435 0.124329
vn 0.5960765 -0.7932435 0.124329
vn 0.5960765 -0.7932435 0.124329
vn 0.7596247 -0.5887371 0.2763315
vn 0.7596247 -0.5887371 0.2763315
vn 0.7596247 -0.5887371 0.2763315
vn 0.7596269 -0.5887311 0.2763379
vn 0.7596269 -0.5887311 0.2763379
vn 0.7596269 -0.5887311 0.2763379
vn 0.8728841 -0.1423209 0.4667099
vn 0.8728841 -0.1423209 0.4667099
vn 0.8728841 -0.1423209 0.4667099
vn 0.8728841 -0.1423208 0.46671
vn 0.8728841 -0.1423208 0.46671
vn 0.8728841 -0.1423208 0.46671
vn 0.6960744 0.4766043 0.5369625
vn 0.6960744 0.4766043 0.5369625
vn 0.6960744 0.4766043 0.5369625
vn 0.6960734 0.4766052 0.5369631
vn 0.6960734 0.4766052 0.5369631
vn 0.6960734 0.4766052 0.5369631
vn 0.3553945 0.8262978 0.4369518
vn 0.3553945 0.8262978 0.4369518
vn 0.3553945 0.8262978 0.4369518
vn 0.3553943 0.8262977 0.436952
vn 0.3553943 0.8262977 0.436952
vn 0.3553943 0.8262977 0.436952
vn 0.1004734 0.941648 0.3212541
vn 0.1004734 0.941648 0.3212541
vn 0.1004734 0.941648 0.3212541
vn 0.1004735 0.9416468 0.3212574
vn 0.1004735 0.9416468 0.3212574
vn 0.1004735 0.9416468 0.3212574
vn -0.07545034 0.9708868 0.2273456
vn -0.07545034 0.9708868 0.2273456
vn -0.07545034 0.9708868 0.2273456
vn -0.07544971 0.9708865 0.2273473
vn -0.07544971 0.9708865 0.2273473
vn -0.07544971 0.9708865 0.2273473
vn -0.2117104 0.9662167 0.146983
vn -0.2117104 0.9662167 0.146983
vn -0.2117104 0.9662167 0.146983
vn 0.3489231 -0.9364842 -0.03535683
vn 0.3489231 -0.9364842 -0.03535683
vn 0.3489231 -0.9364842 -0.03535683
vn 0.4947858 -0.8608009 0.1192008
vn 0.4947858 -0.8608009 0.1192008
vn 0.4947858 -0.8608009 0.1192008
vn 0.4947827 -0.8608037 0.1191941
vn 0.4947827 -0.8608037 0.1191941
vn 0.4947827 -0.8608037 0.1191941
vn 0.6325713 -0.7176904 0.29116
vn 0.6325713 -0.7176904 0.29116
vn 0.6325713 -0.7176904 0.29116
vn 0.6325712 -0.7176904 0.2911599
vn 0.6325712 -0.7176904 0.2911599
vn 0.6325712 -0.7176904 0.2911599
vn 0.7428089 -0.4696384 0.4771528
vn 0.7428089 -0.4696384 0.4771528
vn 0.7428089 -0.4696384 0.4771528
vn 0.7428083 -0.4696455 0.4771467
vn 0.7428083 -0.4696455 0.4771467
vn 0.7428083 -0.4696455 0.4771467
vn 0.7668021 -0.09059155 0.6354588
vn 0.7668021 -0.09059155 0.6354588
vn 0.7668021 -0.09059155 0.6354588
vn 0.7668 -0.09058446 0.6354622
vn 0.7668 -0.09058446 0.6354622
vn 0.7668 -0.09058446 0.6354622
vn 0.6428133 0.3434292 0.6847245
vn 0.6428133 0.3434292 0.6847245
vn 0.6428133 0.3434292 0.6847245
vn 0.6428168 0.3434246 0.6847234
vn 0.6428168 0.3434246 0.6847234
vn 0.6428168 0.3434246 0.6847234
vn 0.4151587 0.6773309 0.6073435
vn 0.4151587 0.6773309 0.6073435
vn 0.4151587 0.6773309 0.6073435
vn 0.4151544 0.6773331 0.6073442
vn 0.4151544 0.6773331 0.6073442
vn 0.4151544 0.6773331 0.6073442
vn 0.1808472 0.8635876 0.4706494
vn 0.1808472 0.8635876 0.4706494
vn 0.1808472 0.8635876 0.4706494
vn 0.1808486 0.8635879 0.4706481
vn 0.1808486 0.8635879 0.4706481
vn 0.1808486 0.8635879 0.4706481
vn -0.02128492 0.9457286 0.3242598
vn -0.02128492 0.9457286 0.3242598
vn -0.02128492 0.9457286 0.3242598
vn -0.02128498 0.945729 0.3242587
vn -0.02128498 0.945729 0.3242587
vn -0.02128498 0.945729 0.3242587
vn -0.1940615 0.9642604 0.180394
vn -0.1940615 0.9642604 0.180394
vn -0.1940615 0.9642604 0.180394
vn 0.3572454 -0.9339712 -0.008571833
vn 0.3572454 -0.9339712 -0.008571833
vn 0.3572454 -0.9339712 -0.008571833
vn 0.5091807 -0.8381632 0.1954929
vn 0.5091807 -0.8381632 0.1954929
vn 0.5091807 -0.8381632 0.1954929
vn 0.5091807 -0.8381634 0.1954924
vn 0.5091807 -0.8381634 0.1954924
vn 0.5091807 -0.8381634 0.1954924
vn 0.6307411 -0.6654075 0.3992476
vn 0.6307411 -0.6654075 0.3992476
vn 0.6307411 -0.6654075 0.3992476
vn 0.6307417 -0.6654054 0.3992502
vn 0.6307417 -0.6654054 0.3992502
vn 0.6307417 -0.6654054 0.3992502
vn 0.7017328 -0.4074911 0.5843989
vn 0.7017328 -0.4074911 0.5843989
vn 0.7017328 -0.4074911 0.5843989
vn 0.7017331 -0.4074966 0.5843948
vn 0.7017331 -0.4074966 0.5843948
vn 0.7017331 -0.4074966 0.5843948
vn 0.694165 -0.07634394 0.7157559
vn 0.694165 -0.07634394 0.7157559
vn 0.694165 -0.07634394 0.7157559
vn 0.6941634 -0.0763391 0.715758
vn 0.6941634 -0.0763391 0.715758
vn 0.6941634 -0.0763391 0.715758
vn 0.5932155 0.2770523 0.7558686
vn 0.5932155 0.2770523 0.7558686
vn 0.5932155 0.2770523 0.7558686
vn 0.5932061 0.2770666 0.7558708
vn 0.5932061 0.2770666 0.7558708
vn 0.5932061 0.2770666 0.7558708
vn 0.4189933 0.5822393 0.6967367
vn 0.4189933 0.5822393 0.6967367
vn 0.4189933 0.5822393 0.6967367
vn 0.4190021 0.5822321 0.6967374
vn 0.4190021 0.5822321 0.6967374
vn 0.4190021 0.5822321 0.6967374
vn 0.2129878 0.7969573 0.5652391
vn 0.2129878 0.7969573 0.5652391
vn 0.2129878 0.7969573 0.5652391
vn 0.2129876 0.7969574 0.5652391
vn 0.2129876 0.7969574 0.5652391
vn 0.2129876 0.7969574 0.5652391
vn 0.007298312 0.9186912 0.3949092
vn 0.007298312 0.9186912 0.3949092
vn 0.007298312 0.9186912 0.3949092
vn 0.007298935 0.9186913 0.3949088
vn 0.007298935 0.9186913 0.3949088
vn 0.007298935 0.9186913 0.3949088
vn -0.1840804 0.9609697 0.2065227
vn -0.1840804 0.9609697 0.2065227
vn -0.1840804 0.9609697 0.2065227
vn 0.357485 -0.9338811 0.00840003
vn 0.357485 -0.9338811 0.00840003
vn 0.357485 -0.9338811 0.00840003
vn 0.5035307 -0.8293527 0.2421383
vn 0.5035307 -0.8293527 0.2421383
vn 0.5035307 -0.8293527 0.2421383
vn 0.5035318 -0.8293501 0.2421453
vn 0.5035318 -0.8293501 0.2421453
vn 0.5035318 -0.8293501 0.2421453
vn 0.6085491 -0.6452855 0.4618166
vn 0.6085491 -0.6452855 0.4618166
vn 0.6085491 -0.6452855 0.4618166
vn 0.6085489 -0.6452878 0.4618139
vn 0.6085489 -0.6452878 0.4618139
vn 0.6085489 -0.6452878 0.4618139
vn 0.6576375 -0.388739 0.6452867
vn 0.6576375 -0.388739 0.6452867
vn 0.6576375 -0.388739 0.6452867
vn 0.657636 -0.3887283 0.6452947
vn 0.657636 -0.3887283 0.6452947
vn 0.657636 -0.3887283 0.6452947
vn 0.637684 -0.08073925 0.766055
vn 0.637684 -0.08073925 0.766055
vn 0.637684 -0.08073925 0.766055
vn 0.637682 -0.08073353 0.7660574
vn 0.637682 -0.08073353 0.7660574
vn 0.637682 -0.08073353 0.7660574
vn 0.5458396 0.2407687 0.802552
vn 0.5458396 0.2407687 0.802552
vn 0.5458396 0.2407687 0.802552
vn 0.5458428 0.2407633 0.8025513
vn 0.5458428 0.2407633 0.8025513
vn 0.5458428 0.2407633 0.8025513
vn 0.3948678 0.5310771 0.7496909
vn 0.3948678 0.5310771 0.7496909
vn 0.3948678 0.5310771 0.7496909
vn 0.3948759 0.531069 0.7496924
vn 0.3948759 0.531069 0.7496924
vn 0.3948759 0.531069 0.7496924
vn 0.2083189 0.7557467 0.6208464
vn 0.2083189 0.7557467 0.6208464
vn 0.2083189 0.7557467 0.6208464
vn 0.2083148 0.7557489 0.6208451
vn 0.2083148 0.7557489 0.6208451
vn 0.2083148 0.7557489 0.6208451
vn 0.009863644 0.898776 0.4382973
vn 0.009863644 0.898776 0.4382973
vn 0.009863644 0.898776 0.4382973
vn 0.009855901 0.8987769 0.4382955
vn 0.009855901 0.8987769 0.4382955
vn 0.009855901 0.8987769 0.4382955
vn -0.1828241 0.9575009 0.2230863
vn -0.1828241 0.9575009 0.2230863
vn -0.1828241 0.9575009 0.2230863
vn 0.03435948 -0.0890421 -0.9954351
vn 0.03435948 -0.0890421 -0.9954351
vn 0.03435948 -0.0890421 -0.9954351
vn 0.04588682 0.008370849 -0.9989116
vn 0.04588682 0.008370849 -0.9989116
vn 0.04588682 0.008370849 -0.9989116
vn 0.04588961 0.00837206 -0.9989115
vn 0.04588961 0.00837206 -0.9989115
vn 0.04588961 0.00837206 -0.9989115
vn 0.06070615 0.1393234 -0.9883844
vn 0.06070615 0.1393234 -0.9883844
vn 0.06070615 0.1393234 -0.9883844
vn 0.06070315 0.1393206 -0.988385
vn 0.06070315 0.1393206 -0.988385
vn 0.06070315 0.1393206 -0.988385
vn 0.08386794 0.3606289 -0.9289311
vn 0.08386794 0.3606289 -0.9289311
vn 0.08386794 0.3606289 -0.9289311
vn 0.08387214 0.3606357 -0.9289281
vn 0.08387214 0.3606357 -0.9289281
vn 0.08387214 0.3606357 -0.9289281
vn 0.1194632 0.7933177 -0.596972
vn 0.1194632 0.7933177 -0.596972
vn 0.1194632 0.7933177 -0.596972
vn 0.119463 0.7933173 -0.5969728
vn 0.119463 0.7933173 -0.5969728
vn 0.119463 0.7933173 -0.5969728
vn 0.0910911 0.9236016 0.3723744
vn 0.0910911 0.9236016 0.3723744
vn 0.0910911 0.9236016 0.3723744
vn 0.09109165 0.9236001 0.3723777
vn 0.09109165 0.9236001 0.3723777
vn 0.09109165 0.9236001 0.3723777
vn 0.03314551 0.5935546 0.8041109
vn 0.03314551 0.5935546 0.8041109
vn 0.03314551 0.5935546 0.8041109
vn 0.03314713 0.5935501 0.8041142
vn 0.03314713 0.5935501 0.8041142
vn 0.03314713 0.5935501 0.8041142
vn 0.004897172 0.3955962 0.9184115
vn 0.004897172 0.3955962 0.9184115
vn 0.004897172 0.3955962 0.9184115
vn 0.004894365 0.3956009 0.9184095
vn 0.004894365 0.3956009 0.9184095
vn 0.004894365 0.3956009 0.9184095
vn -0.01150754 0.2719469 0.9622434
vn -0.01150754 0.2719469 0.9622434
vn -0.01150754 0.2719469 0.9622434
vn -0.0115104 0.2719496 0.9622427
vn -0.0115104 0.2719496 0.9622427
vn -0.0115104 0.2719496 0.9622427
vn -0.02356949 0.17699 0.9839304
vn -0.02356949 0.17699 0.9839304
vn -0.02356949 0.17699 0.9839304
vn 0.04428001 -0.09335636 -0.9946476
vn 0.04428001 -0.09335636 -0.9946476
vn 0.04428001 -0.09335636 -0.9946476
vn 0.07754699 -0.005356407 -0.9969743
vn 0.07754699 -0.005356407 -0.9969743
vn 0.07754699 -0.005356407 -0.9969743
vn 0.07755144 -0.005356404 -0.996974
vn 0.07755144 -0.005356404 -0.996974
vn 0.07755144 -0.005356404 -0.996974
vn 0.1213645 0.1134888 -0.9860989
vn 0.1213645 0.1134888 -0.9860989
vn 0.1213645 0.1134888 -0.9860989
vn 0.1213624 0.1134879 -0.9860992
vn 0.1213624 0.1134879 -0.9860992
vn 0.1213624 0.1134879 -0.9860992
vn 0.1932893 0.3170033 -0.9285194
vn 0.1932893 0.3170033 -0.9285194
vn 0.1932893 0.3170033 -0.9285194
vn 0.1932886 0.3170027 -0.9285197
vn 0.1932886 0.3170027 -0.9285197
vn 0.1932886 0.3170027 -0.9285197
vn 0.3232433 0.7325674 -0.5990483
vn 0.3232433 0.7325674 -0.5990483
vn 0.3232433 0.7325674 -0.5990483
vn 0.3232419 0.7325656 -0.5990512
vn 0.3232419 0.7325656 -0.5990512
vn 0.3232419 0.7325656 -0.5990512
vn 0.2939368 0.8671275 0.4021082
vn 0.2939368 0.8671275 0.4021082
vn 0.2939368 0.8671275 0.4021082
vn 0.2939368 0.8671262 0.4021111
vn 0.2939368 0.8671262 0.4021111
vn 0.2939368 0.8671262 0.4021111
vn 0.1420639 0.5522125 0.8215103
vn 0.1420639 0.5522125 0.8215103
vn 0.1420639 0.5522125 0.8215103
vn 0.1420638 0.5522141 0.8215093
vn 0.1420638 0.5522141 0.8215093
vn 0.1420638 0.5522141 0.8215093
vn 0.06537981 0.370544 0.926511
vn 0.06537981 0.370544 0.926511
vn 0.06537981 0.370544 0.926511
vn 0.06537993 0.3705435 0.9265112
vn 0.06537993 0.3705435 0.9265112
vn 0.06537993 0.3705435 0.9265112
vn 0.02008894 0.2584581 0.9658136
vn 0.02008894 0.2584581 0.9658136
vn 0.02008894 0.2584581 0.9658136
vn 0.02009608 0.2584452 0.9658169
vn 0.02009608 0.2584452 0.9658169
vn 0.02009608 0.2584452 0.9658169
vn -0.01367356 0.1727062 0.9848785
vn -0.01367356 0.1727062 0.9848785
vn -0.01367356 0.1727062 0.9848785
vn 0.05268993 -0.1015467 -0.9934345
vn 0.05268993 -0.1015467 -0.9934345
vn 0.05268993 -0.1015467 -0.9934345
vn 0.1045311 -0.03151438 -0.9940222
vn 0.1045311 -0.03151438 -0.9940222
vn 0.1045311 -0.03151438 -0.9940222
vn 0.1045209 -0.03150997 -0.9940234
vn 0.1045209 -0.03150997 -0.9940234
vn 0.1045209 -0.03150997 -0.9940234
vn 0.1735583 0.06385434 -0.9827513
vn 0.1735583 0.06385434 -0.9827513
vn 0.1735583 0.06385434 -0.9827513
vn 0.1735556 0.06385437 -0.9827518
vn 0.1735556 0.06385437 -0.9827518
vn 0.1735556 0.06385437 -0.9827518
vn 0.2901257 0.231012 -0.9286875
vn 0.2901257 0.231012 -0.9286875
vn 0.2901257 0.231012 -0.9286875
vn 0.2901305 0.2310138 -0.9286856
vn 0.2901305 0.2310138 -0.9286856
vn 0.2901305 0.2310138 -0.9286856
vn 0.5218568 0.600841 -0.6055209
vn 0.5218568 0.600841 -0.6055209
vn 0.5218568 0.600841 -0.6055209
vn 0.5218621 0.6008446 -0.6055127
vn 0.5218621 0.6008446 -0.6055127
vn 0.5218621 0.6008446 -0.6055127
vn 0.4908375 0.7433109 0.4544972
vn 0.4908375 0.7433109 0.4544972
vn 0.4908375 0.7433109 0.4544972
vn 0.4908376 0.7433112 0.4544964
vn 0.4908376 0.7433112 0.4544964
vn 0.4908376 0.7433112 0.4544964
vn 0.2380694 0.4700542 0.8499247
vn 0.2380694 0.4700542 0.8499247
vn 0.2380694 0.4700542 0.8499247
vn 0.2380708 0.470062 0.84992
vn 0.2380708 0.470062 0.84992
vn 0.2380708 0.470062 0.84992
vn 0.1172965 0.3221929 0.9393792
vn 0.1172965 0.3221929 0.9393792
vn 0.1172965 0.3221929 0.9393792
vn 0.1172967 0.3221855 0.9393817
vn 0.1172967 0.3221855 0.9393817
vn 0.1172967 0.3221855 0.9393817
vn 0.0470069 0.232629 0.9714289
vn 0.0470069 0.232629 0.9714289
vn 0.0470069 0.232629 0.9714289
vn 0.04700306 0.2326444 0.9714254
vn 0.04700306 0.2326444 0.9714254
vn 0.04700306 0.2326444 0.9714254
vn -0.005241532 0.1645222 0.9863595
vn -0.005241532 0.1645222 0.9863595
vn -0.005241532 0.1645222 0.9863595
vn 0.05879817 -0.1128463 -0.9918712
vn 0.05879817 -0.1128463 -0.9918712
vn 0.05879817 -0.1128463 -0.9918712
vn 0.1241639 -0.06760912 -0.9899557
vn 0.1241639 -0.06760912 -0.9899557
vn 0.1241639 -0.06760912 -0.9899557
vn 0.1241615 -0.06760678 -0.9899562
vn 0.1241615 -0.06760678 -0.9899562
vn 0.1241615 -0.06760678 -0.9899562
vn 0.2119647 -0.005266954 -0.9772632
vn 0.2119647 -0.005266954 -0.9772632
vn 0.2119647 -0.005266954 -0.9772632
vn 0.2119736 -0.005270954 -0.9772611
vn 0.2119736 -0.005270954 -0.9772611
vn 0.2119736 -0.005270954 -0.9772611
vn 0.3640048 0.1073162 -0.9251939
vn 0.3640048 0.1073162 -0.9251939
vn 0.3640048 0.1073162 -0.9251939
vn 0.3640003 0.1073164 -0.9251957
vn 0.3640003 0.1073164 -0.9251957
vn 0.3640003 0.1073164 -0.9251957
vn 0.6953492 0.3842657 -0.6073132
vn 0.6953492 0.3842657 -0.6073132
vn 0.6953492 0.3842657 -0.6073132
vn 0.6953499 0.3842659 -0.6073123
vn 0.6953499 0.3842659 -0.6073123
vn 0.6953499 0.3842659 -0.6073123
vn 0.6622627 0.5362306 0.523321
vn 0.6622627 0.5362306 0.523321
vn 0.6622627 0.5362306 0.523321
vn 0.6622609 0.536228 0.5233259
vn 0.6622609 0.536228 0.5233259
vn 0.6622609 0.536228 0.5233259
vn 0.3110607 0.3503934 0.8834397
vn 0.3110607 0.3503934 0.8834397
vn 0.3110607 0.3503934 0.8834397
vn 0.3110631 0.3503984 0.8834369
vn 0.3110631 0.3503984 0.8834369
vn 0.3110631 0.3503984 0.8834369
vn 0.1554276 0.2543672 0.9545363
vn 0.1554276 0.2543672 0.9545363
vn 0.1554276 0.2543672 0.9545363
vn 0.1554279 0.2543688 0.9545358
vn 0.1554279 0.2543688 0.9545358
vn 0.1554279 0.2543688 0.9545358
vn 0.06655186 0.196919 0.9781584
vn 0.06655186 0.196919 0.9781584
vn 0.06655186 0.196919 0.9781584
vn 0.06655188 0.1969085 0.9781605
vn 0.06655188 0.1969085 0.9781605
vn 0.06655188 0.1969085 0.9781605
vn 0.0008432011 0.1532871 0.9881814
vn 0.0008432011 0.1532871 0.9881814
vn 0.0008432011 0.1532871 0.9881814
vn 0.06197904 -0.1261116 -0.990078
vn 0.06197904 -0.1261116 -0.990078
vn 0.06197904 -0.1261116 -0.990078
vn 0.1344261 -0.1100724 -0.9847912
vn 0.1344261 -0.1100724 -0.9847912
vn 0.1344261 -0.1100724 -0.9847912
vn 0.1344299 -0.1100794 -0.9847899
vn 0.1344299 -0.1100794 -0.9847899
vn 0.1344299 -0.1100794 -0.9847899
vn 0.2322454 -0.0871701 -0.9687433
vn 0.2322454 -0.0871701 -0.9687433
vn 0.2322454 -0.0871701 -0.9687433
vn 0.2322486 -0.08717325 -0.9687422
vn 0.2322486 -0.08717325 -0.9687422
vn 0.2322486 -0.08717325 -0.9687422
vn 0.4042192 -0.04313592 -0.9136445
vn 0.4042192 -0.04313592 -0.9136445
vn 0.4042192 -0.04313592 -0.9136445
vn 0.4042164 -0.04313462 -0.9136457
vn 0.4042164 -0.04313462 -0.9136457
vn 0.4042164 -0.04313462 -0.9136457
vn 0.8025323 0.08636793 -0.5903242
vn 0.8025323 0.08636793 -0.5903242
vn 0.8025323 0.08636793 -0.5903242
vn 0.8025289 0.08636855 -0.5903288
vn 0.8025289 0.08636855 -0.5903288
vn 0.8025289 0.08636855 -0.5903288
vn 0.7679366 0.245235 0.5917205
vn 0.7679366 0.245235 0.5917205
vn 0.7679366 0.245235 0.5917205
vn 0.7679386 0.2452362 0.5917175
vn 0.7679386 0.2452362 0.5917175
vn 0.7679386 0.2452362 0.5917175
vn 0.3507132 0.2025451 0.9143171
vn 0.3507132 0.2025451 0.9143171
vn 0.3507132 0.2025451 0.9143171
vn 0.3507078 0.2025394 0.9143205
vn 0.3507078 0.2025394 0.9143205
vn 0.3507078 0.2025394 0.9143205
vn 0.1755312 0.1732763 0.9691048
vn 0.1755312 0.1732763 0.9691048
vn 0.1755312 0.1732763 0.9691048
vn 0.1755329 0.1732795 0.9691039
vn 0.1755329 0.1732795 0.9691039
vn 0.1755329 0.1732795 0.9691039
vn 0.07677268 0.1546753 0.984978
vn 0.07677268 0.1546753 0.984978
vn 0.07677268 0.1546753 0.984978
vn 0.07677059 0.1546668 0.9849795
vn 0.07677059 0.1546668 0.9849795
vn 0.07677059 0.1546668 0.9849795
vn 0.00401837 0.1400476 0.9901366
vn 0.00401837 0.1400476 0.9901366
vn 0.00401837 0.1400476 0.9901366
vn 0.06192431 -0.1400355 -0.9882082
vn 0.06192431 -0.1400355 -0.9882082
vn 0.06192431 -0.1400355 -0.9882082
vn 0.1342518 -0.154667 -0.9788027
vn 0.1342518 -0.154667 -0.9788027
vn 0.1342518 -0.154667 -0.9788027
vn 0.1342509 -0.1546631 -0.9788034
vn 0.1342509 -0.1546631 -0.9788034
vn 0.1342509 -0.1546631 -0.9788034
vn 0.2319069 -0.1732742 -0.9571809
vn 0.2319069 -0.1732742 -0.9571809
vn 0.2319069 -0.1732742 -0.9571809
vn 0.2319071 -0.1732748 -0.9571807
vn 0.2319071 -0.1732748 -0.9571807
vn 0.2319071 -0.1732748 -0.9571807
vn 0.4035956 -0.2025445 -0.8922368
vn 0.4035956 -0.2025445 -0.8922368
vn 0.4035956 -0.2025445 -0.8922368
vn 0.4035929 -0.2025416 -0.8922386
vn 0.4035929 -0.2025416 -0.8922386
vn 0.4035929 -0.2025416 -0.8922386
vn 0.8012289 -0.2452391 -0.5457932
vn 0.8012289 -0.2452391 -0.5457932
vn 0.8012289 -0.2452391 -0.5457932
vn 0.8012265 -0.2452374 -0.5457975
vn 0.8012265 -0.2452374 -0.5457975
vn 0.8012265 -0.2452374 -0.5457975
vn 0.7666325 -0.08636697 0.636251
vn 0.7666325 -0.08636697 0.636251
vn 0.7666325 -0.08636697 0.636251
vn 0.7666327 -0.08636694 0.6362508
vn 0.7666327 -0.08636694 0.6362508
vn 0.7666327 -0.08636694 0.6362508
vn 0.3500837 0.04313897 0.9357246
vn 0.3500837 0.04313897 0.9357246
vn 0.3500837 0.04313897 0.9357246
vn 0.3500865 0.04314032 0.9357234
vn 0.3500865 0.04314032 0.9357234
vn 0.3500865 0.04314032 0.9357234
vn 0.175193 0.0871729 0.9806673
vn 0.175193 0.0871729 0.9806673
vn 0.175193 0.0871729 0.9806673
vn 0.1751928 0.08717269 0.9806674
vn 0.1751928 0.08717269 0.9806674
vn 0.1751928 0.08717269 0.9806674
vn 0.07659546 0.1100688 0.9909682
vn 0.07659546 0.1100688 0.9909682
vn 0.07659546 0.1100688 0.9909682
vn 0.07659741 0.1100724 0.9909677
vn 0.07659741 0.1100724 0.9909677
vn 0.07659741 0.1100724 0.9909677
vn 0.003963544 0.1261002 0.9920096
vn 0.003963544 0.1261002 0.9920096
vn 0.003963544 0.1261002 0.9920096
vn 0.05864104 -0.1532719 -0.9864426
vn 0.05864104 -0.1532719 -0.9864426
vn 0.05864104 -0.1532719 -0.9864426
vn 0.1236547 -0.1969135 -0.9725917
vn 0.1236547 -0.1969135 -0.9725917
vn 0.1236547 -0.1969135 -0.9725917
vn 0.1236548 -0.1969057 -0.9725932
vn 0.1236548 -0.1969057 -0.9725932
vn 0.1236548 -0.1969057 -0.9725932
vn 0.2109839 -0.254366 -0.9438134
vn 0.2109839 -0.254366 -0.9438134
vn 0.2109839 -0.254366 -0.9438134
vn 0.2109835 -0.2543643 -0.943814
vn 0.2109835 -0.2543643 -0.943814
vn 0.2109835 -0.2543643 -0.943814
vn 0.3622091 -0.3504 -0.8637271
vn 0.3622091 -0.3504 -0.8637271
vn 0.3622091 -0.3504 -0.8637271
vn 0.36221 -0.3504021 -0.8637258
vn 0.36221 -0.3504021 -0.8637258
vn 0.36221 -0.3504021 -0.8637258
vn 0.6917348 -0.5362262 -0.4836987
vn 0.6917348 -0.5362262 -0.4836987
vn 0.6917348 -0.5362262 -0.4836987
vn 0.6917354 -0.5362274 -0.4836964
vn 0.6917354 -0.5362274 -0.4836964
vn 0.6917354 -0.5362274 -0.4836964
vn 0.6586437 -0.3842724 0.6469338
vn 0.6586437 -0.3842724 0.6469338
vn 0.6586437 -0.3842724 0.6469338
vn 0.6586435 -0.3842723 0.646934
vn 0.6586435 -0.3842723 0.646934
vn 0.6586435 -0.3842723 0.646934
vn 0.3092653 -0.1073152 0.9449013
vn 0.3092653 -0.1073152 0.9449013
vn 0.3092653 -0.1073152 0.9449013
vn 0.3092633 -0.1073153 0.9449019
vn 0.3092633 -0.1073153 0.9449019
vn 0.3092633 -0.1073153 0.9449019
vn 0.1544434 0.005265948 0.9879876
vn 0.1544434 0.005265948 0.9879876
vn 0.1544434 0.005265948 0.9879876
vn 0.1544461 0.005267115 0.9879872
vn 0.1544461 0.005267115 0.9879872
vn 0.1544461 0.005267115 0.9879872
vn 0.06604159 0.06759828 0.9955245
vn 0.06604159 0.06759828 0.9955245
vn 0.06604159 0.06759828 0.9955245
vn 0.06604542 0.06760196 0.995524
vn 0.06604542 0.06760196 0.995524
vn 0.06604542 0.06760196 0.995524
vn 0.0006829079 0.1128334 0.9936137
vn 0.0006829079 0.1128334 0.9936137
vn 0.0006829079 0.1128334 0.9936137
vn 0.05244641 -0.1645319 -0.9849765
vn 0.05244641 -0.1645319 -0.9849765
vn 0.05244641 -0.1645319 -0.9849765
vn 0.1037421 -0.2326436 -0.9670132
vn 0.1037421 -0.2326436 -0.9670132
vn 0.1037421 -0.2326436 -0.9670132
vn 0.1037402 -0.2326507 -0.9670117
vn 0.1037402 -0.2326507 -0.9670117
vn 0.1037402 -0.2326507 -0.9670117
vn 0.1720342 -0.3221934 -0.9309112
vn 0.1720342 -0.3221934 -0.9309112
vn 0.1720342 -0.3221934 -0.9309112
vn 0.1720345 -0.3221838 -0.9309144
vn 0.1720345 -0.3221838 -0.9309144
vn 0.1720345 -0.3221838 -0.9309144
vn 0.2873723 -0.4700639 -0.8345401
vn 0.2873723 -0.4700639 -0.8345401
vn 0.2873723 -0.4700639 -0.8345401
vn 0.287373 -0.4700686 -0.8345371
vn 0.287373 -0.4700686 -0.8345371
vn 0.287373 -0.4700686 -0.8345371
vn 0.5165771 -0.743306 -0.4250227
vn 0.5165771 -0.743306 -0.4250227
vn 0.5165771 -0.743306 -0.4250227
vn 0.5165779 -0.7433108 -0.4250133
vn 0.5165779 -0.7433108 -0.4250133
vn 0.5165779 -0.7433108 -0.4250133
vn 0.4855486 -0.6008408 0.6350062
vn 0.4855486 -0.6008408 0.6350062
vn 0.4855486 -0.6008408 0.6350062
vn 0.4855571 -0.6008462 0.6349947
vn 0.4855571 -0.6008462 0.6349947
vn 0.4855571 -0.6008462 0.6349947
vn 0.2353139 -0.2310162 0.9440651
vn 0.2353139 -0.2310162 0.9440651
vn 0.2353139 -0.2310162 0.9440651
vn 0.2353094 -0.2310145 0.9440666
vn 0.2353094 -0.2310145 0.9440666
vn 0.2353094 -0.2310145 0.9440666
vn 0.115785 -0.06385385 0.9912198
vn 0.115785 -0.06385385 0.9912198
vn 0.115785 -0.06385385 0.9912198
vn 0.1157756 -0.06385393 0.9912208
vn 0.1157756 -0.06385393 0.9912208
vn 0.1157756 -0.06385393 0.9912208
vn 0.04621145 0.03151819 0.9984344
vn 0.04621145 0.03151819 0.9984344
vn 0.04621145 0.03151819 0.9984344
vn 0.04621481 0.03151965 0.9984341
vn 0.04621481 0.03151965 0.9984341
vn 0.04621481 0.03151965 0.9984341
vn -0.005494797 0.1015549 0.9948148
vn -0.005494797 0.1015549 0.9948148
vn -0.005494797 0.1015549 0.9948148
vn 0.04396472 -0.1726943 -0.9839938
vn 0.04396472 -0.1726943 -0.9839938
vn 0.04396472 -0.1726943 -0.9839938
vn 0.07655544 -0.2584485 -0.9629869
vn 0.07655544 -0.2584485 -0.9629869
vn 0.07655544 -0.2584485 -0.9629869
vn 0.07655592 -0.2584477 -0.9629871
vn 0.07655592 -0.2584477 -0.9629871
vn 0.07655592 -0.2584477 -0.9629871
vn 0.1194612 -0.370547 -0.9210994
vn 0.1194612 -0.370547 -0.9210994
vn 0.1194612 -0.370547 -0.9210994
vn 0.1194622 -0.3705437 -0.9211006
vn 0.1194622 -0.3705437 -0.9211006
vn 0.1194622 -0.3705437 -0.9211006
vn 0.1898711 -0.5522101 -0.8117962
vn 0.1898711 -0.5522101 -0.8117962
vn 0.1898711 -0.5522101 -0.8117962
vn 0.1898709 -0.5522121 -0.8117949
vn 0.1898709 -0.5522121 -0.8117949
vn 0.1898709 -0.5522121 -0.8117949
vn 0.3169505 -0.8671262 -0.3842326
vn 0.3169505 -0.8671262 -0.3842326
vn 0.3169505 -0.8671262 -0.3842326
vn 0.3169515 -0.8671211 -0.3842432
vn 0.3169515 -0.8671211 -0.3842432
vn 0.3169515 -0.8671211 -0.3842432
vn 0.2876544 -0.7325737 0.6169204
vn 0.2876544 -0.7325737 0.6169204
vn 0.2876544 -0.7325737 0.6169204
vn 0.2876461 -0.7325647 0.616935
vn 0.2876461 -0.7325647 0.616935
vn 0.2876461 -0.7325647 0.616935
vn 0.1386514 -0.317002 0.9382354
vn 0.1386514 -0.317002 0.9382354
vn 0.1386514 -0.317002 0.9382354
vn 0.1386519 -0.3170024 0.9382352
vn 0.1386519 -0.3170024 0.9382352
vn 0.1386519 -0.3170024 0.9382352
vn 0.06347749 -0.1134874 0.9915096
vn 0.06347749 -0.1134874 0.9915096
vn 0.06347749 -0.1134874 0.9915096
vn 0.06348509 -0.1134905 0.9915087
vn 0.06348509 -0.1134905 0.9915087
vn 0.06348509 -0.1134905 0.9915087
vn 0.01910183 0.005355665 0.9998032
vn 0.01910183 0.005355665 0.9998032
vn 0.01910183 0.005355665 0.9998032
vn 0.01910155 0.005355665 0.9998032
vn 0.01910155 0.005355665 0.9998032
vn 0.01910155 0.005355665 0.9998032
vn -0.01397614 0.09335015 0.9955353
vn -0.01397614 0.09335015 0.9955353
vn -0.01397614 0.09335015 0.9955353
vn 0.0340047 -0.1769891 -0.9836252
vn 0.0340047 -0.1769891 -0.9836252
vn 0.0340047 -0.1769891 -0.9836252
vn 0.0447868 -0.2719505 -0.9612685
vn 0.0447868 -0.2719505 -0.9612685
vn 0.0447868 -0.2719505 -0.9612685
vn 0.04477918 -0.2719576 -0.9612668
vn 0.04477918 -0.2719576 -0.9612668
vn 0.04477918 -0.2719576 -0.9612668
vn 0.05860275 -0.3956025 -0.9165503
vn 0.05860275 -0.3956025 -0.9165503
vn 0.05860275 -0.3956025 -0.9165503
vn 0.05860318 -0.3956018 -0.9165505
vn 0.05860318 -0.3956018 -0.9165505
vn 0.05860318 -0.3956018 -0.9165505
vn 0.08012273 -0.5935442 -0.8008031
vn 0.08012273 -0.5935442 -0.8008031
vn 0.08012273 -0.5935442 -0.8008031
vn 0.08011989 -0.5935515 -0.8007981
vn 0.08011989 -0.5935515 -0.8007981
vn 0.08011989 -0.5935515 -0.8007981
vn 0.1127164 -0.9236044 -0.3664015
vn 0.1127164 -0.9236044 -0.3664015
vn 0.1127164 -0.9236044 -0.3664015
vn 0.1127186 -0.9236001 -0.3664114
vn 0.1127186 -0.9236001 -0.3664114
vn 0.1127186 -0.9236001 -0.3664114
vn 0.08434591 -0.7933317 0.6029184
vn 0.08434591 -0.7933317 0.6029184
vn 0.08434591 -0.7933317 0.6029184
vn 0.08434325 -0.7933271 0.6029249
vn 0.08434325 -0.7933271 0.6029249
vn 0.08434325 -0.7933271 0.6029249
vn 0.02939089 -0.3606224 0.9322488
vn 0.02939089 -0.3606224 0.9322488
vn 0.02939089 -0.3606224 0.9322488
vn 0.02939428 -0.3606276 0.9322466
vn 0.02939428 -0.3606276 0.9322466
vn 0.02939428 -0.3606276 0.9322466
vn 0.002788064 -0.1393239 0.990243
vn 0.002788064 -0.1393239 0.990243
vn 0.002788064 -0.1393239 0.990243
vn 0.002788511 -0.1393243 0.990243
vn 0.002788511 -0.1393243 0.990243
vn 0.002788511 -0.1393243 0.990243
vn -0.01261672 -0.008371287 0.9998854
vn -0.01261672 -0.008371287 0.9998854
vn -0.01261672 -0.008371287 0.9998854
vn -0.01261896 -0.008370316 0.9998854
vn -0.01261896 -0.008370316 0.9998854
vn -0.01261896 -0.008370316 0.9998854
vn -0.02392312 0.08903705 0.995741
vn -0.02392312 0.08903705 0.995741
vn -0.02392312 0.08903705 0.995741
vn 0.02358297 -0.1769891 -0.9839302
vn 0.02358297 -0.1769891 -0.9839302
vn 0.02358297 -0.1769891 -0.9839302
vn 0.01150999 -0.2719548 -0.9622412
vn 0.01150999 -0.2719548 -0.9622412
vn 0.01150999 -0.2719548 -0.9622412
vn 0.01152018 -0.2719506 -0.9622423
vn 0.01152018 -0.2719506 -0.9622423
vn 0.01152018 -0.2719506 -0.9622423
vn -0.004894847 -0.3956001 -0.9184099
vn -0.004894847 -0.3956001 -0.9184099
vn -0.004894847 -0.3956001 -0.9184099
vn -0.004897662 -0.3956025 -0.9184089
vn -0.004897662 -0.3956025 -0.9184089
vn -0.004897662 -0.3956025 -0.9184089
vn -0.03314597 -0.5935463 -0.8041171
vn -0.03314597 -0.5935463 -0.8041171
vn -0.03314597 -0.5935463 -0.8041171
vn -0.03314451 -0.5935444 -0.8041185
vn -0.03314451 -0.5935444 -0.8041185
vn -0.03314451 -0.5935444 -0.8041185
vn -0.09109198 -0.9236014 -0.3723745
vn -0.09109198 -0.9236014 -0.3723745
vn -0.09109198 -0.9236014 -0.3723745
vn -0.0910947 -0.9236042 -0.3723669
vn -0.0910947 -0.9236042 -0.3723669
vn -0.0910947 -0.9236042 -0.3723669
vn -0.1194664 -0.7933244 0.5969625
vn -0.1194664 -0.7933244 0.5969625
vn -0.1194664 -0.7933244 0.5969625
vn -0.119464 -0.7933319 0.5969531
vn -0.119464 -0.7933319 0.5969531
vn -0.119464 -0.7933319 0.5969531
vn -0.08386728 -0.3606351 0.9289288
vn -0.08386728 -0.3606351 0.9289288
vn -0.08386728 -0.3606351 0.9289288
vn -0.08387158 -0.3606223 0.9289333
vn -0.08387158 -0.3606223 0.9289333
vn -0.08387158 -0.3606223 0.9289333
vn -0.06070491 -0.1393173 0.9883854
vn -0.06070491 -0.1393173 0.9883854
vn -0.06070491 -0.1393173 0.9883854
vn -0.0607011 -0.1393239 0.9883847
vn -0.0607011 -0.1393239 0.9883847
vn -0.0607011 -0.1393239 0.9883847
vn -0.04588573 -0.008374556 0.9989116
vn -0.04588573 -0.008374556 0.9989116
vn -0.04588573 -0.008374556 0.9989116
vn -0.04588911 -0.008371287 0.9989115
vn -0.04588911 -0.008371287 0.9989115
vn -0.04588911 -0.008371287 0.9989115
vn -0.03435592 0.08903705 0.9954357
vn -0.03435592 0.08903705 0.9954357
vn -0.03435592 0.08903705 0.9954357
vn 0.01365929 -0.1726933 -0.984881
vn 0.01365929 -0.1726933 -0.984881
vn 0.01365929 -0.1726933 -0.984881
vn -0.02009835 -0.2584482 -0.965816
vn -0.02009835 -0.2584482 -0.965816
vn -0.02009835 -0.2584482 -0.965816
vn -0.02010529 -0.2584481 -0.9658159
vn -0.02010529 -0.2584481 -0.9658159
vn -0.02010529 -0.2584481 -0.9658159
vn -0.06538031 -0.3705446 -0.9265108
vn -0.06538031 -0.3705446 -0.9265108
vn -0.06538031 -0.3705446 -0.9265108
vn -0.06538229 -0.3705453 -0.9265103
vn -0.06538229 -0.3705453 -0.9265103
vn -0.06538229 -0.3705453 -0.9265103
vn -0.1420665 -0.5522102 -0.8215114
vn -0.1420665 -0.5522102 -0.8215114
vn -0.1420665 -0.5522102 -0.8215114
vn -0.1420613 -0.5522065 -0.8215148
vn -0.1420613 -0.5522065 -0.8215148
vn -0.1420613 -0.5522065 -0.8215148
vn -0.2939328 -0.8671225 -0.402122
vn -0.2939328 -0.8671225 -0.402122
vn -0.2939328 -0.8671225 -0.402122
vn -0.2939382 -0.8671256 -0.4021112
vn -0.2939382 -0.8671256 -0.4021112
vn -0.2939382 -0.8671256 -0.4021112
vn -0.3232398 -0.7325702 0.5990467
vn -0.3232398 -0.7325702 0.5990467
vn -0.3232398 -0.7325702 0.5990467
vn -0.3232394 -0.7325738 0.5990426
vn -0.3232394 -0.7325738 0.5990426
vn -0.3232394 -0.7325738 0.5990426
vn -0.1932873 -0.3170049 0.9285192
vn -0.1932873 -0.3170049 0.9285192
vn -0.1932873 -0.3170049 0.9285192
vn -0.1932868 -0.3170099 0.9285176
vn -0.1932868 -0.3170099 0.9285176
vn -0.1932868 -0.3170099 0.9285176
vn -0.121361 -0.1134819 0.9861001
vn -0.121361 -0.1134819 0.9861001
vn -0.121361 -0.1134819 0.9861001
vn -0.1213611 -0.1134816 0.9861001
vn -0.1213611 -0.1134816 0.9861001
vn -0.1213611 -0.1134816 0.9861001
vn -0.07754587 0.005345853 0.9969745
vn -0.07754587 0.005345853 0.9969745
vn -0.07754587 0.005345853 0.9969745
vn -0.07754942 0.005352315 0.9969742
vn -0.07754942 0.005352315 0.9969742
vn -0.07754942 0.005352315 0.9969742
vn -0.0442716 0.09334917 0.9946487
vn -0.0442716 0.09334917 0.9946487
vn -0.0442716 0.09334917 0.9946487
vn 0.005256461 -0.1645376 -0.9863568
vn 0.005256461 -0.1645376 -0.9863568
vn 0.005256461 -0.1645376 -0.9863568
vn -0.04700476 -0.2326466 -0.9714248
vn -0.04700476 -0.2326466 -0.9714248
vn -0.04700476 -0.2326466 -0.9714248
vn -0.04699587 -0.2326505 -0.9714243
vn -0.04699587 -0.2326505 -0.9714243
vn -0.04699587 -0.2326505 -0.9714243
vn -0.1172898 -0.3221895 -0.9393812
vn -0.1172898 -0.3221895 -0.9393812
vn -0.1172898 -0.3221895 -0.9393812
vn -0.1172938 -0.3221893 -0.9393808
vn -0.1172938 -0.3221893 -0.9393808
vn -0.1172938 -0.3221893 -0.9393808
vn -0.2380743 -0.4700664 -0.8499166
vn -0.2380743 -0.4700664 -0.8499166
vn -0.2380743 -0.4700664 -0.8499166
vn -0.2380676 -0.4700646 -0.8499195
vn -0.2380676 -0.4700646 -0.8499195
vn -0.2380676 -0.4700646 -0.8499195
vn -0.4908358 -0.7433078 -0.4545039
vn -0.4908358 -0.7433078 -0.4545039
vn -0.4908358 -0.7433078 -0.4545039
vn -0.4908329 -0.7433071 -0.454508
vn -0.4908329 -0.7433071 -0.454508
vn -0.4908329 -0.7433071 -0.454508
vn -0.5218652 -0.6008508 0.6055039
vn -0.5218652 -0.6008508 0.6055039
vn -0.5218652 -0.6008508 0.6055039
vn -0.5218645 -0.6008435 0.6055118
vn -0.5218645 -0.6008435 0.6055118
vn -0.5218645 -0.6008435 0.6055118
vn -0.2901265 -0.2310055 0.9286889
vn -0.2901265 -0.2310055 0.9286889
vn -0.2901265 -0.2310055 0.9286889
vn -0.290128 -0.2310161 0.9286858
vn -0.290128 -0.2310161 0.9286858
vn -0.290128 -0.2310161 0.9286858
vn -0.1735531 -0.0638511 0.9827525
vn -0.1735531 -0.0638511 0.9827525
vn -0.1735531 -0.0638511 0.9827525
vn -0.1735532 -0.06384648 0.9827527
vn -0.1735532 -0.06384648 0.9827527
vn -0.1735532 -0.06384648 0.9827527
vn -0.1045346 0.03152124 0.9940216
vn -0.1045346 0.03152124 0.9940216
vn -0.1045346 0.03152124 0.9940216
vn -0.104532 0.03151105 0.9940222
vn -0.104532 0.03151105 0.9940222
vn -0.104532 0.03151105 0.9940222
vn -0.05270315 0.1015606 0.9934323
vn -0.05270315 0.1015606 0.9934323
vn -0.05270315 0.1015606 0.9934323
vn -0.0008484275 -0.1532654 -0.9881848
vn -0.0008484275 -0.1532654 -0.9881848
vn -0.0008484275 -0.1532654 -0.9881848
vn -0.06655362 -0.1969104 -0.97816
vn -0.06655362 -0.1969104 -0.97816
vn -0.06655362 -0.1969104 -0.97816
vn -0.06656341 -0.1969008 -0.9781612
vn -0.06656341 -0.1969008 -0.9781612
vn -0.06656341 -0.1969008 -0.9781612
vn -0.1554218 -0.2543649 -0.9545379
vn -0.1554218 -0.2543649 -0.9545379
vn -0.1554218 -0.2543649 -0.9545379
vn -0.1554218 -0.2543649 -0.9545379
vn -0.1554218 -0.2543649 -0.9545379
vn -0.1554218 -0.2543649 -0.9545379
vn -0.3110703 -0.3504012 -0.8834332
vn -0.3110703 -0.3504012 -0.8834332
vn -0.3110703 -0.3504012 -0.8834332
vn -0.311073 -0.3504009 -0.8834324
vn -0.311073 -0.3504009 -0.8834324
vn -0.311073 -0.3504009 -0.8834324
vn -0.6622528 -0.5362268 -0.5233375
vn -0.6622528 -0.5362268 -0.5233375
vn -0.6622528 -0.5362268 -0.5233375
vn -0.6622569 -0.5362264 -0.5233327
vn -0.6622569 -0.5362264 -0.5233327
vn -0.6622569 -0.5362264 -0.5233327
vn -0.6953544 -0.3842703 0.6073043
vn -0.6953544 -0.3842703 0.6073043
vn -0.6953544 -0.3842703 0.6073043
vn -0.6953564 -0.3842751 0.6072991
vn -0.6953564 -0.3842751 0.6072991
vn -0.6953564 -0.3842751 0.6072991
vn -0.3640017 -0.1073172 0.925195
vn -0.3640017 -0.1073172 0.925195
vn -0.3640017 -0.1073172 0.925195
vn -0.364 -0.1073132 0.9251962
vn -0.364 -0.1073132 0.9251962
vn -0.364 -0.1073132 0.9251962
vn -0.211965 0.005265697 0.9772632
vn -0.211965 0.005265697 0.9772632
vn -0.211965 0.005265697 0.9772632
vn -0.2119647 0.005267116 0.9772632
vn -0.2119647 0.005267116 0.9772632
vn -0.2119647 0.005267116 0.9772632
vn -0.1241583 0.06758751 0.9899579
vn -0.1241583 0.06758751 0.9899579
vn -0.1241583 0.06758751 0.9899579
vn -0.1241584 0.06760214 0.9899569
vn -0.1241584 0.06760214 0.9899569
vn -0.1241584 0.06760214 0.9899569
vn -0.05879345 0.1128269 0.9918737
vn -0.05879345 0.1128269 0.9918737
vn -0.05879345 0.1128269 0.9918737
vn -0.004018367 -0.1400476 -0.9901367
vn -0.004018367 -0.1400476 -0.9901367
vn -0.004018367 -0.1400476 -0.9901367
vn -0.07677272 -0.154667 -0.9849793
vn -0.07677272 -0.154667 -0.9849793
vn -0.07677272 -0.154667 -0.9849793
vn -0.07676863 -0.1546746 -0.9849784
vn -0.07676863 -0.1546746 -0.9849784
vn -0.07676863 -0.1546746 -0.9849784
vn -0.1755303 -0.1732723 -0.9691057
vn -0.1755303 -0.1732723 -0.9691057
vn -0.1755303 -0.1732723 -0.9691057
vn -0.1755275 -0.1732752 -0.9691057
vn -0.1755275 -0.1732752 -0.9691057
vn -0.1755275 -0.1732752 -0.9691057
vn -0.3507158 -0.2025411 -0.914317
vn -0.3507158 -0.2025411 -0.914317
vn -0.3507158 -0.2025411 -0.914317
vn -0.3507184 -0.2025396 -0.9143164
vn -0.3507184 -0.2025396 -0.9143164
vn -0.3507184 -0.2025396 -0.9143164
vn -0.7679284 -0.2452361 -0.5917307
vn -0.7679284 -0.2452361 -0.5917307
vn -0.7679284 -0.2452361 -0.5917307
vn -0.7679299 -0.2452354 -0.5917291
vn -0.7679299 -0.2452354 -0.5917291
vn -0.7679299 -0.2452354 -0.5917291
vn -0.8025374 -0.08637079 0.5903168
vn -0.8025374 -0.08637079 0.5903168
vn -0.8025374 -0.08637079 0.5903168
vn -0.8025354 -0.08636851 0.5903198
vn -0.8025354 -0.08636851 0.5903198
vn -0.8025354 -0.08636851 0.5903198
vn -0.4042119 0.04314189 0.9136474
vn -0.4042119 0.04314189 0.9136474
vn -0.4042119 0.04314189 0.9136474
vn -0.4042156 0.04313745 0.913646
vn -0.4042156 0.04313745 0.913646
vn -0.4042156 0.04313745 0.913646
vn -0.2322507 0.08717283 0.9687417
vn -0.2322507 0.08717283 0.9687417
vn -0.2322507 0.08717283 0.9687417
vn -0.2322493 0.0871757 0.9687418
vn -0.2322493 0.0871757 0.9687418
vn -0.2322493 0.0871757 0.9687418
vn -0.134426 0.1100807 0.9847903
vn -0.134426 0.1100807 0.9847903
vn -0.134426 0.1100807 0.9847903
vn -0.1344281 0.110072 0.984791
vn -0.1344281 0.110072 0.984791
vn -0.1344281 0.110072 0.984791
vn -0.06197909 0.1261122 0.9900779
vn -0.06197909 0.1261122 0.9900779
vn -0.06197909 0.1261122 0.9900779
vn -0.003963531 -0.1260973 -0.99201
vn -0.003963531 -0.1260973 -0.99201
vn -0.003963531 -0.1260973 -0.99201
vn -0.07659546 -0.1100739 -0.9909677
vn -0.07659546 -0.1100739 -0.9909677
vn -0.07659546 -0.1100739 -0.9909677
vn -0.07659743 -0.1100655 -0.9909684
vn -0.07659743 -0.1100655 -0.9909684
vn -0.07659743 -0.1100655 -0.9909684
vn -0.1751931 -0.08717214 -0.9806673
vn -0.1751931 -0.08717214 -0.9806673
vn -0.1751931 -0.08717214 -0.9806673
vn -0.1751923 -0.08717385 -0.9806673
vn -0.1751923 -0.08717385 -0.9806673
vn -0.1751923 -0.08717385 -0.9806673
vn -0.3500851 -0.04314097 -0.935724
vn -0.3500851 -0.04314097 -0.935724
vn -0.3500851 -0.04314097 -0.935724
vn -0.3500878 -0.04313787 -0.9357231
vn -0.3500878 -0.04313787 -0.9357231
vn -0.3500878 -0.04313787 -0.9357231
vn -0.7666311 0.08636939 -0.6362525
vn -0.7666311 0.08636939 -0.6362525
vn -0.7666311 0.08636939 -0.6362525
vn -0.7666274 0.08636557 -0.6362574
vn -0.7666274 0.08636557 -0.6362574
vn -0.7666274 0.08636557 -0.6362574
vn -0.801229 0.2452371 0.5457939
vn -0.801229 0.2452371 0.5457939
vn -0.801229 0.2452371 0.5457939
vn -0.8012348 0.2452341 0.5457867
vn -0.8012348 0.2452341 0.5457867
vn -0.8012348 0.2452341 0.5457867
vn -0.4035868 0.202542 0.8922413
vn -0.4035868 0.202542 0.8922413
vn -0.4035868 0.202542 0.8922413
vn -0.4035856 0.2025426 0.8922416
vn -0.4035856 0.2025426 0.8922416
vn -0.4035856 0.2025426 0.8922416
vn -0.2319114 0.1732774 0.9571792
vn -0.2319114 0.1732774 0.9571792
vn -0.2319114 0.1732774 0.9571792
vn -0.2319123 0.1732765 0.9571792
vn -0.2319123 0.1732765 0.9571792
vn -0.2319123 0.1732765 0.9571792
vn -0.1342544 0.1546616 0.9788032
vn -0.1342544 0.1546616 0.9788032
vn -0.1342544 0.1546616 0.9788032
vn -0.1342507 0.1546684 0.9788026
vn -0.1342507 0.1546684 0.9788026
vn -0.1342507 0.1546684 0.9788026
vn -0.06192438 0.1400333 0.9882085
vn -0.06192438 0.1400333 0.9882085
vn -0.06192438 0.1400333 0.9882085
vn -0.000687003 -0.1128473 -0.9936121
vn -0.000687003 -0.1128473 -0.9936121
vn -0.000687003 -0.1128473 -0.9936121
vn -0.06604647 -0.06760035 -0.995524
vn -0.06604647 -0.06760035 -0.995524
vn -0.06604647 -0.06760035 -0.995524
vn -0.06604654 -0.06761039 -0.9955234
vn -0.06604654 -0.06761039 -0.9955234
vn -0.06604654 -0.06761039 -0.9955234
vn -0.1544446 -0.005267864 -0.9879874
vn -0.1544446 -0.005267864 -0.9879874
vn -0.1544446 -0.005267864 -0.9879874
vn -0.1544453 -0.005264558 -0.9879873
vn -0.1544453 -0.005264558 -0.9879873
vn -0.1544453 -0.005264558 -0.9879873
vn -0.3092656 0.1073163 -0.9449011
vn -0.3092656 0.1073163 -0.9449011
vn -0.3092656 0.1073163 -0.9449011
vn -0.3092653 0.1073158 -0.9449012
vn -0.3092653 0.1073158 -0.9449012
vn -0.3092653 0.1073158 -0.9449012
vn -0.6586408 0.3842699 -0.6469382
vn -0.6586408 0.3842699 -0.6469382
vn -0.6586408 0.3842699 -0.6469382
vn -0.6586405 0.3842694 -0.6469389
vn -0.6586405 0.3842694 -0.6469389
vn -0.6586405 0.3842694 -0.6469389
vn -0.6917339 0.5362276 0.4836985
vn -0.6917339 0.5362276 0.4836985
vn -0.6917339 0.5362276 0.4836985
vn -0.6917359 0.5362274 0.4836958
vn -0.6917359 0.5362274 0.4836958
vn -0.6917359 0.5362274 0.4836958
vn -0.3622001 0.3503963 0.8637323
vn -0.3622001 0.3503963 0.8637323
vn -0.3622001 0.3503963 0.8637323
vn -0.362201 0.3503962 0.863732
vn -0.362201 0.3503962 0.863732
vn -0.362201 0.3503962 0.863732
vn -0.2109914 0.2543669 0.9438115
vn -0.2109914 0.2543669 0.9438115
vn -0.2109914 0.2543669 0.9438115
vn -0.2109876 0.2543687 0.9438118
vn -0.2109876 0.2543687 0.9438118
vn -0.2109876 0.2543687 0.9438118
vn -0.1236427 0.1969233 0.9725912
vn -0.1236427 0.1969233 0.9725912
vn -0.1236427 0.1969233 0.9725912
vn -0.1236548 0.1969115 0.9725921
vn -0.1236548 0.1969115 0.9725921
vn -0.1236548 0.1969115 0.9725921
vn -0.05863525 0.1532933 0.9864396
vn -0.05863525 0.1532933 0.9864396
vn -0.05863525 0.1532933 0.9864396
vn 0.005497792 -0.1015557 -0.9948147
vn 0.005497792 -0.1015557 -0.9948147
vn 0.005497792 -0.1015557 -0.9948147
vn -0.04621535 -0.03151602 -0.9984342
vn -0.04621535 -0.03151602 -0.9984342
vn -0.04621535 -0.03151602 -0.9984342
vn -0.04621455 -0.03151286 -0.9984344
vn -0.04621455 -0.03151286 -0.9984344
vn -0.04621455 -0.03151286 -0.9984344
vn -0.1157784 0.06384862 -0.9912208
vn -0.1157784 0.06384862 -0.9912208
vn -0.1157784 0.06384862 -0.9912208
vn -0.1157784 0.0638493 -0.9912208
vn -0.1157784 0.0638493 -0.9912208
vn -0.1157784 0.0638493 -0.9912208
vn -0.2353149 0.2310124 -0.9440657
vn -0.2353149 0.2310124 -0.9440657
vn -0.2353149 0.2310124 -0.9440657
vn -0.2353145 0.2310099 -0.9440665
vn -0.2353145 0.2310099 -0.9440665
vn -0.2353145 0.2310099 -0.9440665
vn -0.4855567 0.600851 -0.6349905
vn -0.4855567 0.600851 -0.6349905
vn -0.4855567 0.600851 -0.6349905
vn -0.4855547 0.6008394 -0.635003
vn -0.4855547 0.6008394 -0.635003
vn -0.4855547 0.6008394 -0.635003
vn -0.5165785 0.7433116 0.4250111
vn -0.5165785 0.7433116 0.4250111
vn -0.5165785 0.7433116 0.4250111
vn -0.5165773 0.7433113 0.4250131
vn -0.5165773 0.7433113 0.4250131
vn -0.5165773 0.7433113 0.4250131
vn -0.2873757 0.4700603 0.834541
vn -0.2873757 0.4700603 0.834541
vn -0.2873757 0.4700603 0.834541
vn -0.2873676 0.4700581 0.834545
vn -0.2873676 0.4700581 0.834545
vn -0.2873676 0.4700581 0.834545
vn -0.1720397 0.3221893 0.9309117
vn -0.1720397 0.3221893 0.9309117
vn -0.1720397 0.3221893 0.9309117
vn -0.1720399 0.3221892 0.9309116
vn -0.1720399 0.3221892 0.9309116
vn -0.1720399 0.3221892 0.9309116
vn -0.1037369 0.2326406 0.9670145
vn -0.1037369 0.2326406 0.9670145
vn -0.1037369 0.2326406 0.9670145
vn -0.1037399 0.2326392 0.9670145
vn -0.1037399 0.2326392 0.9670145
vn -0.1037399 0.2326392 0.9670145
vn -0.05245115 0.1645342 0.9849759
vn -0.05245115 0.1645342 0.9849759
vn -0.05245115 0.1645342 0.9849759
vn 0.01397589 -0.09335411 -0.9955349
vn 0.01397589 -0.09335411 -0.9955349
vn 0.01397589 -0.09335411 -0.9955349
vn -0.01910391 -0.0053521 -0.9998032
vn -0.01910391 -0.0053521 -0.9998032
vn -0.01910391 -0.0053521 -0.9998032
vn -0.01910353 -0.005351399 -0.9998032
vn -0.01910353 -0.005351399 -0.9998032
vn -0.01910353 -0.005351399 -0.9998032
vn -0.06347816 0.1134851 -0.9915098
vn -0.06347816 0.1134851 -0.9915098
vn -0.06347816 0.1134851 -0.9915098
vn -0.06347798 0.1134858 -0.9915097
vn -0.06347798 0.1134858 -0.9915097
vn -0.06347798 0.1134858 -0.9915097
vn -0.1386478 0.3170068 -0.9382343
vn -0.1386478 0.3170068 -0.9382343
vn -0.1386478 0.3170068 -0.9382343
vn -0.1386481 0.3170018 -0.9382359
vn -0.1386481 0.3170018 -0.9382359
vn -0.1386481 0.3170018 -0.9382359
vn -0.2876505 0.7325678 -0.6169291
vn -0.2876505 0.7325678 -0.6169291
vn -0.2876505 0.7325678 -0.6169291
vn -0.28765 0.732578 -0.6169173
vn -0.28765 0.732578 -0.6169173
vn -0.28765 0.732578 -0.6169173
vn -0.3169531 0.8671251 0.3842328
vn -0.3169531 0.8671251 0.3842328
vn -0.3169531 0.8671251 0.3842328
vn -0.3169545 0.867126 0.3842296
vn -0.3169545 0.867126 0.3842296
vn -0.3169545 0.867126 0.3842296
vn -0.1898706 0.5522103 0.8117962
vn -0.1898706 0.5522103 0.8117962
vn -0.1898706 0.5522103 0.8117962
vn -0.1898714 0.5522109 0.8117955
vn -0.1898714 0.5522109 0.8117955
vn -0.1898714 0.5522109 0.8117955
vn -0.1194505 0.370542 0.9211028
vn -0.1194505 0.370542 0.9211028
vn -0.1194505 0.370542 0.9211028
vn -0.1194609 0.3705458 0.9210998
vn -0.1194609 0.3705458 0.9210998
vn -0.1194609 0.3705458 0.9210998
vn -0.07655295 0.2584495 0.9629868
vn -0.07655295 0.2584495 0.9629868
vn -0.07655295 0.2584495 0.9629868
vn -0.07654541 0.2584496 0.9629873
vn -0.07654541 0.2584496 0.9629873
vn -0.07654541 0.2584496 0.9629873
vn -0.04396478 0.172701 0.9839926
vn -0.04396478 0.172701 0.9839926
vn -0.04396478 0.172701 0.9839926
vn 0.0239203 -0.0890421 -0.9957406
vn 0.0239203 -0.0890421 -0.9957406
vn 0.0239203 -0.0890421 -0.9957406
vn 0.01261294 0.008372055 -0.9998854
vn 0.01261294 0.008372055 -0.9998854
vn 0.01261294 0.008372055 -0.9998854
vn 0.0126132 0.008372305 -0.9998854
vn 0.0126132 0.008372305 -0.9998854
vn 0.0126132 0.008372305 -0.9998854
vn -0.002793203 0.1393205 -0.9902434
vn -0.002793203 0.1393205 -0.9902434
vn -0.002793203 0.1393205 -0.9902434
vn -0.002793474 0.13932 -0.9902435
vn -0.002793474 0.13932 -0.9902435
vn -0.002793474 0.13932 -0.9902435
vn -0.02939506 0.3606357 -0.9322435
vn -0.02939506 0.3606357 -0.9322435
vn -0.02939506 0.3606357 -0.9322435
vn -0.02939672 0.3606304 -0.9322454
vn -0.02939672 0.3606304 -0.9322454
vn -0.02939672 0.3606304 -0.9322454
vn -0.08434442 0.793317 -0.6029379
vn -0.08434442 0.793317 -0.6029379
vn -0.08434442 0.793317 -0.6029379
vn -0.0843438 0.7933194 -0.6029348
vn -0.0843438 0.7933194 -0.6029348
vn -0.0843438 0.7933194 -0.6029348
vn -0.112714 0.9236002 0.3664127
vn -0.112714 0.9236002 0.3664127
vn -0.112714 0.9236002 0.3664127
vn -0.1127145 0.9236009 0.3664109
vn -0.1127145 0.9236009 0.3664109
vn -0.1127145 0.9236009 0.3664109
vn -0.08011971 0.5935501 0.800799
vn -0.08011971 0.5935501 0.800799
vn -0.08011971 0.5935501 0.800799
vn -0.08012052 0.5935513 0.8007982
vn -0.08012052 0.5935513 0.8007982
vn -0.08012052 0.5935513 0.8007982
vn -0.05861077 0.3956008 0.9165505
vn -0.05861077 0.3956008 0.9165505
vn -0.05861077 0.3956008 0.9165505
vn -0.05860168 0.3955929 0.9165545
vn -0.05860168 0.3955929 0.9165545
vn -0.05860168 0.3955929 0.9165545
vn -0.04479134 0.2719496 0.9612685
vn -0.04479134 0.2719496 0.9612685
vn -0.04479134 0.2719496 0.9612685
vn -0.04479482 0.271951 0.9612679
vn -0.04479482 0.271951 0.9612679
vn -0.04479482 0.271951 0.9612679
vn -0.03401816 0.1769901 0.9836246
vn -0.03401816 0.1769901 0.9836246
vn -0.03401816 0.1769901 0.9836246
vn 0.005943276 -0.999336 -0.03594744
vn 0.005943276 -0.999336 -0.03594744
vn 0.005943276 -0.999336 -0.03594744
vn 0.01900129 -0.9931916 -0.1149323
vn 0.01900129 -0.9931916 -0.1149323
vn 0.01900129 -0.9931916 -0.1149323
vn 0.01900207 -0.9931915 -0.1149325
vn 0.01900207 -0.9931915 -0.1149325
vn 0.01900207 -0.9931915 -0.1149325
vn 0.03659157 -0.9745119 -0.2213318
vn 0.03659157 -0.9745119 -0.2213318
vn 0.03659157 -0.9745119 -0.2213318
vn 0.03659194 -0.9745118 -0.2213321
vn 0.03659194 -0.9745118 -0.2213321
vn 0.03659194 -0.9745118 -0.2213321
vn 0.06715315 -0.9113119 -0.4062032
vn 0.06715315 -0.9113119 -0.4062032
vn 0.06715315 -0.9113119 -0.4062032
vn 0.06715593 -0.9113101 -0.4062068
vn 0.06715593 -0.9113101 -0.4062068
vn 0.06715593 -0.9113101 -0.4062068
vn 0.1343724 -0.5668316 -0.8128012
vn 0.1343724 -0.5668316 -0.8128012
vn 0.1343724 -0.5668316 -0.8128012
vn 0.1343713 -0.5668344 -0.8127995
vn 0.1343713 -0.5668344 -0.8127995
vn 0.1343713 -0.5668344 -0.8127995
vn 0.1343726 0.5668228 -0.8128074
vn 0.1343726 0.5668228 -0.8128074
vn 0.1343726 0.5668228 -0.8128074
vn 0.1343731 0.5668257 -0.8128054
vn 0.1343731 0.5668257 -0.8128054
vn 0.1343731 0.5668257 -0.8128054
vn 0.0671552 0.9113121 -0.4062025
vn 0.0671552 0.9113121 -0.4062025
vn 0.0671552 0.9113121 -0.4062025
vn 0.06715377 0.9113103 -0.4062069
vn 0.06715377 0.9113103 -0.4062069
vn 0.06715377 0.9113103 -0.4062069
vn 0.0365909 0.9745132 -0.2213258
vn 0.0365909 0.9745132 -0.2213258
vn 0.0365909 0.9745132 -0.2213258
vn 0.03659064 0.9745131 -0.2213262
vn 0.03659064 0.9745131 -0.2213262
vn 0.03659064 0.9745131 -0.2213262
vn 0.01900033 0.9931917 -0.114932
vn 0.01900033 0.9931917 -0.114932
vn 0.01900033 0.9931917 -0.114932
vn 0.01900112 0.9931917 -0.1149313
vn 0.01900112 0.9931917 -0.1149313
vn 0.01900112 0.9931917 -0.1149313
vn 0.005942888 0.999336 -0.03594821
vn 0.005942888 0.999336 -0.03594821
vn 0.005942888 0.999336 -0.03594821
vn 0.01513482 -0.9993687 -0.03214388
vn 0.01513482 -0.9993687 -0.03214388
vn 0.01513482 -0.9993687 -0.03214388
vn 0.04840462 -0.9935234 -0.1028021
vn 0.04840462 -0.9935234 -0.1028021
vn 0.04840462 -0.9935234 -0.1028021
vn 0.048404 -0.9935234 -0.1028021
vn 0.048404 -0.9935234 -0.1028021
vn 0.048404 -0.9935234 -0.1028021
vn 0.09329953 -0.975721 -0.1981509
vn 0.09329953 -0.975721 -0.1981509
vn 0.09329953 -0.975721 -0.1981509
vn 0.09329986 -0.9757209 -0.198151
vn 0.09329986 -0.9757209 -0.198151
vn 0.09329986 -0.9757209 -0.198151
vn 0.1717368 -0.9151366 -0.3647349
vn 0.1717368 -0.9151366 -0.3647349
vn 0.1717368 -0.9151366 -0.3647349
vn 0.1717353 -0.9151374 -0.3647338
vn 0.1717353 -0.9151374 -0.3647338
vn 0.1717353 -0.9151374 -0.3647338
vn 0.34807 -0.5765347 -0.739226
vn 0.34807 -0.5765347 -0.739226
vn 0.34807 -0.5765347 -0.739226
vn 0.3480655 -0.5765425 -0.739222
vn 0.3480655 -0.5765425 -0.739222
vn 0.3480655 -0.5765425 -0.739222
vn 0.3480702 0.576538 -0.7392234
vn 0.3480702 0.576538 -0.7392234
vn 0.3480702 0.576538 -0.7392234
vn 0.3480703 0.5765337 -0.7392266
vn 0.3480703 0.5765337 -0.7392266
vn 0.3480703 0.5765337 -0.7392266
vn 0.1717376 0.9151349 -0.3647387
vn 0.1717376 0.9151349 -0.3647387
vn 0.1717376 0.9151349 -0.3647387
vn 0.1717378 0.9151373 -0.3647327
vn 0.1717378 0.9151373 -0.3647327
vn 0.1717378 0.9151373 -0.3647327
vn 0.09329722 0.9757223 -0.1981454
vn 0.09329722 0.9757223 -0.1981454
vn 0.09329722 0.9757223 -0.1981454
vn 0.09329712 0.9757223 -0.1981458
vn 0.09329712 0.9757223 -0.1981458
vn 0.09329712 0.9757223 -0.1981458
vn 0.04840397 0.9935235 -0.1028019
vn 0.04840397 0.9935235 -0.1028019
vn 0.04840397 0.9935235 -0.1028019
vn 0.04840426 0.9935235 -0.1028014
vn 0.04840426 0.9935235 -0.1028014
vn 0.04840426 0.9935235 -0.1028014
vn 0.01513508 0.9993687 -0.03214438
vn 0.01513508 0.9993687 -0.03214438
vn 0.01513508 0.9993687 -0.03214438
vn 0.02284663 -0.9994215 -0.02519361
vn 0.02284663 -0.9994215 -0.02519361
vn 0.02284663 -0.9994215 -0.02519361
vn 0.07310376 -0.9940611 -0.08061345
vn 0.07310376 -0.9940611 -0.08061345
vn 0.07310376 -0.9940611 -0.08061345
vn 0.0731037 -0.9940611 -0.08061347
vn 0.0731037 -0.9940611 -0.08061347
vn 0.0731037 -0.9940611 -0.08061347
vn 0.1411145 -0.9776871 -0.1556111
vn 0.1411145 -0.9776871 -0.1556111
vn 0.1411145 -0.9776871 -0.1556111
vn 0.1411148 -0.977687 -0.1556111
vn 0.1411148 -0.977687 -0.1556111
vn 0.1411148 -0.977687 -0.1556111
vn 0.2610106 -0.921429 -0.287823
vn 0.2610106 -0.921429 -0.287823
vn 0.2610106 -0.921429 -0.287823
vn 0.2610094 -0.9214295 -0.2878227
vn 0.2610094 -0.9214295 -0.2878227
vn 0.2610094 -0.9214295 -0.2878227
vn 0.5407161 -0.5933738 -0.5962665
vn 0.5407161 -0.5933738 -0.5962665
vn 0.5407161 -0.5933738 -0.5962665
vn 0.5407237 -0.5933635 -0.5962697
vn 0.5407237 -0.5933635 -0.5962697
vn 0.5407237 -0.5933635 -0.5962697
vn 0.5407206 0.5933651 -0.5962711
vn 0.5407206 0.5933651 -0.5962711
vn 0.5407206 0.5933651 -0.5962711
vn 0.5407208 0.5933645 -0.5962716
vn 0.5407208 0.5933645 -0.5962716
vn 0.5407208 0.5933645 -0.5962716
vn 0.2610102 0.9214289 -0.2878236
vn 0.2610102 0.9214289 -0.2878236
vn 0.2610102 0.9214289 -0.2878236
vn 0.2610107 0.9214283 -0.2878254
vn 0.2610107 0.9214283 -0.2878254
vn 0.2610107 0.9214283 -0.2878254
vn 0.1411108 0.9776883 -0.1556065
vn 0.1411108 0.9776883 -0.1556065
vn 0.1411108 0.9776883 -0.1556065
vn 0.1411108 0.9776882 -0.155607
vn 0.1411108 0.9776882 -0.155607
vn 0.1411108 0.9776882 -0.155607
vn 0.07310335 0.9940611 -0.08061305
vn 0.07310335 0.9940611 -0.08061305
vn 0.07310335 0.9940611 -0.08061305
vn 0.07310337 0.9940611 -0.08061293
vn 0.07310337 0.9940611 -0.08061293
vn 0.07310337 0.9940611 -0.08061293
vn 0.022847 0.9994215 -0.02519402
vn 0.022847 0.9994215 -0.02519402
vn 0.022847 0.9994215 -0.02519402
vn 0.02832248 -0.9994743 -0.01577662
vn 0.02832248 -0.9994743 -0.01577662
vn 0.02832248 -0.9994743 -0.01577662
vn 0.0906693 -0.9945996 -0.05050605
vn 0.0906693 -0.9945996 -0.05050605
vn 0.0906693 -0.9945996 -0.05050605
vn 0.09066933 -0.9945996 -0.05050603
vn 0.09066933 -0.9945996 -0.05050603
vn 0.09066933 -0.9945996 -0.05050603
vn 0.1752815 -0.9796649 -0.09763794
vn 0.1752815 -0.9796649 -0.09763794
vn 0.1752815 -0.9796649 -0.09763794
vn 0.1752813 -0.9796649 -0.09763802
vn 0.1752813 -0.9796649 -0.09763802
vn 0.1752813 -0.9796649 -0.09763802
vn 0.3258081 -0.9278533 -0.1814862
vn 0.3258081 -0.9278533 -0.1814862
vn 0.3258081 -0.9278533 -0.1814862
vn 0.3258077 -0.9278535 -0.1814863
vn 0.3258077 -0.9278535 -0.1814863
vn 0.3258077 -0.9278535 -0.1814863
vn 0.6910579 -0.6117661 -0.3849432
vn 0.6910579 -0.6117661 -0.3849432
vn 0.6910579 -0.6117661 -0.3849432
vn 0.6910588 -0.6117651 -0.3849433
vn 0.6910588 -0.6117651 -0.3849433
vn 0.6910588 -0.6117651 -0.3849433
vn 0.6910633 0.6117586 -0.3849454
vn 0.6910633 0.6117586 -0.3849454
vn 0.6910633 0.6117586 -0.3849454
vn 0.6910644 0.6117564 -0.3849468
vn 0.6910644 0.6117564 -0.3849468
vn 0.6910644 0.6117564 -0.3849468
vn 0.3258083 0.9278532 -0.1814866
vn 0.3258083 0.9278532 -0.1814866
vn 0.3258083 0.9278532 -0.1814866
vn 0.3258079 0.9278535 -0.1814859
vn 0.3258079 0.9278535 -0.1814859
vn 0.3258079 0.9278535 -0.1814859
vn 0.1752766 0.979666 -0.0976354
vn 0.1752766 0.979666 -0.0976354
vn 0.1752766 0.979666 -0.0976354
vn 0.1752766 0.9796661 -0.09763519
vn 0.1752766 0.9796661 -0.09763519
vn 0.1752766 0.9796661 -0.09763519
vn 0.0906688 0.9945996 -0.05050566
vn 0.0906688 0.9945996 -0.05050566
vn 0.0906688 0.9945996 -0.05050566
vn 0.09066881 0.9945996 -0.05050579
vn 0.09066881 0.9945996 -0.05050579
vn 0.09066881 0.9945996 -0.05050579
vn 0.02832295 0.9994743 -0.01577686
vn 0.02832295 0.9994743 -0.01577686
vn 0.02832295 0.9994743 -0.01577686
vn 0.03102582 -0.999507 -0.004813948
vn 0.03102582 -0.999507 -0.004813948
vn 0.03102582 -0.999507 -0.004813948
vn 0.09935343 -0.9949328 -0.01541572
vn 0.09935343 -0.9949328 -0.01541572
vn 0.09935343 -0.9949328 -0.01541572
vn 0.09935348 -0.9949328 -0.01541563
vn 0.09935348 -0.9949328 -0.01541563
vn 0.09935348 -0.9949328 -0.01541563
vn 0.1922462 -0.9808933 -0.02982901
vn 0.1922462 -0.9808933 -0.02982901
vn 0.1922462 -0.9808933 -0.02982901
vn 0.1922462 -0.9808933 -0.029829
vn 0.1922462 -0.9808933 -0.029829
vn 0.1922462 -0.9808933 -0.029829
vn 0.3584462 -0.9318922 -0.05561726
vn 0.3584462 -0.9318922 -0.05561726
vn 0.3584462 -0.9318922 -0.05561726
vn 0.358447 -0.9318919 -0.05561681
vn 0.358447 -0.9318919 -0.05561681
vn 0.358447 -0.9318919 -0.05561681
vn 0.772167 -0.6240222 -0.1198102
vn 0.772167 -0.6240222 -0.1198102
vn 0.772167 -0.6240222 -0.1198102
vn 0.7721651 -0.6240244 -0.1198107
vn 0.7721651 -0.6240244 -0.1198107
vn 0.7721651 -0.6240244 -0.1198107
vn 0.7721728 0.6240147 -0.1198119
vn 0.7721728 0.6240147 -0.1198119
vn 0.7721728 0.6240147 -0.1198119
vn 0.7721711 0.6240169 -0.1198108
vn 0.7721711 0.6240169 -0.1198108
vn 0.7721711 0.6240169 -0.1198108
vn 0.3584465 0.9318921 -0.05561671
vn 0.3584465 0.9318921 -0.05561671
vn 0.3584465 0.9318921 -0.05561671
vn 0.3584473 0.9318918 -0.05561742
vn 0.3584473 0.9318918 -0.05561742
vn 0.3584473 0.9318918 -0.05561742
vn 0.1922409 0.9808944 -0.02982819
vn 0.1922409 0.9808944 -0.02982819
vn 0.1922409 0.9808944 -0.02982819
vn 0.1922409 0.9808944 -0.02982819
vn 0.1922409 0.9808944 -0.02982819
vn 0.1922409 0.9808944 -0.02982819
vn 0.0993529 0.9949329 -0.01541568
vn 0.0993529 0.9949329 -0.01541568
vn 0.0993529 0.9949329 -0.01541568
vn 0.09935288 0.9949328 -0.01541563
vn 0.09935288 0.9949328 -0.01541563
vn 0.09935288 0.9949328 -0.01541563
vn 0.03102632 0.999507 -0.00481407
vn 0.03102632 0.999507 -0.00481407
vn 0.03102632 0.999507 -0.00481407
vn 0.03069116 -0.999507 0.00662035
vn 0.03069116 -0.999507 0.00662035
vn 0.03069116 -0.999507 0.00662035
vn 0.09828174 -0.9949328 0.0212001
vn 0.09828174 -0.9949328 0.0212001
vn 0.09828174 -0.9949328 0.0212001
vn 0.09828177 -0.9949328 0.02120023
vn 0.09828177 -0.9949328 0.02120023
vn 0.09828177 -0.9949328 0.02120023
vn 0.1901727 -0.9808933 0.04102169
vn 0.1901727 -0.9808933 0.04102169
vn 0.1901727 -0.9808933 0.04102169
vn 0.1901727 -0.9808933 0.04102165
vn 0.1901727 -0.9808933 0.04102165
vn 0.1901727 -0.9808933 0.04102165
vn 0.35458 -0.9318922 0.07648572
vn 0.35458 -0.9318922 0.07648572
vn 0.35458 -0.9318922 0.07648572
vn 0.3545799 -0.9318922 0.07648557
vn 0.3545799 -0.9318922 0.07648557
vn 0.3545799 -0.9318922 0.07648557
vn 0.7638378 -0.6240228 0.1647652
vn 0.7638378 -0.6240228 0.1647652
vn 0.7638378 -0.6240228 0.1647652
vn 0.7638389 -0.6240209 0.1647661
vn 0.7638389 -0.6240209 0.1647661
vn 0.7638389 -0.6240209 0.1647661
vn 0.7638444 0.6240141 0.1647668
vn 0.7638444 0.6240141 0.1647668
vn 0.7638444 0.6240141 0.1647668
vn 0.7638449 0.6240136 0.1647667
vn 0.7638449 0.6240136 0.1647667
vn 0.7638449 0.6240136 0.1647667
vn 0.35458 0.9318921 0.0764856
vn 0.35458 0.9318921 0.0764856
vn 0.35458 0.9318921 0.0764856
vn 0.3545802 0.9318921 0.07648555
vn 0.3545802 0.9318921 0.07648555
vn 0.3545802 0.9318921 0.07648555
vn 0.1901675 0.9808943 0.04102047
vn 0.1901675 0.9808943 0.04102047
vn 0.1901675 0.9808943 0.04102047
vn 0.1901674 0.9808943 0.04102055
vn 0.1901674 0.9808943 0.04102055
vn 0.1901674 0.9808943 0.04102055
vn 0.09828106 0.9949329 0.02120028
vn 0.09828106 0.9949329 0.02120028
vn 0.09828106 0.9949329 0.02120028
vn 0.09828124 0.9949328 0.02119996
vn 0.09828124 0.9949328 0.02119996
vn 0.09828124 0.9949328 0.02119996
vn 0.03069166 0.999507 0.006620515
vn 0.03069166 0.999507 0.006620515
vn 0.03069166 0.999507 0.006620515
vn 0.02735142 -0.9994744 0.01740591
vn 0.02735142 -0.9994744 0.01740591
vn 0.02735142 -0.9994744 0.01740591
vn 0.08756027 -0.9945996 0.05572233
vn 0.08756027 -0.9945996 0.05572233
vn 0.08756027 -0.9945996 0.05572233
vn 0.0875603 -0.9945996 0.05572167
vn 0.0875603 -0.9945996 0.05572167
vn 0.0875603 -0.9945996 0.05572167
vn 0.1692714 -0.9796649 0.1077217
vn 0.1692714 -0.9796649 0.1077217
vn 0.1692714 -0.9796649 0.1077217
vn 0.1692716 -0.9796647 0.1077225
vn 0.1692716 -0.9796647 0.1077225
vn 0.1692716 -0.9796647 0.1077225
vn 0.3146356 -0.9278538 0.2002293
vn 0.3146356 -0.9278538 0.2002293
vn 0.3146356 -0.9278538 0.2002293
vn 0.3146356 -0.9278539 0.2002292
vn 0.3146356 -0.9278539 0.2002292
vn 0.3146356 -0.9278539 0.2002292
vn 0.6673661 -0.6117598 0.4247029
vn 0.6673661 -0.6117598 0.4247029
vn 0.6673661 -0.6117598 0.4247029
vn 0.6673647 -0.6117629 0.4247007
vn 0.6673647 -0.6117629 0.4247007
vn 0.6673647 -0.6117629 0.4247007
vn 0.6673715 0.6117521 0.4247054
vn 0.6673715 0.6117521 0.4247054
vn 0.6673715 0.6117521 0.4247054
vn 0.6673698 0.6117541 0.4247052
vn 0.6673698 0.6117541 0.4247052
vn 0.6673698 0.6117541 0.4247052
vn 0.3146359 0.9278537 0.2002294
vn 0.3146359 0.9278537 0.2002294
vn 0.3146359 0.9278537 0.2002294
vn 0.3146355 0.9278538 0.2002294
vn 0.3146355 0.9278538 0.2002294
vn 0.3146355 0.9278538 0.2002294
vn 0.1692665 0.979666 0.1077192
vn 0.1692665 0.979666 0.1077192
vn 0.1692665 0.979666 0.1077192
vn 0.1692671 0.9796659 0.107719
vn 0.1692671 0.9796659 0.107719
vn 0.1692671 0.9796659 0.107719
vn 0.08756007 0.9945996 0.05572153
vn 0.08756007 0.9945996 0.05572153
vn 0.08756007 0.9945996 0.05572153
vn 0.0875596 0.9945996 0.05572191
vn 0.0875596 0.9945996 0.05572191
vn 0.0875596 0.9945996 0.05572191
vn 0.02735187 0.9994743 0.0174062
vn 0.02735187 0.9994743 0.0174062
vn 0.02735187 0.9994743 0.0174062
vn 0.0213341 -0.9994215 0.02648669
vn 0.0213341 -0.9994215 0.02648669
vn 0.0213341 -0.9994215 0.02648669
vn 0.06826381 -0.994061 0.08475113
vn 0.06826381 -0.994061 0.08475113
vn 0.06826381 -0.994061 0.08475113
vn 0.06826389 -0.9940611 0.08475092
vn 0.06826389 -0.9940611 0.08475092
vn 0.06826389 -0.9940611 0.08475092
vn 0.1317721 -0.9776871 0.1635972
vn 0.1317721 -0.9776871 0.1635972
vn 0.1317721 -0.9776871 0.1635972
vn 0.1317721 -0.9776869 0.1635981
vn 0.1317721 -0.9776869 0.1635981
vn 0.1317721 -0.9776869 0.1635981
vn 0.2437305 -0.9214284 0.3025976
vn 0.2437305 -0.9214284 0.3025976
vn 0.2437305 -0.9214284 0.3025976
vn 0.24373 -0.9214294 0.3025948
vn 0.24373 -0.9214294 0.3025948
vn 0.24373 -0.9214294 0.3025948
vn 0.5049204 -0.5933749 0.6268666
vn 0.5049204 -0.5933749 0.6268666
vn 0.5049204 -0.5933749 0.6268666
vn 0.5049223 -0.5933657 0.6268737
vn 0.5049223 -0.5933657 0.6268737
vn 0.5049223 -0.5933657 0.6268737
vn 0.5049223 0.5933661 0.6268733
vn 0.5049223 0.5933661 0.6268733
vn 0.5049223 0.5933661 0.6268733
vn 0.504928 0.5933583 0.6268761
vn 0.504928 0.5933583 0.6268761
vn 0.504928 0.5933583 0.6268761
vn 0.2437316 0.9214284 0.3025967
vn 0.2437316 0.9214284 0.3025967
vn 0.2437316 0.9214284 0.3025967
vn 0.2437294 0.9214292 0.302596
vn 0.2437294 0.9214292 0.302596
vn 0.2437294 0.9214292 0.302596
vn 0.1317681 0.9776883 0.1635932
vn 0.1317681 0.9776883 0.1635932
vn 0.1317681 0.9776883 0.1635932
vn 0.1317689 0.9776883 0.1635932
vn 0.1317689 0.9776883 0.1635932
vn 0.1317689 0.9776883 0.1635932
vn 0.06826369 0.9940611 0.08475049
vn 0.06826369 0.9940611 0.08475049
vn 0.06826369 0.9940611 0.08475049
vn 0.06826338 0.9940611 0.0847506
vn 0.06826338 0.9940611 0.0847506
vn 0.06826338 0.9940611 0.0847506
vn 0.02133447 0.9994215 0.02648709
vn 0.02133447 0.9994215 0.02648709
vn 0.02133447 0.9994215 0.02648709
vn 0.01322899 -0.9993687 0.03297407
vn 0.01322899 -0.9993687 0.03297407
vn 0.01322899 -0.9993687 0.03297407
vn 0.04230959 -0.9935235 0.1054566
vn 0.04230959 -0.9935235 0.1054566
vn 0.04230959 -0.9935235 0.1054566
vn 0.04230893 -0.9935234 0.1054576
vn 0.04230893 -0.9935234 0.1054576
vn 0.04230893 -0.9935234 0.1054576
vn 0.08155091 -0.9757209 0.2032689
vn 0.08155091 -0.9757209 0.2032689
vn 0.08155091 -0.9757209 0.2032689
vn 0.08155149 -0.9757212 0.2032671
vn 0.08155149 -0.9757212 0.2032671
vn 0.08155149 -0.9757212 0.2032671
vn 0.1501117 -0.9151365 0.3741547
vn 0.1501117 -0.9151365 0.3741547
vn 0.1501117 -0.9151365 0.3741547
vn 0.1501113 -0.9151351 0.3741584
vn 0.1501113 -0.9151351 0.3741584
vn 0.1501113 -0.9151351 0.3741584
vn 0.3042353 -0.5765448 0.7583119
vn 0.3042353 -0.5765448 0.7583119
vn 0.3042353 -0.5765448 0.7583119
vn 0.3042353 -0.5765481 0.7583094
vn 0.3042353 -0.5765481 0.7583094
vn 0.3042353 -0.5765481 0.7583094
vn 0.3042385 0.5765361 0.7583173
vn 0.3042385 0.5765361 0.7583173
vn 0.3042385 0.5765361 0.7583173
vn 0.3042368 0.5765393 0.7583156
vn 0.3042368 0.5765393 0.7583156
vn 0.3042368 0.5765393 0.7583156
vn 0.1501101 0.9151365 0.3741553
vn 0.1501101 0.9151365 0.3741553
vn 0.1501101 0.9151365 0.3741553
vn 0.1501127 0.9151352 0.3741574
vn 0.1501127 0.9151352 0.3741574
vn 0.1501127 0.9151352 0.3741574
vn 0.08154982 0.9757222 0.203263
vn 0.08154982 0.9757222 0.203263
vn 0.08154982 0.9757222 0.203263
vn 0.0815483 0.9757224 0.2032624
vn 0.0815483 0.9757224 0.2032624
vn 0.0815483 0.9757224 0.2032624
vn 0.0423085 0.9935235 0.1054564
vn 0.0423085 0.9935235 0.1054564
vn 0.0423085 0.9935235 0.1054564
vn 0.0423095 0.9935235 0.1054564
vn 0.0423095 0.9935235 0.1054564
vn 0.0423095 0.9935235 0.1054564
vn 0.01322921 0.9993687 0.03297459
vn 0.01322921 0.9993687 0.03297459
vn 0.01322921 0.9993687 0.03297459
vn 0.003830449 -0.9993361 0.03623366
vn 0.003830449 -0.9993361 0.03623366
vn 0.003830449 -0.9993361 0.03623366
vn 0.01224643 -0.9931916 0.115847
vn 0.01224643 -0.9931916 0.115847
vn 0.01224643 -0.9931916 0.115847
vn 0.01224677 -0.9931917 0.1158468
vn 0.01224677 -0.9931917 0.1158468
vn 0.01224677 -0.9931917 0.1158468
vn 0.0235847 -0.974512 0.2230921
vn 0.0235847 -0.974512 0.2230921
vn 0.0235847 -0.974512 0.2230921
vn 0.02358368 -0.9745117 0.2230936
vn 0.02358368 -0.9745117 0.2230936
vn 0.02358368 -0.9745117 0.2230936
vn 0.04328353 -0.9113101 0.4094391
vn 0.04328353 -0.9113101 0.4094391
vn 0.04328353 -0.9113101 0.4094391
vn 0.04328452 -0.9113113 0.4094365
vn 0.04328452 -0.9113113 0.4094365
vn 0.04328452 -0.9113113 0.4094365
vn 0.08660837 -0.5668356 0.8192658
vn 0.08660837 -0.5668356 0.8192658
vn 0.08660837 -0.5668356 0.8192658
vn 0.08660812 -0.5668344 0.8192666
vn 0.08660812 -0.5668344 0.8192666
vn 0.08660812 -0.5668344 0.8192666
vn 0.08660866 0.5668269 0.8192717
vn 0.08660866 0.5668269 0.8192717
vn 0.08660866 0.5668269 0.8192717
vn 0.08660908 0.5668258 0.8192725
vn 0.08660908 0.5668258 0.8192725
vn 0.08660908 0.5668258 0.8192725
vn 0.04328479 0.9113101 0.4094391
vn 0.04328479 0.9113101 0.4094391
vn 0.04328479 0.9113101 0.4094391
vn 0.0432833 0.9113111 0.4094369
vn 0.0432833 0.9113111 0.4094369
vn 0.0432833 0.9113111 0.4094369
vn 0.02358291 0.9745134 0.2230861
vn 0.02358291 0.9745134 0.2230861
vn 0.02358291 0.9745134 0.2230861
vn 0.02358418 0.9745132 0.2230872
vn 0.02358418 0.9745132 0.2230872
vn 0.02358418 0.9745132 0.2230872
vn 0.01224675 0.9931917 0.1158464
vn 0.01224675 0.9931917 0.1158464
vn 0.01224675 0.9931917 0.1158464
vn 0.01224636 0.9931917 0.1158463
vn 0.01224636 0.9931917 0.1158463
vn 0.01224636 0.9931917 0.1158463
vn 0.003830511 0.999336 0.03623423
vn 0.003830511 0.999336 0.03623423
vn 0.003830511 0.999336 0.03623423
vn -0.005942846 -0.999336 0.03594762
vn -0.005942846 -0.999336 0.03594762
vn -0.005942846 -0.999336 0.03594762
vn -0.01900066 -0.9931916 0.1149325
vn -0.01900066 -0.9931916 0.1149325
vn -0.01900066 -0.9931916 0.1149325
vn -0.0190006 -0.9931916 0.1149325
vn -0.0190006 -0.9931916 0.1149325
vn -0.0190006 -0.9931916 0.1149325
vn -0.03659144 -0.9745119 0.2213317
vn -0.03659144 -0.9745119 0.2213317
vn -0.03659144 -0.9745119 0.2213317
vn -0.03659045 -0.9745121 0.221331
vn -0.03659045 -0.9745121 0.221331
vn -0.03659045 -0.9745121 0.221331
vn -0.06715565 -0.9113102 0.4062067
vn -0.06715565 -0.9113102 0.4062067
vn -0.06715565 -0.9113102 0.4062067
vn -0.06715571 -0.9113101 0.4062068
vn -0.06715571 -0.9113101 0.4062068
vn -0.06715571 -0.9113101 0.4062068
vn -0.1343758 -0.5668334 0.8127995
vn -0.1343758 -0.5668334 0.8127995
vn -0.1343758 -0.5668334 0.8127995
vn -0.1343749 -0.5668356 0.8127981
vn -0.1343749 -0.5668356 0.8127981
vn -0.1343749 -0.5668356 0.8127981
vn -0.1343762 0.5668247 0.8128055
vn -0.1343762 0.5668247 0.8128055
vn -0.1343762 0.5668247 0.8128055
vn -0.1343765 0.5668268 0.812804
vn -0.1343765 0.5668268 0.812804
vn -0.1343765 0.5668268 0.812804
vn -0.0671557 0.9113102 0.4062067
vn -0.0671557 0.9113102 0.4062067
vn -0.0671557 0.9113102 0.4062067
vn -0.06715567 0.9113101 0.4062068
vn -0.06715567 0.9113101 0.4062068
vn -0.06715567 0.9113101 0.4062068
vn -0.03658965 0.9745132 0.2213261
vn -0.03658965 0.9745132 0.2213261
vn -0.03658965 0.9745132 0.2213261
vn -0.03659033 0.9745134 0.221325
vn -0.03659033 0.9745134 0.221325
vn -0.03659033 0.9745134 0.221325
vn -0.0190005 0.9931917 0.1149319
vn -0.0190005 0.9931917 0.1149319
vn -0.0190005 0.9931917 0.1149319
vn -0.01900055 0.9931917 0.1149319
vn -0.01900055 0.9931917 0.1149319
vn -0.01900055 0.9931917 0.1149319
vn -0.005942944 0.999336 0.03594819
vn -0.005942944 0.999336 0.03594819
vn -0.005942944 0.999336 0.03594819
vn -0.01513483 -0.9993687 0.03214388
vn -0.01513483 -0.9993687 0.03214388
vn -0.01513483 -0.9993687 0.03214388
vn -0.04840451 -0.9935234 0.1028021
vn -0.04840451 -0.9935234 0.1028021
vn -0.04840451 -0.9935234 0.1028021
vn -0.04840403 -0.9935234 0.1028021
vn -0.04840403 -0.9935234 0.1028021
vn -0.04840403 -0.9935234 0.1028021
vn -0.09329949 -0.975721 0.1981509
vn -0.09329949 -0.975721 0.1981509
vn -0.09329949 -0.975721 0.1981509
vn -0.09329964 -0.975721 0.1981509
vn -0.09329964 -0.975721 0.1981509
vn -0.09329964 -0.975721 0.1981509
vn -0.1717383 -0.9151349 0.3647383
vn -0.1717383 -0.9151349 0.3647383
vn -0.1717383 -0.9151349 0.3647383
vn -0.1717368 -0.9151356 0.3647373
vn -0.1717368 -0.9151356 0.3647373
vn -0.1717368 -0.9151356 0.3647373
vn -0.3480646 -0.5765443 0.739221
vn -0.3480646 -0.5765443 0.739221
vn -0.3480646 -0.5765443 0.739221
vn -0.3480649 -0.5765438 0.7392213
vn -0.3480649 -0.5765438 0.7392213
vn -0.3480649 -0.5765438 0.7392213
vn -0.3480674 0.5765361 0.7392262
vn -0.3480674 0.5765361 0.7392262
vn -0.3480674 0.5765361 0.7392262
vn -0.3480674 0.576535 0.7392269
vn -0.3480674 0.576535 0.7392269
vn -0.3480674 0.576535 0.7392269
vn -0.1717376 0.9151348 0.364739
vn -0.1717376 0.9151348 0.364739
vn -0.1717376 0.9151348 0.364739
vn -0.1717377 0.9151356 0.3647369
vn -0.1717377 0.9151356 0.3647369
vn -0.1717377 0.9151356 0.3647369
vn -0.09329709 0.9757223 0.1981454
vn -0.09329709 0.9757223 0.1981454
vn -0.09329709 0.9757223 0.1981454
vn -0.09329703 0.9757223 0.1981457
vn -0.09329703 0.9757223 0.1981457
vn -0.09329703 0.9757223 0.1981457
vn -0.04840474 0.9935236 0.1028005
vn -0.04840474 0.9935236 0.1028005
vn -0.04840474 0.9935236 0.1028005
vn -0.0484042 0.9935235 0.1028014
vn -0.0484042 0.9935235 0.1028014
vn -0.0484042 0.9935235 0.1028014
vn -0.01513547 0.9993687 0.03214423
vn -0.01513547 0.9993687 0.03214423
vn -0.01513547 0.9993687 0.03214423
vn -0.02284661 -0.9994215 0.02519363
vn -0.02284661 -0.9994215 0.02519363
vn -0.02284661 -0.9994215 0.02519363
vn -0.07310379 -0.9940611 0.08061338
vn -0.07310379 -0.9940611 0.08061338
vn -0.07310379 -0.9940611 0.08061338
vn -0.07310361 -0.9940611 0.08061347
vn -0.07310361 -0.9940611 0.08061347
vn -0.07310361 -0.9940611 0.08061347
vn -0.1411145 -0.977687 0.155611
vn -0.1411145 -0.977687 0.155611
vn -0.1411145 -0.977687 0.155611
vn -0.1411149 -0.977687 0.155611
vn -0.1411149 -0.977687 0.155611
vn -0.1411149 -0.977687 0.155611
vn -0.2610095 -0.9214289 0.2878242
vn -0.2610095 -0.9214289 0.2878242
vn -0.2610095 -0.9214289 0.2878242
vn -0.2610114 -0.9214283 0.2878247
vn -0.2610114 -0.9214283 0.2878247
vn -0.2610114 -0.9214283 0.2878247
vn -0.5407205 -0.5933672 0.596269
vn -0.5407205 -0.5933672 0.596269
vn -0.5407205 -0.5933672 0.596269
vn -0.5407175 -0.5933713 0.5962677
vn -0.5407175 -0.5933713 0.5962677
vn -0.5407175 -0.5933713 0.5962677
vn -0.5407235 0.5933592 0.5962743
vn -0.5407235 0.5933592 0.5962743
vn -0.5407235 0.5933592 0.5962743
vn -0.5407225 0.5933633 0.5962712
vn -0.5407225 0.5933633 0.5962712
vn -0.5407225 0.5933633 0.5962712
vn -0.2610103 0.921429 0.2878234
vn -0.2610103 0.921429 0.2878234
vn -0.2610103 0.921429 0.2878234
vn -0.2610108 0.9214282 0.2878255
vn -0.2610108 0.9214282 0.2878255
vn -0.2610108 0.9214282 0.2878255
vn -0.1411108 0.9776883 0.1556067
vn -0.1411108 0.9776883 0.1556067
vn -0.1411108 0.9776883 0.1556067
vn -0.1411108 0.9776883 0.1556069
vn -0.1411108 0.9776883 0.1556069
vn -0.1411108 0.9776883 0.1556069
vn -0.07310271 0.9940611 0.08061398
vn -0.07310271 0.9940611 0.08061398
vn -0.07310271 0.9940611 0.08061398
vn -0.07310304 0.9940612 0.08061266
vn -0.07310304 0.9940612 0.08061266
vn -0.07310304 0.9940612 0.08061266
vn -0.02284683 0.9994215 0.02519433
vn -0.02284683 0.9994215 0.02519433
vn -0.02284683 0.9994215 0.02519433
vn -0.02832249 -0.9994743 0.0157766
vn -0.02832249 -0.9994743 0.0157766
vn -0.02832249 -0.9994743 0.0157766
vn -0.09066941 -0.9945996 0.05050594
vn -0.09066941 -0.9945996 0.05050594
vn -0.09066941 -0.9945996 0.05050594
vn -0.0906694 -0.9945996 0.05050595
vn -0.0906694 -0.9945996 0.05050595
vn -0.0906694 -0.9945996 0.05050595
vn -0.1752814 -0.9796649 0.09763769
vn -0.1752814 -0.9796649 0.09763769
vn -0.1752814 -0.9796649 0.09763769
vn -0.1752814 -0.9796649 0.09763771
vn -0.1752814 -0.9796649 0.09763771
vn -0.1752814 -0.9796649 0.09763771
vn -0.3258079 -0.9278535 0.1814859
vn -0.3258079 -0.9278535 0.1814859
vn -0.3258079 -0.9278535 0.1814859
vn -0.3258077 -0.9278536 0.1814859
vn -0.3258077 -0.9278536 0.1814859
vn -0.3258077 -0.9278536 0.1814859
vn -0.6910628 -0.6117597 0.3849446
vn -0.6910628 -0.6117597 0.3849446
vn -0.6910628 -0.6117597 0.3849446
vn -0.6910618 -0.6117609 0.3849446
vn -0.6910618 -0.6117609 0.3849446
vn -0.6910618 -0.6117609 0.3849446
vn -0.6910684 0.6117508 0.3849486
vn -0.6910684 0.6117508 0.3849486
vn -0.6910684 0.6117508 0.3849486
vn -0.6910672 0.6117532 0.384947
vn -0.6910672 0.6117532 0.384947
vn -0.6910672 0.6117532 0.384947
vn -0.3258079 0.9278535 0.181486
vn -0.3258079 0.9278535 0.181486
vn -0.3258079 0.9278535 0.181486
vn -0.3258079 0.9278535 0.1814861
vn -0.3258079 0.9278535 0.1814861
vn -0.3258079 0.9278535 0.1814861
vn -0.1752767 0.979666 0.09763509
vn -0.1752767 0.979666 0.09763509
vn -0.1752767 0.979666 0.09763509
vn -0.1752767 0.979666 0.09763506
vn -0.1752767 0.979666 0.09763506
vn -0.1752767 0.979666 0.09763506
vn -0.09066883 0.9945996 0.05050564
vn -0.09066883 0.9945996 0.05050564
vn -0.09066883 0.9945996 0.05050564
vn -0.09066883 0.9945996 0.05050563
vn -0.09066883 0.9945996 0.05050563
vn -0.09066883 0.9945996 0.05050563
vn -0.02832297 0.9994743 0.01577685
vn -0.02832297 0.9994743 0.01577685
vn -0.02832297 0.9994743 0.01577685
vn -0.03102581 -0.999507 0.00481399
vn -0.03102581 -0.999507 0.00481399
vn -0.03102581 -0.999507 0.00481399
vn -0.09935347 -0.9949328 0.01541588
vn -0.09935347 -0.9949328 0.01541588
vn -0.09935347 -0.9949328 0.01541588
vn -0.09935353 -0.9949328 0.01541577
vn -0.09935353 -0.9949328 0.01541577
vn -0.09935353 -0.9949328 0.01541577
vn -0.192246 -0.9808933 0.02982932
vn -0.192246 -0.9808933 0.02982932
vn -0.192246 -0.9808933 0.02982932
vn -0.1922461 -0.9808933 0.02982929
vn -0.1922461 -0.9808933 0.02982929
vn -0.1922461 -0.9808933 0.02982929
vn -0.3584467 -0.931892 0.05561731
vn -0.3584467 -0.931892 0.05561731
vn -0.3584467 -0.931892 0.05561731
vn -0.3584466 -0.931892 0.05561738
vn -0.3584466 -0.931892 0.05561738
vn -0.3584466 -0.931892 0.05561738
vn -0.7721664 -0.6240227 0.1198113
vn -0.7721664 -0.6240227 0.1198113
vn -0.7721664 -0.6240227 0.1198113
vn -0.7721674 -0.6240215 0.119811
vn -0.7721674 -0.6240215 0.119811
vn -0.7721674 -0.6240215 0.119811
vn -0.7721728 0.6240147 0.1198116
vn -0.7721728 0.6240147 0.1198116
vn -0.7721728 0.6240147 0.1198116
vn -0.7721741 0.624013 0.1198125
vn -0.7721741 0.624013 0.1198125
vn -0.7721741 0.624013 0.1198125
vn -0.3584469 0.9318919 0.05561742
vn -0.3584469 0.9318919 0.05561742
vn -0.3584469 0.9318919 0.05561742
vn -0.3584466 0.9318921 0.05561718
vn -0.3584466 0.9318921 0.05561718
vn -0.3584466 0.9318921 0.05561718
vn -0.1922408 0.9808944 0.02982847
vn -0.1922408 0.9808944 0.02982847
vn -0.1922408 0.9808944 0.02982847
vn -0.1922408 0.9808944 0.02982852
vn -0.1922408 0.9808944 0.02982852
vn -0.1922408 0.9808944 0.02982852
vn -0.09935283 0.9949328 0.01541567
vn -0.09935283 0.9949328 0.01541567
vn -0.09935283 0.9949328 0.01541567
vn -0.09935288 0.9949329 0.0154158
vn -0.09935288 0.9949329 0.0154158
vn -0.09935288 0.9949329 0.0154158
vn -0.03102634 0.999507 0.004814072
vn -0.03102634 0.999507 0.004814072
vn -0.03102634 0.999507 0.004814072
vn -0.03069115 -0.999507 -0.006620265
vn -0.03069115 -0.999507 -0.006620265
vn -0.03069115 -0.999507 -0.006620265
vn -0.09828185 -0.9949328 -0.02120007
vn -0.09828185 -0.9949328 -0.02120007
vn -0.09828185 -0.9949328 -0.02120007
vn -0.09828184 -0.9949328 -0.02119998
vn -0.09828184 -0.9949328 -0.02119998
vn -0.09828184 -0.9949328 -0.02119998
vn -0.1901725 -0.9808933 -0.04102159
vn -0.1901725 -0.9808933 -0.04102159
vn -0.1901725 -0.9808933 -0.04102159
vn -0.1901725 -0.9808933 -0.04102152
vn -0.1901725 -0.9808933 -0.04102152
vn -0.1901725 -0.9808933 -0.04102152
vn -0.3545803 -0.9318921 -0.07648551
vn -0.3545803 -0.9318921 -0.07648551
vn -0.3545803 -0.9318921 -0.07648551
vn -0.3545803 -0.9318921 -0.07648554
vn -0.3545803 -0.9318921 -0.07648554
vn -0.3545803 -0.9318921 -0.07648554
vn -0.7638385 -0.6240219 -0.1647653
vn -0.7638385 -0.6240219 -0.1647653
vn -0.7638385 -0.6240219 -0.1647653
vn -0.7638386 -0.6240215 -0.1647655
vn -0.7638386 -0.6240215 -0.1647655
vn -0.7638386 -0.6240215 -0.1647655
vn -0.7638451 0.6240133 -0.1647667
vn -0.7638451 0.6240133 -0.1647667
vn -0.7638451 0.6240133 -0.1647667
vn -0.763845 0.6240135 -0.1647667
vn -0.763845 0.6240135 -0.1647667
vn -0.763845 0.6240135 -0.1647667
vn -0.3545803 0.9318921 -0.07648555
vn -0.3545803 0.9318921 -0.07648555
vn -0.3545803 0.9318921 -0.07648555
vn -0.3545804 0.931892 -0.07648545
vn -0.3545804 0.931892 -0.07648545
vn -0.3545804 0.931892 -0.07648545
vn -0.1901674 0.9808943 -0.04102043
vn -0.1901674 0.9808943 -0.04102043
vn -0.1901674 0.9808943 -0.04102043
vn -0.1901673 0.9808944 -0.04102048
vn -0.1901673 0.9808944 -0.04102048
vn -0.1901673 0.9808944 -0.04102048
vn -0.09828127 0.9949328 -0.02119984
vn -0.09828127 0.9949328 -0.02119984
vn -0.09828127 0.9949328 -0.02119984
vn -0.0982812 0.9949329 -0.02119993
vn -0.0982812 0.9949329 -0.02119993
vn -0.0982812 0.9949329 -0.02119993
vn -0.03069167 0.999507 -0.006620368
vn -0.03069167 0.999507 -0.006620368
vn -0.03069167 0.999507 -0.006620368
vn -0.02735127 -0.9994743 -0.01740614
vn -0.02735127 -0.9994743 -0.01740614
vn -0.02735127 -0.9994743 -0.01740614
vn -0.08756028 -0.9945996 -0.05572198
vn -0.08756028 -0.9945996 -0.05572198
vn -0.08756028 -0.9945996 -0.05572198
vn -0.08756026 -0.9945995 -0.05572267
vn -0.08756026 -0.9945995 -0.05572267
vn -0.08756026 -0.9945995 -0.05572267
vn -0.1692715 -0.9796647 -0.1077226
vn -0.1692715 -0.9796647 -0.1077226
vn -0.1692715 -0.9796647 -0.1077226
vn -0.1692713 -0.9796649 -0.1077216
vn -0.1692713 -0.9796649 -0.1077216
vn -0.1692713 -0.9796649 -0.1077216
vn -0.3146352 -0.9278537 -0.2002305
vn -0.3146352 -0.9278537 -0.2002305
vn -0.3146352 -0.9278537 -0.2002305
vn -0.3146352 -0.9278537 -0.2002305
vn -0.3146352 -0.9278537 -0.2002305
vn -0.3146352 -0.9278537 -0.2002305
vn -0.6673626 -0.6117651 -0.4247007
vn -0.6673626 -0.6117651 -0.4247007
vn -0.6673626 -0.6117651 -0.4247007
vn -0.6673644 -0.6117613 -0.4247035
vn -0.6673644 -0.6117613 -0.4247035
vn -0.6673644 -0.6117613 -0.4247035
vn -0.667367 0.611757 -0.4247054
vn -0.667367 0.611757 -0.4247054
vn -0.667367 0.611757 -0.4247054
vn -0.6673706 0.6117528 -0.4247059
vn -0.6673706 0.6117528 -0.4247059
vn -0.6673706 0.6117528 -0.4247059
vn -0.3146353 0.9278536 -0.2002306
vn -0.3146353 0.9278536 -0.2002306
vn -0.3146353 0.9278536 -0.2002306
vn -0.3146352 0.9278536 -0.2002306
vn -0.3146352 0.9278536 -0.2002306
vn -0.3146352 0.9278536 -0.2002306
vn -0.1692674 0.9796659 -0.1077191
vn -0.1692674 0.9796659 -0.1077191
vn -0.1692674 0.9796659 -0.1077191
vn -0.1692665 0.979666 -0.1077194
vn -0.1692665 0.979666 -0.1077194
vn -0.1692665 0.979666 -0.1077194
vn -0.0875594 0.9945997 -0.05572212
vn -0.0875594 0.9945997 -0.05572212
vn -0.0875594 0.9945997 -0.05572212
vn -0.0875599 0.9945996 -0.05572173
vn -0.0875599 0.9945996 -0.05572173
vn -0.0875599 0.9945996 -0.05572173
vn -0.02735173 0.9994743 -0.01740643
vn -0.02735173 0.9994743 -0.01740643
vn -0.02735173 0.9994743 -0.01740643
vn -0.0213341 -0.9994215 -0.02648669
vn -0.0213341 -0.9994215 -0.02648669
vn -0.0213341 -0.9994215 -0.02648669
vn -0.06826359 -0.9940611 -0.08475085
vn -0.06826359 -0.9940611 -0.08475085
vn -0.06826359 -0.9940611 -0.08475085
vn -0.06826366 -0.9940611 -0.08475065
vn -0.06826366 -0.9940611 -0.08475065
vn -0.06826366 -0.9940611 -0.08475065
vn -0.1317727 -0.9776869 -0.1635982
vn -0.1317727 -0.9776869 -0.1635982
vn -0.1317727 -0.9776869 -0.1635982
vn -0.1317727 -0.9776868 -0.1635989
vn -0.1317727 -0.9776868 -0.1635989
vn -0.1317727 -0.9776868 -0.1635989
vn -0.2437298 -0.9214296 -0.3025943
vn -0.2437298 -0.9214296 -0.3025943
vn -0.2437298 -0.9214296 -0.3025943
vn -0.24373 -0.9214292 -0.3025952
vn -0.24373 -0.9214292 -0.3025952
vn -0.24373 -0.9214292 -0.3025952
vn -0.5049227 -0.593365 -0.626874
vn -0.5049227 -0.593365 -0.626874
vn -0.5049227 -0.593365 -0.626874
vn -0.5049207 -0.5933744 -0.6268668
vn -0.5049207 -0.5933744 -0.6268668
vn -0.5049207 -0.5933744 -0.6268668
vn -0.5049291 0.5933563 -0.6268771
vn -0.5049291 0.5933563 -0.6268771
vn -0.5049291 0.5933563 -0.6268771
vn -0.5049224 0.5933657 -0.6268737
vn -0.5049224 0.5933657 -0.6268737
vn -0.5049224 0.5933657 -0.6268737
vn -0.2437295 0.9214296 -0.3025946
vn -0.2437295 0.9214296 -0.3025946
vn -0.2437295 0.9214296 -0.3025946
vn -0.2437304 0.9214293 -0.3025949
vn -0.2437304 0.9214293 -0.3025949
vn -0.2437304 0.9214293 -0.3025949
vn -0.1317688 0.9776881 -0.1635941
vn -0.1317688 0.9776881 -0.1635941
vn -0.1317688 0.9776881 -0.1635941
vn -0.1317694 0.977688 -0.1635941
vn -0.1317694 0.977688 -0.1635941
vn -0.1317694 0.977688 -0.1635941
vn -0.0682634 0.9940611 -0.0847502
vn -0.0682634 0.9940611 -0.0847502
vn -0.0682634 0.9940611 -0.0847502
vn -0.06826315 0.9940612 -0.08475029
vn -0.06826315 0.9940612 -0.08475029
vn -0.06826315 0.9940612 -0.08475029
vn -0.02133447 0.9994215 -0.02648711
vn -0.02133447 0.9994215 -0.02648711
vn -0.02133447 0.9994215 -0.02648711
vn -0.01322934 -0.9993687 -0.03297379
vn -0.01322934 -0.9993687 -0.03297379
vn -0.01322934 -0.9993687 -0.03297379
vn -0.04230911 -0.9935234 -0.1054575
vn -0.04230911 -0.9935234 -0.1054575
vn -0.04230911 -0.9935234 -0.1054575
vn -0.04230988 -0.9935235 -0.1054563
vn -0.04230988 -0.9935235 -0.1054563
vn -0.04230988 -0.9935235 -0.1054563
vn -0.08155167 -0.9757212 -0.2032669
vn -0.08155167 -0.9757212 -0.2032669
vn -0.08155167 -0.9757212 -0.2032669
vn -0.08155084 -0.9757208 -0.2032693
vn -0.08155084 -0.9757208 -0.2032693
vn -0.08155084 -0.9757208 -0.2032693
vn -0.1501116 -0.9151349 -0.3741585
vn -0.1501116 -0.9151349 -0.3741585
vn -0.1501116 -0.9151349 -0.3741585
vn -0.1501121 -0.9151369 -0.3741535
vn -0.1501121 -0.9151369 -0.3741535
vn -0.1501121 -0.9151369 -0.3741535
vn -0.304236 -0.576544 -0.7583123
vn -0.304236 -0.576544 -0.7583123
vn -0.304236 -0.576544 -0.7583123
vn -0.3042358 -0.5765359 -0.7583185
vn -0.3042358 -0.5765359 -0.7583185
vn -0.3042358 -0.5765359 -0.7583185
vn -0.304236 0.5765353 -0.7583189
vn -0.304236 0.5765353 -0.7583189
vn -0.304236 0.5765353 -0.7583189
vn -0.3042403 0.5765274 -0.7583231
vn -0.3042403 0.5765274 -0.7583231
vn -0.3042403 0.5765274 -0.7583231
vn -0.1501139 0.9151348 -0.3741578
vn -0.1501139 0.9151348 -0.3741578
vn -0.1501139 0.9151348 -0.3741578
vn -0.1501102 0.9151367 -0.3741549
vn -0.1501102 0.9151367 -0.3741549
vn -0.1501102 0.9151367 -0.3741549
vn -0.08154789 0.9757226 -0.203262
vn -0.08154789 0.9757226 -0.203262
vn -0.08154789 0.9757226 -0.203262
vn -0.08155002 0.9757223 -0.2032629
vn -0.08155002 0.9757223 -0.2032629
vn -0.08155002 0.9757223 -0.2032629
vn -0.04230852 0.9935235 -0.1054564
vn -0.04230852 0.9935235 -0.1054564
vn -0.04230852 0.9935235 -0.1054564
vn -0.04230868 0.9935235 -0.1054564
vn -0.04230868 0.9935235 -0.1054564
vn -0.04230868 0.9935235 -0.1054564
vn -0.01322921 0.9993687 -0.03297459
vn -0.01322921 0.9993687 -0.03297459
vn -0.01322921 0.9993687 -0.03297459
vn -0.003830432 -0.9993361 -0.03623349
vn -0.003830432 -0.9993361 -0.03623349
vn -0.003830432 -0.9993361 -0.03623349
vn -0.01224722 -0.9931915 -0.1158471
vn -0.01224722 -0.9931915 -0.1158471
vn -0.01224722 -0.9931915 -0.1158471
vn -0.01224684 -0.9931915 -0.1158474
vn -0.01224684 -0.9931915 -0.1158474
vn -0.01224684 -0.9931915 -0.1158474
vn -0.02358359 -0.9745118 -0.2230933
vn -0.02358359 -0.9745118 -0.2230933
vn -0.02358359 -0.9745118 -0.2230933
vn -0.02358494 -0.9745122 -0.2230914
vn -0.02358494 -0.9745122 -0.2230914
vn -0.02358494 -0.9745122 -0.2230914
vn -0.04328353 -0.9113101 -0.4094391
vn -0.04328353 -0.9113101 -0.4094391
vn -0.04328353 -0.9113101 -0.4094391
vn -0.04328275 -0.9113093 -0.4094411
vn -0.04328275 -0.9113093 -0.4094411
vn -0.04328275 -0.9113093 -0.4094411
vn -0.08660845 -0.5668343 -0.8192667
vn -0.08660845 -0.5668343 -0.8192667
vn -0.08660845 -0.5668343 -0.8192667
vn -0.08660822 -0.5668333 -0.8192674
vn -0.08660822 -0.5668333 -0.8192674
vn -0.08660822 -0.5668333 -0.8192674
vn -0.08660878 0.5668256 -0.8192727
vn -0.08660878 0.5668256 -0.8192727
vn -0.08660878 0.5668256 -0.8192727
vn -0.08660915 0.5668246 -0.8192734
vn -0.08660915 0.5668246 -0.8192734
vn -0.08660915 0.5668246 -0.8192734
vn -0.04328253 0.9113102 -0.4094391
vn -0.04328253 0.9113102 -0.4094391
vn -0.04328253 0.9113102 -0.4094391
vn -0.04328371 0.9113094 -0.4094408
vn -0.04328371 0.9113094 -0.4094408
vn -0.04328371 0.9113094 -0.4094408
vn -0.02358453 0.9745131 -0.2230874
vn -0.02358453 0.9745131 -0.2230874
vn -0.02358453 0.9745131 -0.2230874
vn -0.02358281 0.9745135 -0.2230859
vn -0.02358281 0.9745135 -0.2230859
vn -0.02358281 0.9745135 -0.2230859
vn -0.01224649 0.9931917 -0.1158458
vn -0.01224649 0.9931917 -0.1158458
vn -0.01224649 0.9931917 -0.1158458
vn -0.0122471 0.9931917 -0.1158461
vn -0.0122471 0.9931917 -0.1158461
vn -0.0122471 0.9931917 -0.1158461
vn -0.003830458 0.999336 -0.03623425
vn -0.003830458 0.999336 -0.03623425
vn -0.003830458 0.999336 -0.03623425
vt -0.05 0.1
vt 0 0.1
vt 0 0.1
vt -0.05 0.1
vt -0.05 0.2
vt 0 0.2
vt 0 0.1
vt -0.05 0.1
vt 0 0.2
vt -0.05 0.2
vt -0.05 0.3
vt 0 0.3
vt 0 0.2
vt -0.05 0.2
vt 0 0.3
vt -0.05 0.3
vt -0.05 0.4
vt 0 0.4
vt 0 0.3
vt -0.05 0.3
vt 0 0.4
vt -0.05 0.4
vt -0.05 0.5
vt 0 0.5
vt 0 0.4
vt -0.05 0.4
vt 0 0.5
vt -0.05 0.5
vt -0.05 0.6
vt 0 0.6
vt 0 0.5
vt -0.05 0.5
vt 0 0.6
vt -0.05 0.6
vt -0.05 0.7
vt 0 0.7
vt 0 0.6
vt -0.05 0.6
vt 0 0.7
vt -0.05 0.7
vt -0.05 0.8
vt 0 0.8
vt 0 0.7
vt -0.05 0.7
vt 0 0.8
vt -0.05 0.8
vt -0.05 0.9
vt 0 0.9
vt 0 0.8
vt -0.05 0.8
vt 0 0.9
vt -0.05 0.9
vt -0.05 1
vt 0 0.9
vt -0.1 0.1
vt -0.05 0.1
vt -0.05 0.1
vt -0.1 0.1
vt -0.1 0.2
vt -0.05 0.2
vt -0.05 0.1
vt -0.1 0.1
vt -0.05 0.2
vt -0.1 0.2
vt -0.1 0.3
vt -0.05 0.3
vt -0.05 0.2
vt -0.1 0.2
vt -0.05 0.3
vt -0.1 0.3
vt -0.1 0.4
vt -0.05 0.4
vt -0.05 0.3
vt -0.1 0.3
vt -0.05 0.4
vt -0.1 0.4
vt -0.1 0.5
vt -0.05 0.5
vt -0.05 0.4
vt -0.1 0.4
vt -0.05 0.5
vt -0.1 0.5
vt -0.1 0.6
vt -0.05 0.6
vt -0.05 0.5
vt -0.1 0.5
vt -0.05 0.6
vt -0.1 0.6
vt -0.1 0.7
vt -0.05 0.7
vt -0.05 0.6
vt -0.1 0.6
vt -0.05 0.7
vt -0.1 0.7
vt -0.1 0.8
vt -0.05 0.8
vt -0.05 0.7
vt -0.1 0.7
vt -0.05 0.8
vt -0.1 0.8
vt -0.1 0.9
vt -0.05 0.9
vt -0.05 0.8
vt -0.1 0.8
vt -0.05 0.9
vt -0.1 0.9
vt -0.1 1
vt -0.05 0.9
vt -0.15 0.1
vt -0.1 0.1
vt -0.1 0.1
vt -0.15 0.1
vt -0.15 0.2
vt -0.1 0.2
vt -0.1 0.1
vt -0.15 0.1
vt -0.1 0.2
vt -0.15 0.2
vt -0.15 0.3
vt -0.1 0.3
vt -0.1 0.2
vt -0.15 0.2
vt -0.1 0.3
vt -0.15 0.3
vt -0.15 0.4
vt -0.1 0.4
vt -0.1 0.3
vt -0.15 0.3
vt -0.1 0.4
vt -0.15 0.4
vt -0.15 0.5
vt -0.1 0.5
vt -0.1 0.4
vt -0.15 0.4
vt -0.1 0.5
vt -0.15 0.5
vt -0.15 0.6
vt -0.1 0.6
vt -0.1 0.5
vt -0.15 0.5
vt -0.1 0.6
vt -0.15 0.6
vt -0.15 0.7
vt -0.1 0.7
vt -0.1 0.6
vt -0.15 0.6
vt -0.1 0.7
vt -0.15 0.7
vt -0.15 0.8
vt -0.1 0.8
vt -0.1 0.7
vt -0.15 0.7
vt -0.1 0.8
vt -0.15 0.8
vt -0.15 0.9
vt -0.1 0.9
vt -0.1 0.8
vt -0.15 0.8
vt -0.1 0.9
vt -0.15 0.9
vt -0.15 1
vt -0.1 0.9
vt -0.2 0.1
vt -0.15 0.1
vt -0.15 0.1
vt -0.2 0.1
vt -0.2 0.2
vt -0.15 0.2
vt -0.15 0.1
vt -0.2 0.1
vt -0.15 0.2
vt -0.2 0.2
vt -0.2 0.3
vt -0.15 0.3
vt -0.15 0.2
vt -0.2 0.2
vt -0.15 0.3
vt -0.2 0.3
vt -0.2 0.4
vt -0.15 0.4
vt -0.15 0.3
vt -0.2 0.3
vt -0.15 0.4
vt -0.2 0.4
vt -0.2 0.5
vt -0.15 0.5
vt -0.15 0.4
vt -0.2 0.4
vt -0.15 0.5
vt -0.2 0.5
vt -0.2 0.6
vt -0.15 0.6
vt -0.15 0.5
vt -0.2 0.5
vt -0.15 0.6
vt -0.2 0.6
vt -0.2 0.7
vt -0.15 0.7
vt -0.15 0.6
vt -0.2 0.6
vt -0.15 0.7
vt -0.2 0.7
vt -0.2 0.8
vt -0.15 0.8
vt -0.15 0.7
vt -0.2 0.7
vt -0.15 0.8
vt -0.2 0.8
vt -0.2 0.9
vt -0.15 0.9
vt -0.15 0.8
vt -0.2 0.8
vt -0.15 0.9
vt -0.2 0.9
vt -0.2 1
vt -0.15 0.9
vt -0.25 0.1
vt -0.2 0.1
vt -0.2 0.1
vt -0.25 0.1
vt -0.25 0.2
vt -0.2 0.2
vt -0.2 0.1
vt -0.25 0.1
vt -0.2 0.2
vt -0.25 0.2
vt -0.25 0.3
vt -0.2 0.3
vt -0.2 0.2
vt -0.25 0.2
vt -0.2 0.3
vt -0.25 0.3
vt -0.25 0.4
vt -0.2 0.4
vt -0.2 0.3
vt -0.25 0.3
vt -0.2 0.4
vt -0.25 0.4
vt -0.25 0.5
vt -0.2 0.5
vt -0.2 0.4
vt -0.25 0.4
vt -0.2 0.5
vt -0.25 0.5
vt -0.25 0.6
vt -0.2 0.6
vt -0.2 0.5
vt -0.25 0.5
vt -0.2 0.6
vt -0.25 0.6
vt -0.25 0.7
vt -0.2 0.7
vt -0.2 0.6
vt -0.25 0.6
vt -0.2 0.7
vt -0.25 0.7
vt -0.25 0.8
vt -0.2 0.8
vt -0.2 0.7
vt -0.25 0.7
vt -0.2 0.8
vt -0.25 0.8
vt -0.25 0.9
vt -0.2 0.9
vt -0.2 0.8
vt -0.25 0.8
vt -0.2 0.9
vt -0.25 0.9
vt -0.25 1
vt -0.2 0.9
vt -0.3 0.1
vt -0.25 0.1
vt -0.25 0.1
vt -0.3 0.1
vt -0.3 0.2
vt -0.25 0.2
vt -0.25 0.1
vt -0.3 0.1
vt -0.25 0.2
vt -0.3 0.2
vt -0.3 0.3
vt -0.25 0.3
vt -0.25 0.2
vt -0.3 0.2
vt -0.25 0.3
vt -0.3 0.3
vt -0.3 0.4
vt -0.25 0.4
vt -0.25 0.3
vt -0.3 0.3
vt -0.25 0.4
vt -0.3 0.4
vt -0.3 0.5
vt -0.25 0.5
vt -0.25 0.4
vt -0.3 0.4
vt -0.25 0.5
vt -0.3 0.5
vt -0.3 0.6
vt -0.25 0.6
vt -0.25 0.5
vt -0.3 0.5
vt -0.25 0.6
vt -0.3 0.6
vt -0.3 0.7
vt -0.25 0.7
vt -0.25 0.6
vt -0.3 0.6
vt -0.25 0.7
vt -0.3 0.7
vt -0.3 0.8
vt -0.25 0.8
vt -0.25 0.7
vt -0.3 0.7
vt -0.25 0.8
vt -0.3 0.8
vt -0.3 0.9
vt -0.25 0.9
vt -0.25 0.8
vt -0.3 0.8
vt -0.25 0.9
vt -0.3 0.9
vt -0.3 1
vt -0.25 0.9
vt -0.35 0.1
vt -0.3 0.1
vt -0.3 0.1
vt -0.35 0.1
vt -0.35 0.2
vt -0.3 0.2
vt -0.3 0.1
vt -0.35 0.1
vt -0.3 0.2
vt -0.35 0.2
vt -0.35 0.3
vt -0.3 0.3
vt -0.3 0.2
vt -0.35 0.2
vt -0.3 0.3
vt -0.35 0.3
vt -0.35 0.4
vt -0.3 0.4
vt -0.3 0.3
vt -0.35 0.3
vt -0.3 0.4
vt -0.35 0.4
vt -0.35 0.5
vt -0.3 0.5
vt -0.3 0.4
vt -0.35 0.4
vt -0.3 0.5
vt -0.35 0.5
vt -0.35 0.6
vt -0.3 0.6
vt -0.3 0.5
vt -0.35 0.5
vt -0.3 0.6
vt -0.35 0.6
vt -0.35 0.7
vt -0.3 0.7
vt -0.3 0.6
vt -0.35 0.6
vt -0.3 0.7
vt -0.35 0.7
vt -0.35 0.8
vt -0.3 0.8
vt -0.3 0.7
vt -0.35 0.7
vt -0.3 0.8
vt -0.35 0.8
vt -0.35 0.9
vt -0.3 0.9
vt -0.3 0.8
vt -0.35 0.8
vt -0.3 0.9
vt -0.35 0.9
vt -0.35 1
vt -0.3 0.9
vt -0.4 0.1
vt -0.35 0.1
vt -0.35 0.1
vt -0.4 0.1
vt -0.4 0.2
vt -0.35 0.2
vt -0.35 0.1
vt -0.4 0.1
vt -0.35 0.2
vt -0.4 0.2
vt -0.4 0.3
vt -0.35 0.3
vt -0.35 0.2
vt -0.4 0.2
vt -0.35 0.3
vt -0.4 0.3
vt -0.4 0.4
vt -0.35 0.4
vt -0.35 0.3
vt -0.4 0.3
vt -0.35 0.4
vt -0.4 0.4
vt -0.4 0.5
vt -0.35 0.5
vt -0.35 0.4
vt -0.4 0.4
vt -0.35 0.5
vt -0.4 0.5
vt -0.4 0.6
vt -0.35 0.6
vt -0.35 0.5
vt -0.4 0.5
vt -0.35 0.6
vt -0.4 0.6
vt -0.4 0.7
vt -0.35 0.7
vt -0.35 0.6
vt -0.4 0.6
vt -0.35 0.7
vt -0.4 0.7
vt -0.4 0.8
vt -0.35 0.8
vt -0.35 0.7
vt -0.4 0.7
vt -0.35 0.8
vt -0.4 0.8
vt -0.4 0.9
vt -0.35 0.9
vt -0.35 0.8
vt -0.4 0.8
vt -0.35 0.9
vt -0.4 0.9
vt -0.4 1
vt -0.35 0.9
vt -0.45 0.1
vt -0.4 0.1
vt -0.4 0.1
vt -0.45 0.1
vt -0.45 0.2
vt -0.4 0.2
vt -0.4 0.1
vt -0.45 0.1
vt -0.4 0.2
vt -0.45 0.2
vt -0.45 0.3
vt -0.4 0.3
vt -0.4 0.2
vt -0.45 0.2
vt -0.4 0.3
vt -0.45 0.3
vt -0.45 0.4
vt -0.4 0.4
vt -0.4 0.3
vt -0.45 0.3
vt -0.4 0.4
vt -0.45 0.4
vt -0.45 0.5
vt -0.4 0.5
vt -0.4 0.4
vt -0.45 0.4
vt -0.4 0.5
vt -0.45 0.5
vt -0.45 0.6
vt -0.4 0.6
vt -0.4 0.5
vt -0.45 0.5
vt -0.4 0.6
vt -0.45 0.6
vt -0.45 0.7
vt -0.4 0.7
vt -0.4 0.6
vt -0.45 0.6
vt -0.4 0.7
vt -0.45 0.7
vt -0.45 0.8
vt -0.4 0.8
vt -0.4 0.7
vt -0.45 0.7
vt -0.4 0.8
vt -0.45 0.8
vt -0.45 0.9
vt -0.4 0.9
vt -0.4 0.8
vt -0.45 0.8
vt -0.4 0.9
vt -0.45 0.9
vt -0.45 1
vt -0.4 0.9
vt -0.5 0.1
vt -0.45 0.1
vt -0.45 0.1
vt -0.5 0.1
vt -0.5 0.2
vt -0.45 0.2
vt -0.45 0.1
vt -0.5 0.1
vt -0.45 0.2
vt -0.5 0.2
vt -0.5 0.3
vt -0.45 0.3
vt -0.45 0.2
vt -0.5 0.2
vt -0.45 0.3
vt -0.5 0.3
vt -0.5 0.4
vt -0.45 0.4
vt -0.45 0.3
vt -0.5 0.3
vt -0.45 0.4
vt -0.5 0.4
vt -0.5 0.5
vt -0.45 0.5
vt -0.45 0.4
vt -0.5 0.4
vt -0.45 0.5
vt -0.5 0.5
vt -0.5 0.6
vt -0.45 0.6
vt -0.45 0.5
vt -0.5 0.5
vt -0.45 0.6
vt -0.5 0.6
vt -0.5 0.7
vt -0.45 0.7
vt -0.45 0.6
vt -0.5 0.6
vt -0.45 0.7
vt -0.5 0.7
vt -0.5 0.8
vt -0.45 0.8
vt -0.45 0.7
vt -0.5 0.7
vt -0.45 0.8
vt -0.5 0.8
vt -0.5 0.9
vt -0.45 0.9
vt -0.45 0.8
vt -0.5 0.8
vt -0.45 0.9
vt -0.5 0.9
vt -0.5 1
vt -0.45 0.9
vt -0.55 0.1
vt -0.5 0.1
vt -0.5 0.1
vt -0.55 0.1
vt -0.55 0.2
vt -0.5 0.2
vt -0.5 0.1
vt -0.55 0.1
vt -0.5 0.2
vt -0.55 0.2
vt -0.55 0.3
vt -0.5 0.3
vt -0.5 0.2
vt -0.55 0.2
vt -0.5 0.3
vt -0.55 0.3
vt -0.55 0.4
vt -0.5 0.4
vt -0.5 0.3
vt -0.55 0.3
vt -0.5 0.4
vt -0.55 0.4
vt -0.55 0.5
vt -0.5 0.5
vt -0.5 0.4
vt -0.55 0.4
vt -0.5 0.5
vt -0.55 0.5
vt -0.55 0.6
vt -0.5 0.6
vt -0.5 0.5
vt -0.55 0.5
vt -0.5 0.6
vt -0.55 0.6
vt -0.55 0.7
vt -0.5 0.7
vt -0.5 0.6
vt -0.55 0.6
vt -0.5 0.7
vt -0.55 0.7
vt -0.55 0.8
vt -0.5 0.8
vt -0.5 0.7
vt -0.55 0.7
vt -0.5 0.8
vt -0.55 0.8
vt -0.55 0.9
vt -0.5 0.9
vt -0.5 0.8
vt -0.55 0.8
vt -0.5 0.9
vt -0.55 0.9
vt -0.55 1
vt -0.5 0.9
vt -0.6 0.1
vt -0.55 0.1
vt -0.55 0.1
vt -0.6 0.1
vt -0.6 0.2
vt -0.55 0.2
vt -0.55 0.1
vt -0.6 0.1
vt -0.55 0.2
vt -0.6 0.2
vt -0.6 0.3
vt -0.55 0.3
vt -0.55 0.2
vt -0.6 0.2
vt -0.55 0.3
vt -0.6 0.3
vt -0.6 0.4
vt -0.55 0.4
vt -0.55 0.3
vt -0.6 0.3
vt -0.55 0.4
vt -0.6 0.4
vt -0.6 0.5
vt -0.55 0.5
vt -0.55 0.4
vt -0.6 0.4
vt -0.55 0.5
vt -0.6 0.5
vt -0.6 0.6
vt -0.55 0.6
vt -0.55 0.5
vt -0.6 0.5
vt -0.55 0.6
vt -0.6 0.6
vt -0.6 0.7
vt -0.55 0.7
vt -0.55 0.6
vt -0.6 0.6
vt -0.55 0.7
vt -0.6 0.7
vt -0.6 0.8
vt -0.55 0.8
vt -0.55 0.7
vt -0.6 0.7
vt -0.55 0.8
vt -0.6 0.8
vt -0.6 0.9
vt -0.55 0.9
vt -0.55 0.8
vt -0.6 0.8
vt -0.55 0.9
vt -0.6 0.9
vt -0.6 1
vt -0.55 0.9
vt -0.65 0.1
vt -0.6 0.1
vt -0.6 0.1
vt -0.65 0.1
vt -0.65 0.2
vt -0.6 0.2
vt -0.6 0.1
vt -0.65 0.1
vt -0.6 0.2
vt -0.65 0.2
vt -0.65 0.3
vt -0.6 0.3
vt -0.6 0.2
vt -0.65 0.2
vt -0.6 0.3
vt -0.65 0.3
vt -0.65 0.4
vt -0.6 0.4
vt -0.6 0.3
vt -0.65 0.3
vt -0.6 0.4
vt -0.65 0.4
vt -0.65 0.5
vt -0.6 0.5
vt -0.6 0.4
vt -0.65 0.4
vt -0.6 0.5
vt -0.65 0.5
vt -0.65 0.6
vt -0.6 0.6
vt -0.6 0.5
vt -0.65 0.5
vt -0.6 0.6
vt -0.65 0.6
vt -0.65 0.7
vt -0.6 0.7
vt -0.6 0.6
vt -0.65 0.6
vt -0.6 0.7
vt -0.65 0.7
vt -0.65 0.8
vt -0.6 0.8
vt -0.6 0.7
vt -0.65 0.7
vt -0.6 0.8
vt -0.65 0.8
vt -0.65 0.9
vt -0.6 0.9
vt -0.6 0.8
vt -0.65 0.8
vt -0.6 0.9
vt -0.65 0.9
vt -0.65 1
vt -0.6 0.9
vt -0.7 0.1
vt -0.65 0.1
vt -0.65 0.1
vt -0.7 0.1
vt -0.7 0.2
vt -0.65 0.2
vt -0.65 0.1
vt -0.7 0.1
vt -0.65 0.2
vt -0.7 0.2
vt -0.7 0.3
vt -0.65 0.3
vt -0.65 0.2
vt -0.7 0.2
vt -0.65 0.3
vt -0.7 0.3
vt -0.7 0.4
vt -0.65 0.4
vt -0.65 0.3
vt -0.7 0.3
vt -0.65 0.4
vt -0.7 0.4
vt -0.7 0.5
vt -0.65 0.5
vt -0.65 0.4
vt -0.7 0.4
vt -0.65 0.5
vt -0.7 0.5
vt -0.7 0.6
vt -0.65 0.6
vt -0.65 0.5
vt -0.7 0.5
vt -0.65 0.6
vt -0.7 0.6
vt -0.7 0.7
vt -0.65 0.7
vt -0.65 0.6
vt -0.7 0.6
vt -0.65 0.7
vt -0.7 0.7
vt -0.7 0.8
vt -0.65 0.8
vt -0.65 0.7
vt -0.7 0.7
vt -0.65 0.8
vt -0.7 0.8
vt -0.7 0.9
vt -0.65 0.9
vt -0.65 0.8
vt -0.7 0.8
vt -0.65 0.9
vt -0.7 0.9
vt -0.7 1
vt -0.65 0.9
vt -0.75 0.1
vt -0.7 0.1
vt -0.7 0.1
vt -0.75 0.1
vt -0.75 0.2
vt -0.7 0.2
vt -0.7 0.1
vt -0.75 0.1
vt -0.7 0.2
vt -0.75 0.2
vt -0.75 0.3
vt -0.7 0.3
vt -0.7 0.2
vt -0.75 0.2
vt -0.7 0.3
vt -0.75 0.3
vt -0.75 0.4
vt -0.7 0.4
vt -0.7 0.3
vt -0.75 0.3
vt -0.7 0.4
vt -0.75 0.4
vt -0.75 0.5
vt -0.7 0.5
vt -0.7 0.4
vt -0.75 0.4
vt -0.7 0.5
vt -0.75 0.5
vt -0.75 0.6
vt -0.7 0.6
vt -0.7 0.5
vt -0.75 0.5
vt -0.7 0.6
vt -0.75 0.6
vt -0.75 0.7
vt -0.7 0.7
vt -0.7 0.6
vt -0.75 0.6
vt -0.7 0.7
vt -0.75 0.7
vt -0.75 0.8
vt -0.7 0.8
vt -0.7 0.7
vt -0.75 0.7
vt -0.7 0.8
vt -0.75 0.8
vt -0.75 0.9
vt -0.7 0.9
vt -0.7 0.8
vt -0.75 0.8
vt -0.7 0.9
vt -0.75 0.9
vt -0.75 1
vt -0.7 0.9
vt -0.8 0.1
vt -0.75 0.1
vt -0.75 0.1
vt -0.8 0.1
vt -0.8 0.2
vt -0.75 0.2
vt -0.75 0.1
vt -0.8 0.1
vt -0.75 0.2
vt -0.8 0.2
vt -0.8 0.3
vt -0.75 0.3
vt -0.75 0.2
vt -0.8 0.2
vt -0.75 0.3
vt -0.8 0.3
vt -0.8 0.4
vt -0.75 0.4
vt -0.75 0.3
vt -0.8 0.3
vt -0.75 0.4
vt -0.8 0.4
vt -0.8 0.5
vt -0.75 0.5
vt -0.75 0.4
vt -0.8 0.4
vt -0.75 0.5
vt -0.8 0.5
vt -0.8 0.6
vt -0.75 0.6
vt -0.75 0.5
vt -0.8 0.5
vt -0.75 0.6
vt -0.8 0.6
vt -0.8 0.7
vt -0.75 0.7
vt -0.75 0.6
vt -0.8 0.6
vt -0.75 0.7
vt -0.8 0.7
vt -0.8 0.8
vt -0.75 0.8
vt -0.75 0.7
vt -0.8 0.7
vt -0.75 0.8
vt -0.8 0.8
vt -0.8 0.9
vt -0.75 0.9
vt -0.75 0.8
vt -0.8 0.8
vt -0.75 0.9
vt -0.8 0.9
vt -0.8 1
vt -0.75 0.9
vt -0.85 0.1
vt -0.8 0.1
vt -0.8 0.1
vt -0.85 0.1
vt -0.85 0.2
vt -0.8 0.2
vt -0.8 0.1
vt -0.85 0.1
vt -0.8 0.2
vt -0.85 0.2
vt -0.85 0.3
vt -0.8 0.3
vt -0.8 0.2
vt -0.85 0.2
vt -0.8 0.3
vt -0.85 0.3
vt -0.85 0.4
vt -0.8 0.4
vt -0.8 0.3
vt -0.85 0.3
vt -0.8 0.4
vt -0.85 0.4
vt -0.85 0.5
vt -0.8 0.5
vt -0.8 0.4
vt -0.85 0.4
vt -0.8 0.5
vt -0.85 0.5
vt -0.85 0.6
vt -0.8 0.6
vt -0.8 0.5
vt -0.85 0.5
vt -0.8 0.6
vt -0.85 0.6
vt -0.85 0.7
vt -0.8 0.7
vt -0.8 0.6
vt -0.85 0.6
vt -0.8 0.7
vt -0.85 0.7
vt -0.85 0.8
vt -0.8 0.8
vt -0.8 0.7
vt -0.85 0.7
vt -0.8 0.8
vt -0.85 0.8
vt -0.85 0.9
vt -0.8 0.9
vt -0.8 0.8
vt -0.85 0.8
vt -0.8 0.9
vt -0.85 0.9
vt -0.85 1
vt -0.8 0.9
vt -0.9 0.1
vt -0.85 0.1
vt -0.85 0.1
vt -0.9 0.1
vt -0.9 0.2
vt -0.85 0.2
vt -0.85 0.1
vt -0.9 0.1
vt -0.85 0.2
vt -0.9 0.2
vt -0.9 0.3
vt -0.85 0.3
vt -0.85 0.2
vt -0.9 0.2
vt -0.85 0.3
vt -0.9 0.3
vt -0.9 0.4
vt -0.85 0.4
vt -0.85 0.3
vt -0.9 0.3
vt -0.85 0.4
vt -0.9 0.4
vt -0.9 0.5
vt -0.85 0.5
vt -0.85 0.4
vt -0.9 0.4
vt -0.85 0.5
vt -0.9 0.5
vt -0.9 0.6
vt -0.85 0.6
vt -0.85 0.5
vt -0.9 0.5
vt -0.85 0.6
vt -0.9 0.6
vt -0.9 0.7
vt -0.85 0.7
vt -0.85 0.6
vt -0.9 0.6
vt -0.85 0.7
vt -0.9 0.7
vt -0.9 0.8
vt -0.85 0.8
vt -0.85 0.7
vt -0.9 0.7
vt -0.85 0.8
vt -0.9 0.8
vt -0.9 0.9
vt -0.85 0.9
vt -0.85 0.8
vt -0.9 0.8
vt -0.85 0.9
vt -0.9 0.9
vt -0.9 1
vt -0.85 0.9
vt -0.95 0.1
vt -0.9 0.1
vt -0.9 0.1
vt -0.95 0.1
vt -0.95 0.2
vt -0.9 0.2
vt -0.9 0.1
vt -0.95 0.1
vt -0.9 0.2
vt -0.95 0.2
vt -0.95 0.3
vt -0.9 0.3
vt -0.9 0.2
vt -0.95 0.2
vt -0.9 0.3
vt -0.95 0.3
vt -0.95 0.4
vt -0.9 0.4
vt -0.9 0.3
vt -0.95 0.3
vt -0.9 0.4
vt -0.95 0.4
vt -0.95 0.5
vt -0.9 0.5
vt -0.9 0.4
vt -0.95 0.4
vt -0.9 0.5
vt -0.95 0.5
vt -0.95 0.6
vt -0.9 0.6
vt -0.9 0.5
vt -0.95 0.5
vt -0.9 0.6
vt -0.95 0.6
vt -0.95 0.7
vt -0.9 0.7
vt -0.9 0.6
vt -0.95 0.6
vt -0.9 0.7
vt -0.95 0.7
vt -0.95 0.8
vt -0.9 0.8
vt -0.9 0.7
vt -0.95 0.7
vt -0.9 0.8
vt -0.95 0.8
vt -0.95 0.9
vt -0.9 0.9
vt -0.9 0.8
vt -0.95 0.8
vt -0.9 0.9
vt -0.95 0.9
vt -0.95 1
vt -0.9 0.9
vt -1 0.1
vt -0.95 0.1
vt -0.95 0.1
vt -1 0.1
vt -1 0.2
vt -0.95 0.2
vt -0.95 0.1
vt -1 0.1
vt -0.95 0.2
vt -1 0.2
vt -1 0.3
vt -0.95 0.3
vt -0.95 0.2
vt -1 0.2
vt -0.95 0.3
vt -1 0.3
vt -1 0.4
vt -0.95 0.4
vt -0.95 0.3
vt -1 0.3
vt -0.95 0.4
vt -1 0.4
vt -1 0.5
vt -0.95 0.5
vt -0.95 0.4
vt -1 0.4
vt -0.95 0.5
vt -1 0.5
vt -1 0.6
vt -0.95 0.6
vt -0.95 0.5
vt -1 0.5
vt -0.95 0.6
vt -1 0.6
vt -1 0.7
vt -0.95 0.7
vt -0.95 0.6
vt -1 0.6
vt -0.95 0.7
vt -1 0.7
vt -1 0.8
vt -0.95 0.8
vt -0.95 0.7
vt -1 0.7
vt -0.95 0.8
vt -1 0.8
vt -1 0.9
vt -0.95 0.9
vt -0.95 0.8
vt -1 0.8
vt -0.95 0.9
vt -1 0.9
vt -1 1
vt -0.95 0.9
vt -0.05 0.1
vt 0 0.1
vt 0 0.1
vt -0.05 0.1
vt -0.05 0.2
vt 0 0.2
vt 0 0.1
vt -0.05 0.1
vt 0 0.2
vt -0.05 0.2
vt -0.05 0.3
vt 0 0.3
vt 0 0.2
vt -0.05 0.2
vt 0 0.3
vt -0.05 0.3
vt -0.05 0.4
vt 0 0.4
vt 0 0.3
vt -0.05 0.3
vt 0 0.4
vt -0.05 0.4
vt -0.05 0.5
vt 0 0.5
vt 0 0.4
vt -0.05 0.4
vt 0 0.5
vt -0.05 0.5
vt -0.05 0.6
vt 0 0.6
vt 0 0.5
vt -0.05 0.5
vt 0 0.6
vt -0.05 0.6
vt -0.05 0.7
vt 0 0.7
vt 0 0.6
vt -0.05 0.6
vt 0 0.7
vt -0.05 0.7
vt -0.05 0.8
vt 0 0.8
vt 0 0.7
vt -0.05 0.7
vt 0 0.8
vt -0.05 0.8
vt -0.05 0.9
vt 0 0.9
vt 0 0.8
vt -0.05 0.8
vt 0 0.9
vt -0.05 0.9
vt -0.05 1
vt 0 0.9
vt -0.1 0.1
vt -0.05 0.1
vt -0.05 0.1
vt -0.1 0.1
vt -0.1 0.2
vt -0.05 0.2
vt -0.05 0.1
vt -0.1 0.1
vt -0.05 0.2
vt -0.1 0.2
vt -0.1 0.3
vt -0.05 0.3
vt -0.05 0.2
vt -0.1 0.2
vt -0.05 0.3
vt -0.1 0.3
vt -0.1 0.4
vt -0.05 0.4
vt -0.05 0.3
vt -0.1 0.3
vt -0.05 0.4
vt -0.1 0.4
vt -0.1 0.5
vt -0.05 0.5
vt -0.05 0.4
vt -0.1 0.4
vt -0.05 0.5
vt -0.1 0.5
vt -0.1 0.6
vt -0.05 0.6
vt -0.05 0.5
vt -0.1 0.5
vt -0.05 0.6
vt -0.1 0.6
vt -0.1 0.7
vt -0.05 0.7
vt -0.05 0.6
vt -0.1 0.6
vt -0.05 0.7
vt -0.1 0.7
vt -0.1 0.8
vt -0.05 0.8
vt -0.05 0.7
vt -0.1 0.7
vt -0.05 0.8
vt -0.1 0.8
vt -0.1 0.9
vt -0.05 0.9
vt -0.05 0.8
vt -0.1 0.8
vt -0.05 0.9
vt -0.1 0.9
vt -0.1 1
vt -0.05 0.9
vt -0.15 0.1
vt -0.1 0.1
vt -0.1 0.1
vt -0.15 0.1
vt -0.15 0.2
vt -0.1 0.2
vt -0.1 0.1
vt -0.15 0.1
vt -0.1 0.2
vt -0.15 0.2
vt -0.15 0.3
vt -0.1 0.3
vt -0.1 0.2
vt -0.15 0.2
vt -0.1 0.3
vt -0.15 0.3
vt -0.15 0.4
vt -0.1 0.4
vt -0.1 0.3
vt -0.15 0.3
vt -0.1 0.4
vt -0.15 0.4
vt -0.15 0.5
vt -0.1 0.5
vt -0.1 0.4
vt -0.15 0.4
vt -0.1 0.5
vt -0.15 0.5
vt -0.15 0.6
vt -0.1 0.6
vt -0.1 0.5
vt -0.15 0.5
vt -0.1 0.6
vt -0.15 0.6
vt -0.15 0.7
vt -0.1 0.7
vt -0.1 0.6
vt -0.15 0.6
vt -0.1 0.7
vt -0.15 0.7
vt -0.15 0.8
vt -0.1 0.8
vt -0.1 0.7
vt -0.15 0.7
vt -0.1 0.8
vt -0.15 0.8
vt -0.15 0.9
vt -0.1 0.9
vt -0.1 0.8
vt -0.15 0.8
vt -0.1 0.9
vt -0.15 0.9
vt -0.15 1
vt -0.1 0.9
vt -0.2 0.1
vt -0.15 0.1
vt -0.15 0.1
vt -0.2 0.1
vt -0.2 0.2
vt -0.15 0.2
vt -0.15 0.1
vt -0.2 0.1
vt -0.15 0.2
vt -0.2 0.2
vt -0.2 0.3
vt -0.15 0.3
vt -0.15 0.2
vt -0.2 0.2
vt -0.15 0.3
vt -0.2 0.3
vt -0.2 0.4
vt -0.15 0.4
vt -0.15 0.3
vt -0.2 0.3
vt -0.15 0.4
vt -0.2 0.4
vt -0.2 0.5
vt -0.15 0.5
vt -0.15 0.4
vt -0.2 0.4
vt -0.15 0.5
vt -0.2 0.5
vt -0.2 0.6
vt -0.15 0.6
vt -0.15 0.5
vt -0.2 0.5
vt -0.15 0.6
vt -0.2 0.6
vt -0.2 0.7
vt -0.15 0.7
vt -0.15 0.6
vt -0.2 0.6
vt -0.15 0.7
vt -0.2 0.7
vt -0.2 0.8
vt -0.15 0.8
vt -0.15 0.7
vt -0.2 0.7
vt -0.15 0.8
vt -0.2 0.8
vt -0.2 0.9
vt -0.15 0.9
vt -0.15 0.8
vt -0.2 0.8
vt -0.15 0.9
vt -0.2 0.9
vt -0.2 1
vt -0.15 0.9
vt -0.25 0.1
vt -0.2 0.1
vt -0.2 0.1
vt -0.25 0.1
vt -0.25 0.2
vt -0.2 0.2
vt -0.2 0.1
vt -0.25 0.1
vt -0.2 0.2
vt -0.25 0.2
vt -0.25 0.3
vt -0.2 0.3
vt -0.2 0.2
vt -0.25 0.2
vt -0.2 0.3
vt -0.25 0.3
vt -0.25 0.4
vt -0.2 0.4
vt -0.2 0.3
vt -0.25 0.3
vt -0.2 0.4
vt -0.25 0.4
vt -0.25 0.5
vt -0.2 0.5
vt -0.2 0.4
vt -0.25 0.4
vt -0.2 0.5
vt -0.25 0.5
vt -0.25 0.6
vt -0.2 0.6
vt -0.2 0.5
vt -0.25 0.5
vt -0.2 0.6
vt -0.25 0.6
vt -0.25 0.7
vt -0.2 0.7
vt -0.2 0.6
vt -0.25 0.6
vt -0.2 0.7
vt -0.25 0.7
vt -0.25 0.8
vt -0.2 0.8
vt -0.2 0.7
vt -0.25 0.7
vt -0.2 0.8
vt -0.25 0.8
vt -0.25 0.9
vt -0.2 0.9
vt -0.2 0.8
vt -0.25 0.8
vt -0.2 0.9
vt -0.25 0.9
vt -0.25 1
vt -0.2 0.9
vt -0.3 0.1
vt -0.25 0.1
vt -0.25 0.1
vt -0.3 0.1
vt -0.3 0.2
vt -0.25 0.2
vt -0.25 0.1
vt -0.3 0.1
vt -0.25 0.2
vt -0.3 0.2
vt -0.3 0.3
vt -0.25 0.3
vt -0.25 0.2
vt -0.3 0.2
vt -0.25 0.3
vt -0.3 0.3
vt -0.3 0.4
vt -0.25 0.4
vt -0.25 0.3
vt -0.3 0.3
vt -0.25 0.4
vt -0.3 0.4
vt -0.3 0.5
vt -0.25 0.5
vt -0.25 0.4
vt -0.3 0.4
vt -0.25 0.5
vt -0.3 0.5
vt -0.3 0.6
vt -0.25 0.6
vt -0.25 0.5
vt -0.3 0.5
vt -0.25 0.6
vt -0.3 0.6
vt -0.3 0.7
vt -0.25 0.7
vt -0.25 0.6
vt -0.3 0.6
vt -0.25 0.7
vt -0.3 0.7
vt -0.3 0.8
vt -0.25 0.8
vt -0.25 0.7
vt -0.3 0.7
vt -0.25 0.8
vt -0.3 0.8
vt -0.3 0.9
vt -0.25 0.9
vt -0.25 0.8
vt -0.3 0.8
vt -0.25 0.9
vt -0.3 0.9
vt -0.3 1
vt -0.25 0.9
vt -0.35 0.1
vt -0.3 0.1
vt -0.3 0.1
vt -0.35 0.1
vt -0.35 0.2
vt -0.3 0.2
vt -0.3 0.1
vt -0.35 0.1
vt -0.3 0.2
vt -0.35 0.2
vt -0.35 0.3
vt -0.3 0.3
vt -0.3 0.2
vt -0.35 0.2
vt -0.3 0.3
vt -0.35 0.3
vt -0.35 0.4
vt -0.3 0.4
vt -0.3 0.3
vt -0.35 0.3
vt -0.3 0.4
vt -0.35 0.4
vt -0.35 0.5
vt -0.3 0.5
vt -0.3 0.4
vt -0.35 0.4
vt -0.3 0.5
vt -0.35 0.5
vt -0.35 0.6
vt -0.3 0.6
vt -0.3 0.5
vt -0.35 0.5
vt -0.3 0.6
vt -0.35 0.6
vt -0.35 0.7
vt -0.3 0.7
vt -0.3 0.6
vt -0.35 0.6
vt -0.3 0.7
vt -0.35 0.7
vt -0.35 0.8
vt -0.3 0.8
vt -0.3 0.7
vt -0.35 0.7
vt -0.3 0.8
vt -0.35 0.8
vt -0.35 0.9
vt -0.3 0.9
vt -0.3 0.8
vt -0.35 0.8
vt -0.3 0.9
vt -0.35 0.9
vt -0.35 1
vt -0.3 0.9
vt -0.4 0.1
vt -0.35 0.1
vt -0.35 0.1
vt -0.4 0.1
vt -0.4 0.2
vt -0.35 0.2
vt -0.35 0.1
vt -0.4 0.1
vt -0.35 0.2
vt -0.4 0.2
vt -0.4 0.3
vt -0.35 0.3
vt -0.35 0.2
vt -0.4 0.2
vt -0.35 0.3
vt -0.4 0.3
vt -0.4 0.4
vt -0.35 0.4
vt -0.35 0.3
vt -0.4 0.3
vt -0.35 0.4
vt -0.4 0.4
vt -0.4 0.5
vt -0.35 0.5
vt -0.35 0.4
vt -0.4 0.4
vt -0.35 0.5
vt -0.4 0.5
vt -0.4 0.6
vt -0.35 0.6
vt -0.35 0.5
vt -0.4 0.5
vt -0.35 0.6
vt -0.4 0.6
vt -0.4 0.7
vt -0.35 0.7
vt -0.35 0.6
vt -0.4 0.6
vt -0.35 0.7
vt -0.4 0.7
vt -0.4 0.8
vt -0.35 0.8
vt -0.35 0.7
vt -0.4 0.7
vt -0.35 0.8
vt -0.4 0.8
vt -0.4 0.9
vt -0.35 0.9
vt -0.35 0.8
vt -0.4 0.8
vt -0.35 0.9
vt -0.4 0.9
vt -0.4 1
vt -0.35 0.9
vt -0.45 0.1
vt -0.4 0.1
vt -0.4 0.1
vt -0.45 0.1
vt -0.45 0.2
vt -0.4 0.2
vt -0.4 0.1
vt -0.45 0.1
vt -0.4 0.2
vt -0.45 0.2
vt -0.45 0.3
vt -0.4 0.3
vt -0.4 0.2
vt -0.45 0.2
vt -0.4 0.3
vt -0.45 0.3
vt -0.45 0.4
vt -0.4 0.4
vt -0.4 0.3
vt -0.45 0.3
vt -0.4 0.4
vt -0.45 0.4
vt -0.45 0.5
vt -0.4 0.5
vt -0.4 0.4
vt -0.45 0.4
vt -0.4 0.5
vt -0.45 0.5
vt -0.45 0.6
vt -0.4 0.6
vt -0.4 0.5
vt -0.45 0.5
vt -0.4 0.6
vt -0.45 0.6
vt -0.45 0.7
vt -0.4 0.7
vt -0.4 0.6
vt -0.45 0.6
vt -0.4 0.7
vt -0.45 0.7
vt -0.45 0.8
vt -0.4 0.8
vt -0.4 0.7
vt -0.45 0.7
vt -0.4 0.8
vt -0.45 0.8
vt -0.45 0.9
vt -0.4 0.9
vt -0.4 0.8
vt -0.45 0.8
vt -0.4 0.9
vt -0.45 0.9
vt -0.45 1
vt -0.4 0.9
vt -0.5 0.1
vt -0.45 0.1
vt -0.45 0.1
vt -0.5 0.1
vt -0.5 0.2
vt -0.45 0.2
vt -0.45 0.1
vt -0.5 0.1
vt -0.45 0.2
vt -0.5 0.2
vt -0.5 0.3
vt -0.45 0.3
vt -0.45 0.2
vt -0.5 0.2
vt -0.45 0.3
vt -0.5 0.3
vt -0.5 0.4
vt -0.45 0.4
vt -0.45 0.3
vt -0.5 0.3
vt -0.45 0.4
vt -0.5 0.4
vt -0.5 0.5
vt -0.45 0.5
vt -0.45 0.4
vt -0.5 0.4
vt -0.45 0.5
vt -0.5 0.5
vt -0.5 0.6
vt -0.45 0.6
vt -0.45 0.5
vt -0.5 0.5
vt -0.45 0.6
vt -0.5 0.6
vt -0.5 0.7
vt -0.45 0.7
vt -0.45 0.6
vt -0.5 0.6
vt -0.45 0.7
vt -0.5 0.7
vt -0.5 0.8
vt -0.45 0.8
vt -0.45 0.7
vt -0.5 0.7
vt -0.45 0.8
vt -0.5 0.8
vt -0.5 0.9
vt -0.45 0.9
vt -0.45 0.8
vt -0.5 0.8
vt -0.45 0.9
vt -0.5 0.9
vt -0.5 1
vt -0.45 0.9
vt -0.55 0.1
vt -0.5 0.1
vt -0.5 0.1
vt -0.55 0.1
vt -0.55 0.2
vt -0.5 0.2
vt -0.5 0.1
vt -0.55 0.1
vt -0.5 0.2
vt -0.55 0.2
vt -0.55 0.3
vt -0.5 0.3
vt -0.5 0.2
vt -0.55 0.2
vt -0.5 0.3
vt -0.55 0.3
vt -0.55 0.4
vt -0.5 0.4
vt -0.5 0.3
vt -0.55 0.3
vt -0.5 0.4
vt -0.55 0.4
vt -0.55 0.5
vt -0.5 0.5
vt -0.5 0.4
vt -0.55 0.4
vt -0.5 0.5
vt -0.55 0.5
vt -0.55 0.6
vt -0.5 0.6
vt -0.5 0.5
vt -0.55 0.5
vt -0.5 0.6
vt -0.55 0.6
vt -0.55 0.7
vt -0.5 0.7
vt -0.5 0.6
vt -0.55 0.6
vt -0.5 0.7
vt -0.55 0.7
vt -0.55 0.8
vt -0.5 0.8
vt -0.5 0.7
vt -0.55 0.7
vt -0.5 0.8
vt -0.55 0.8
vt -0.55 0.9
vt -0.5 0.9
vt -0.5 0.8
vt -0.55 0.8
vt -0.5 0.9
vt -0.55 0.9
vt -0.55 1
vt -0.5 0.9
vt -0.6 0.1
vt -0.55 0.1
vt -0.55 0.1
vt -0.6 0.1
vt -0.6 0.2
vt -0.55 0.2
vt -0.55 0.1
vt -0.6 0.1
vt -0.55 0.2
vt -0.6 0.2
vt -0.6 0.3
vt -0.55 0.3
vt -0.55 0.2
vt -0.6 0.2
vt -0.55 0.3
vt -0.6 0.3
vt -0.6 0.4
vt -0.55 0.4
vt -0.55 0.3
vt -0.6 0.3
vt -0.55 0.4
vt -0.6 0.4
vt -0.6 0.5
vt -0.55 0.5
vt -0.55 0.4
vt -0.6 0.4
vt -0.55 0.5
vt -0.6 0.5
vt -0.6 0.6
vt -0.55 0.6
vt -0.55 0.5
vt -0.6 0.5
vt -0.55 0.6
vt -0.6 0.6
vt -0.6 0.7
vt -0.55 0.7
vt -0.55 0.6
vt -0.6 0.6
vt -0.55 0.7
vt -0.6 0.7
vt -0.6 0.8
vt -0.55 0.8
vt -0.55 0.7
vt -0.6 0.7
vt -0.55 0.8
vt -0.6 0.8
vt -0.6 0.9
vt -0.55 0.9
vt -0.55 0.8
vt -0.6 0.8
vt -0.55 0.9
vt -0.6 0.9
vt -0.6 1
vt -0.55 0.9
vt -0.65 0.1
vt -0.6 0.1
vt -0.6 0.1
vt -0.65 0.1
vt -0.65 0.2
vt -0.6 0.2
vt -0.6 0.1
vt -0.65 0.1
vt -0.6 0.2
vt -0.65 0.2
vt -0.65 0.3
vt -0.6 0.3
vt -0.6 0.2
vt -0.65 0.2
vt -0.6 0.3
vt -0.65 0.3
vt -0.65 0.4
vt -0.6 0.4
vt -0.6 0.3
vt -0.65 0.3
vt -0.6 0.4
vt -0.65 0.4
vt -0.65 0.5
vt -0.6 0.5
vt -0.6 0.4
vt -0.65 0.4
vt -0.6 0.5
vt -0.65 0.5
vt -0.65 0.6
vt -0.6 0.6
vt -0.6 0.5
vt -0.65 0.5
vt -0.6 0.6
vt -0.65 0.6
vt -0.65 0.7
vt -0.6 0.7
vt -0.6 0.6
vt -0.65 0.6
vt -0.6 0.7
vt -0.65 0.7
vt -0.65 0.8
vt -0.6 0.8
vt -0.6 0.7
vt -0.65 0.7
vt -0.6 0.8
vt -0.65 0.8
vt -0.65 0.9
vt -0.6 0.9
vt -0.6 0.8
vt -0.65 0.8
vt -0.6 0.9
vt -0.65 0.9
vt -0.65 1
vt -0.6 0.9
vt -0.7 0.1
vt -0.65 0.1
vt -0.65 0.1
vt -0.7 0.1
vt -0.7 0.2
vt -0.65 0.2
vt -0.65 0.1
vt -0.7 0.1
vt -0.65 0.2
vt -0.7 0.2
vt -0.7 0.3
vt -0.65 0.3
vt -0.65 0.2
vt -0.7 0.2
vt -0.65 0.3
vt -0.7 0.3
vt -0.7 0.4
vt -0.65 0.4
vt -0.65 0.3
vt -0.7 0.3
vt -0.65 0.4
vt -0.7 0.4
vt -0.7 0.5
vt -0.65 0.5
vt -0.65 0.4
vt -0.7 0.4
vt -0.65 0.5
vt -0.7 0.5
vt -0.7 0.6
vt -0.65 0.6
vt -0.65 0.5
vt -0.7 0.5
vt -0.65 0.6
vt -0.7 0.6
vt -0.7 0.7
vt -0.65 0.7
vt -0.65 0.6
vt -0.7 0.6
vt -0.65 0.7
vt -0.7 0.7
vt -0.7 0.8
vt -0.65 0.8
vt -0.65 0.7
vt -0.7 0.7
vt -0.65 0.8
vt -0.7 0.8
vt -0.7 0.9
vt -0.65 0.9
vt -0.65 0.8
vt -0.7 0.8
vt -0.65 0.9
vt -0.7 0.9
vt -0.7 1
vt -0.65 0.9
vt -0.75 0.1
vt -0.7 0.1
vt -0.7 0.1
vt -0.75 0.1
vt -0.75 0.2
vt -0.7 0.2
vt -0.7 0.1
vt -0.75 0.1
vt -0.7 0.2
vt -0.75 0.2
vt -0.75 0.3
vt -0.7 0.3
vt -0.7 0.2
vt -0.75 0.2
vt -0.7 0.3
vt -0.75 0.3
vt -0.75 0.4
vt -0.7 0.4
vt -0.7 0.3
vt -0.75 0.3
vt -0.7 0.4
vt -0.75 0.4
vt -0.75 0.5
vt -0.7 0.5
vt -0.7 0.4
vt -0.75 0.4
vt -0.7 0.5
vt -0.75 0.5
vt -0.75 0.6
vt -0.7 0.6
vt -0.7 0.5
vt -0.75 0.5
vt -0.7 0.6
vt -0.75 0.6
vt -0.75 0.7
vt -0.7 0.7
vt -0.7 0.6
vt -0.75 0.6
vt -0.7 0.7
vt -0.75 0.7
vt -0.75 0.8
vt -0.7 0.8
vt -0.7 0.7
vt -0.75 0.7
vt -0.7 0.8
vt -0.75 0.8
vt -0.75 0.9
vt -0.7 0.9
vt -0.7 0.8
vt -0.75 0.8
vt -0.7 0.9
vt -0.75 0.9
vt -0.75 1
vt -0.7 0.9
vt -0.8 0.1
vt -0.75 0.1
vt -0.75 0.1
vt -0.8 0.1
vt -0.8 0.2
vt -0.75 0.2
vt -0.75 0.1
vt -0.8 0.1
vt -0.75 0.2
vt -0.8 0.2
vt -0.8 0.3
vt -0.75 0.3
vt -0.75 0.2
vt -0.8 0.2
vt -0.75 0.3
vt -0.8 0.3
vt -0.8 0.4
vt -0.75 0.4
vt -0.75 0.3
vt -0.8 0.3
vt -0.75 0.4
vt -0.8 0.4
vt -0.8 0.5
vt -0.75 0.5
vt -0.75 0.4
vt -0.8 0.4
vt -0.75 0.5
vt -0.8 0.5
vt -0.8 0.6
vt -0.75 0.6
vt -0.75 0.5
vt -0.8 0.5
vt -0.75 0.6
vt -0.8 0.6
vt -0.8 0.7
vt -0.75 0.7
vt -0.75 0.6
vt -0.8 0.6
vt -0.75 0.7
vt -0.8 0.7
vt -0.8 0.8
vt -0.75 0.8
vt -0.75 0.7
vt -0.8 0.7
vt -0.75 0.8
vt -0.8 0.8
vt -0.8 0.9
vt -0.75 0.9
vt -0.75 0.8
vt -0.8 0.8
vt -0.75 0.9
vt -0.8 0.9
vt -0.8 1
vt -0.75 0.9
vt -0.85 0.1
vt -0.8 0.1
vt -0.8 0.1
vt -0.85 0.1
vt -0.85 0.2
vt -0.8 0.2
vt -0.8 0.1
vt -0.85 0.1
vt -0.8 0.2
vt -0.85 0.2
vt -0.85 0.3
vt -0.8 0.3
vt -0.8 0.2
vt -0.85 0.2
vt -0.8 0.3
vt -0.85 0.3
vt -0.85 0.4
vt -0.8 0.4
vt -0.8 0.3
vt -0.85 0.3
vt -0.8 0.4
vt -0.85 0.4
vt -0.85 0.5
vt -0.8 0.5
vt -0.8 0.4
vt -0.85 0.4
vt -0.8 0.5
vt -0.85 0.5
vt -0.85 0.6
vt -0.8 0.6
vt -0.8 0.5
vt -0.85 0.5
vt -0.8 0.6
vt -0.85 0.6
vt -0.85 0.7
vt -0.8 0.7
vt -0.8 0.6
vt -0.85 0.6
vt -0.8 0.7
vt -0.85 0.7
vt -0.85 0.8
vt -0.8 0.8
vt -0.8 0.7
vt -0.85 0.7
vt -0.8 0.8
vt -0.85 0.8
vt -0.85 0.9
vt -0.8 0.9
vt -0.8 0.8
vt -0.85 0.8
vt -0.8 0.9
vt -0.85 0.9
vt -0.85 1
vt -0.8 0.9
vt -0.9 0.1
vt -0.85 0.1
vt -0.85 0.1
vt -0.9 0.1
vt -0.9 0.2
vt -0.85 0.2
vt -0.85 0.1
vt -0.9 0.1
vt -0.85 0.2
vt -0.9 0.2
vt -0.9 0.3
vt -0.85 0.3
vt -0.85 0.2
vt -0.9 0.2
vt -0.85 0.3
vt -0.9 0.3
vt -0.9 0.4
vt -0.85 0.4
vt -0.85 0.3
vt -0.9 0.3
vt -0.85 0.4
vt -0.9 0.4
vt -0.9 0.5
vt -0.85 0.5
vt -0.85 0.4
vt -0.9 0.4
vt -0.85 0.5
vt -0.9 0.5
vt -0.9 0.6
vt -0.85 0.6
vt -0.85 0.5
vt -0.9 0.5
vt -0.85 0.6
vt -0.9 0.6
vt -0.9 0.7
vt -0.85 0.7
vt -0.85 0.6
vt -0.9 0.6
vt -0.85 0.7
vt -0.9 0.7
vt -0.9 0.8
vt -0.85 0.8
vt -0.85 0.7
vt -0.9 0.7
vt -0.85 0.8
vt -0.9 0.8
vt -0.9 0.9
vt -0.85 0.9
vt -0.85 0.8
vt -0.9 0.8
vt -0.85 0.9
vt -0.9 0.9
vt -0.9 1
vt -0.85 0.9
vt -0.95 0.1
vt -0.9 0.1
vt -0.9 0.1
vt -0.95 0.1
vt -0.95 0.2
vt -0.9 0.2
vt -0.9 0.1
vt -0.95 0.1
vt -0.9 0.2
vt -0.95 0.2
vt -0.95 0.3
vt -0.9 0.3
vt -0.9 0.2
vt -0.95 0.2
vt -0.9 0.3
vt -0.95 0.3
vt -0.95 0.4
vt -0.9 0.4
vt -0.9 0.3
vt -0.95 0.3
vt -0.9 0.4
vt -0.95 0.4
vt -0.95 0.5
vt -0.9 0.5
vt -0.9 0.4
vt -0.95 0.4
vt -0.9 0.5
vt -0.95 0.5
vt -0.95 0.6
vt -0.9 0.6
vt -0.9 0.5
vt -0.95 0.5
vt -0.9 0.6
vt -0.95 0.6
vt -0.95 0.7
vt -0.9 0.7
vt -0.9 0.6
vt -0.95 0.6
vt -0.9 0.7
vt -0.95 0.7
vt -0.95 0.8
vt -0.9 0.8
vt -0.9 0.7
vt -0.95 0.7
vt -0.9 0.8
vt -0.95 0.8
vt -0.95 0.9
vt -0.9 0.9
vt -0.9 0.8
vt -0.95 0.8
vt -0.9 0.9
vt -0.95 0.9
vt -0.95 1
vt -0.9 0.9
vt -1 0.1
vt -0.95 0.1
vt -0.95 0.1
vt -1 0.1
vt -1 0.2
vt -0.95 0.2
vt -0.95 0.1
vt -1 0.1
vt -0.95 0.2
vt -1 0.2
vt -1 0.3
vt -0.95 0.3
vt -0.95 0.2
vt -1 0.2
vt -0.95 0.3
vt -1 0.3
vt -1 0.4
vt -0.95 0.4
vt -0.95 0.3
vt -1 0.3
vt -0.95 0.4
vt -1 0.4
vt -1 0.5
vt -0.95 0.5
vt -0.95 0.4
vt -1 0.4
vt -0.95 0.5
vt -1 0.5
vt -1 0.6
vt -0.95 0.6
vt -0.95 0.5
vt -1 0.5
vt -0.95 0.6
vt -1 0.6
vt -1 0.7
vt -0.95 0.7
vt -0.95 0.6
vt -1 0.6
vt -0.95 0.7
vt -1 0.7
vt -1 0.8
vt -0.95 0.8
vt -0.95 0.7
vt -1 0.7
vt -0.95 0.8
vt -1 0.8
vt -1 0.9
vt -0.95 0.9
vt -0.95 0.8
vt -1 0.8
vt -0.95 0.9
vt -1 0.9
vt -1 1
vt -0.95 0.9
vt -0.05 0.1
vt 0 0.1
vt 0 0.1
vt -0.05 0.1
vt -0.05 0.2
vt 0 0.2
vt 0 0.1
vt -0.05 0.1
vt 0 0.2
vt -0.05 0.2
vt -0.05 0.3
vt 0 0.3
vt 0 0.2
vt -0.05 0.2
vt 0 0.3
vt -0.05 0.3
vt -0.05 0.4
vt 0 0.4
vt 0 0.3
vt -0.05 0.3
vt 0 0.4
vt -0.05 0.4
vt -0.05 0.5
vt 0 0.5
vt 0 0.4
vt -0.05 0.4
vt 0 0.5
vt -0.05 0.5
vt -0.05 0.6
vt 0 0.6
vt 0 0.5
vt -0.05 0.5
vt 0 0.6
vt -0.05 0.6
vt -0.05 0.7
vt 0 0.7
vt 0 0.6
vt -0.05 0.6
vt 0 0.7
vt -0.05 0.7
vt -0.05 0.8
vt 0 0.8
vt 0 0.7
vt -0.05 0.7
vt 0 0.8
vt -0.05 0.8
vt -0.05 0.9
vt 0 0.9
vt 0 0.8
vt -0.05 0.8
vt 0 0.9
vt -0.05 0.9
vt -0.05 1
vt 0 0.9
vt -0.1 0.1
vt -0.05 0.1
vt -0.05 0.1
vt -0.1 0.1
vt -0.1 0.2
vt -0.05 0.2
vt -0.05 0.1
vt -0.1 0.1
vt -0.05 0.2
vt -0.1 0.2
vt -0.1 0.3
vt -0.05 0.3
vt -0.05 0.2
vt -0.1 0.2
vt -0.05 0.3
vt -0.1 0.3
vt -0.1 0.4
vt -0.05 0.4
vt -0.05 0.3
vt -0.1 0.3
vt -0.05 0.4
vt -0.1 0.4
vt -0.1 0.5
vt -0.05 0.5
vt -0.05 0.4
vt -0.1 0.4
vt -0.05 0.5
vt -0.1 0.5
vt -0.1 0.6
vt -0.05 0.6
vt -0.05 0.5
vt -0.1 0.5
vt -0.05 0.6
vt -0.1 0.6
vt -0.1 0.7
vt -0.05 0.7
vt -0.05 0.6
vt -0.1 0.6
vt -0.05 0.7
vt -0.1 0.7
vt -0.1 0.8
vt -0.05 0.8
vt -0.05 0.7
vt -0.1 0.7
vt -0.05 0.8
vt -0.1 0.8
vt -0.1 0.9
vt -0.05 0.9
vt -0.05 0.8
vt -0.1 0.8
vt -0.05 0.9
vt -0.1 0.9
vt -0.1 1
vt -0.05 0.9
vt -0.15 0.1
vt -0.1 0.1
vt -0.1 0.1
vt -0.15 0.1
vt -0.15 0.2
vt -0.1 0.2
vt -0.1 0.1
vt -0.15 0.1
vt -0.1 0.2
vt -0.15 0.2
vt -0.15 0.3
vt -0.1 0.3
vt -0.1 0.2
vt -0.15 0.2
vt -0.1 0.3
vt -0.15 0.3
vt -0.15 0.4
vt -0.1 0.4
vt -0.1 0.3
vt -0.15 0.3
vt -0.1 0.4
vt -0.15 0.4
vt -0.15 0.5
vt -0.1 0.5
vt -0.1 0.4
vt -0.15 0.4
vt -0.1 0.5
vt -0.15 0.5
vt -0.15 0.6
vt -0.1 0.6
vt -0.1 0.5
vt -0.15 0.5
vt -0.1 0.6
vt -0.15 0.6
vt -0.15 0.7
vt -0.1 0.7
vt -0.1 0.6
vt -0.15 0.6
vt -0.1 0.7
vt -0.15 0.7
vt -0.15 0.8
vt -0.1 0.8
vt -0.1 0.7
vt -0.15 0.7
vt -0.1 0.8
vt -0.15 0.8
vt -0.15 0.9
vt -0.1 0.9
vt -0.1 0.8
vt -0.15 0.8
vt -0.1 0.9
vt -0.15 0.9
vt -0.15 1
vt -0.1 0.9
vt -0.2 0.1
vt -0.15 0.1
vt -0.15 0.1
vt -0.2 0.1
vt -0.2 0.2
vt -0.15 0.2
vt -0.15 0.1
vt -0.2 0.1
vt -0.15 0.2
vt -0.2 0.2
vt -0.2 0.3
vt -0.15 0.3
vt -0.15 0.2
vt -0.2 0.2
vt -0.15 0.3
vt -0.2 0.3
vt -0.2 0.4
vt -0.15 0.4
vt -0.15 0.3
vt -0.2 0.3
vt -0.15 0.4
vt -0.2 0.4
vt -0.2 0.5
vt -0.15 0.5
vt -0.15 0.4
vt -0.2 0.4
vt -0.15 0.5
vt -0.2 0.5
vt -0.2 0.6
vt -0.15 0.6
vt -0.15 0.5
vt -0.2 0.5
vt -0.15 0.6
vt -0.2 0.6
vt -0.2 0.7
vt -0.15 0.7
vt -0.15 0.6
vt -0.2 0.6
vt -0.15 0.7
vt -0.2 0.7
vt -0.2 0.8
vt -0.15 0.8
vt -0.15 0.7
vt -0.2 0.7
vt -0.15 0.8
vt -0.2 0.8
vt -0.2 0.9
vt -0.15 0.9
vt -0.15 0.8
vt -0.2 0.8
vt -0.15 0.9
vt -0.2 0.9
vt -0.2 1
vt -0.15 0.9
vt -0.25 0.1
vt -0.2 0.1
vt -0.2 0.1
vt -0.25 0.1
vt -0.25 0.2
vt -0.2 0.2
vt -0.2 0.1
vt -0.25 0.1
vt -0.2 0.2
vt -0.25 0.2
vt -0.25 0.3
vt -0.2 0.3
vt -0.2 0.2
vt -0.25 0.2
vt -0.2 0.3
vt -0.25 0.3
vt -0.25 0.4
vt -0.2 0.4
vt -0.2 0.3
vt -0.25 0.3
vt -0.2 0.4
vt -0.25 0.4
vt -0.25 0.5
vt -0.2 0.5
vt -0.2 0.4
vt -0.25 0.4
vt -0.2 0.5
vt -0.25 0.5
vt -0.25 0.6
vt -0.2 0.6
vt -0.2 0.5
vt -0.25 0.5
vt -0.2 0.6
vt -0.25 0.6
vt -0.25 0.7
vt -0.2 0.7
vt -0.2 0.6
vt -0.25 0.6
vt -0.2 0.7
vt -0.25 0.7
vt -0.25 0.8
vt -0.2 0.8
vt -0.2 0.7
vt -0.25 0.7
vt -0.2 0.8
vt -0.25 0.8
vt -0.25 0.9
vt -0.2 0.9
vt -0.2 0.8
vt -0.25 0.8
vt -0.2 0.9
vt -0.25 0.9
vt -0.25 1
vt -0.2 0.9
vt -0.3 0.1
vt -0.25 0.1
vt -0.25 0.1
vt -0.3 0.1
vt -0.3 0.2
vt -0.25 0.2
vt -0.25 0.1
vt -0.3 0.1
vt -0.25 0.2
vt -0.3 0.2
vt -0.3 0.3
vt -0.25 0.3
vt -0.25 0.2
vt -0.3 0.2
vt -0.25 0.3
vt -0.3 0.3
vt -0.3 0.4
vt -0.25 0.4
vt -0.25 0.3
vt -0.3 0.3
vt -0.25 0.4
vt -0.3 0.4
vt -0.3 0.5
vt -0.25 0.5
vt -0.25 0.4
vt -0.3 0.4
vt -0.25 0.5
vt -0.3 0.5
vt -0.3 0.6
vt -0.25 0.6
vt -0.25 0.5
vt -0.3 0.5
vt -0.25 0.6
vt -0.3 0.6
vt -0.3 0.7
vt -0.25 0.7
vt -0.25 0.6
vt -0.3 0.6
vt -0.25 0.7
vt -0.3 0.7
vt -0.3 0.8
vt -0.25 0.8
vt -0.25 0.7
vt -0.3 0.7
vt -0.25 0.8
vt -0.3 0.8
vt -0.3 0.9
vt -0.25 0.9
vt -0.25 0.8
vt -0.3 0.8
vt -0.25 0.9
vt -0.3 0.9
vt -0.3 1
vt -0.25 0.9
vt -0.35 0.1
vt -0.3 0.1
vt -0.3 0.1
vt -0.35 0.1
vt -0.35 0.2
vt -0.3 0.2
vt -0.3 0.1
vt -0.35 0.1
vt -0.3 0.2
vt -0.35 0.2
vt -0.35 0.3
vt -0.3 0.3
vt -0.3 0.2
vt -0.35 0.2
vt -0.3 0.3
vt -0.35 0.3
vt -0.35 0.4
vt -0.3 0.4
vt -0.3 0.3
vt -0.35 0.3
vt -0.3 0.4
vt -0.35 0.4
vt -0.35 0.5
vt -0.3 0.5
vt -0.3 0.4
vt -0.35 0.4
vt -0.3 0.5
vt -0.35 0.5
vt -0.35 0.6
vt -0.3 0.6
vt -0.3 0.5
vt -0.35 0.5
vt -0.3 0.6
vt -0.35 0.6
vt -0.35 0.7
vt -0.3 0.7
vt -0.3 0.6
vt -0.35 0.6
vt -0.3 0.7
vt -0.35 0.7
vt -0.35 0.8
vt -0.3 0.8
vt -0.3 0.7
vt -0.35 0.7
vt -0.3 0.8
vt -0.35 0.8
vt -0.35 0.9
vt -0.3 0.9
vt -0.3 0.8
vt -0.35 0.8
vt -0.3 0.9
vt -0.35 0.9
vt -0.35 1
vt -0.3 0.9
vt -0.4 0.1
vt -0.35 0.1
vt -0.35 0.1
vt -0.4 0.1
vt -0.4 0.2
vt -0.35 0.2
vt -0.35 0.1
vt -0.4 0.1
vt -0.35 0.2
vt -0.4 0.2
vt -0.4 0.3
vt -0.35 0.3
vt -0.35 0.2
vt -0.4 0.2
vt -0.35 0.3
vt -0.4 0.3
vt -0.4 0.4
vt -0.35 0.4
vt -0.35 0.3
vt -0.4 0.3
vt -0.35 0.4
vt -0.4 0.4
vt -0.4 0.5
vt -0.35 0.5
vt -0.35 0.4
vt -0.4 0.4
vt -0.35 0.5
vt -0.4 0.5
vt -0.4 0.6
vt -0.35 0.6
vt -0.35 0.5
vt -0.4 0.5
vt -0.35 0.6
vt -0.4 0.6
vt -0.4 0.7
vt -0.35 0.7
vt -0.35 0.6
vt -0.4 0.6
vt -0.35 0.7
vt -0.4 0.7
vt -0.4 0.8
vt -0.35 0.8
vt -0.35 0.7
vt -0.4 0.7
vt -0.35 0.8
vt -0.4 0.8
vt -0.4 0.9
vt -0.35 0.9
vt -0.35 0.8
vt -0.4 0.8
vt -0.35 0.9
vt -0.4 0.9
vt -0.4 1
vt -0.35 0.9
vt -0.45 0.1
vt -0.4 0.1
vt -0.4 0.1
vt -0.45 0.1
vt -0.45 0.2
vt -0.4 0.2
vt -0.4 0.1
vt -0.45 0.1
vt -0.4 0.2
vt -0.45 0.2
vt -0.45 0.3
vt -0.4 0.3
vt -0.4 0.2
vt -0.45 0.2
vt -0.4 0.3
vt -0.45 0.3
vt -0.45 0.4
vt -0.4 0.4
vt -0.4 0.3
vt -0.45 0.3
vt -0.4 0.4
vt -0.45 0.4
vt -0.45 0.5
vt -0.4 0.5
vt -0.4 0.4
vt -0.45 0.4
vt -0.4 0.5
vt -0.45 0.5
vt -0.45 0.6
vt -0.4 0.6
vt -0.4 0.5
vt -0.45 0.5
vt -0.4 0.6
vt -0.45 0.6
vt -0.45 0.7
vt -0.4 0.7
vt -0.4 0.6
vt -0.45 0.6
vt -0.4 0.7
vt -0.45 0.7
vt -0.45 0.8
vt -0.4 0.8
vt -0.4 0.7
vt -0.45 0.7
vt -0.4 0.8
vt -0.45 0.8
vt -0.45 0.9
vt -0.4 0.9
vt -0.4 0.8
vt -0.45 0.8
vt -0.4 0.9
vt -0.45 0.9
vt -0.45 1
vt -0.4 0.9
vt -0.5 0.1
vt -0.45 0.1
vt -0.45 0.1
vt -0.5 0.1
vt -0.5 0.2
vt -0.45 0.2
vt -0.45 0.1
vt -0.5 0.1
vt -0.45 0.2
vt -0.5 0.2
vt -0.5 0.3
vt -0.45 0.3
vt -0.45 0.2
vt -0.5 0.2
vt -0.45 0.3
vt -0.5 0.3
vt -0.5 0.4
vt -0.45 0.4
vt -0.45 0.3
vt -0.5 0.3
vt -0.45 0.4
vt -0.5 0.4
vt -0.5 0.5
vt -0.45 0.5
vt -0.45 0.4
vt -0.5 0.4
vt -0.45 0.5
vt -0.5 0.5
vt -0.5 0.6
vt -0.45 0.6
vt -0.45 0.5
vt -0.5 0.5
vt -0.45 0.6
vt -0.5 0.6
vt -0.5 0.7
vt -0.45 0.7
vt -0.45 0.6
vt -0.5 0.6
vt -0.45 0.7
vt -0.5 0.7
vt -0.5 0.8
vt -0.45 0.8
vt -0.45 0.7
vt -0.5 0.7
vt -0.45 0.8
vt -0.5 0.8
vt -0.5 0.9
vt -0.45 0.9
vt -0.45 0.8
vt -0.5 0.8
vt -0.45 0.9
vt -0.5 0.9
vt -0.5 1
vt -0.45 0.9
vt -0.55 0.1
vt -0.5 0.1
vt -0.5 0.1
vt -0.55 0.1
vt -0.55 0.2
vt -0.5 0.2
vt -0.5 0.1
vt -0.55 0.1
vt -0.5 0.2
vt -0.55 0.2
vt -0.55 0.3
vt -0.5 0.3
vt -0.5 0.2
vt -0.55 0.2
vt -0.5 0.3
vt -0.55 0.3
vt -0.55 0.4
vt -0.5 0.4
vt -0.5 0.3
vt -0.55 0.3
vt -0.5 0.4
vt -0.55 0.4
vt -0.55 0.5
vt -0.5 0.5
vt -0.5 0.4
vt -0.55 0.4
vt -0.5 0.5
vt -0.55 0.5
vt -0.55 0.6
vt -0.5 0.6
vt -0.5 0.5
vt -0.55 0.5
vt -0.5 0.6
vt -0.55 0.6
vt -0.55 0.7
vt -0.5 0.7
vt -0.5 0.6
vt -0.55 0.6
vt -0.5 0.7
vt -0.55 0.7
vt -0.55 0.8
vt -0.5 0.8
vt -0.5 0.7
vt -0.55 0.7
vt -0.5 0.8
vt -0.55 0.8
vt -0.55 0.9
vt -0.5 0.9
vt -0.5 0.8
vt -0.55 0.8
vt -0.5 0.9
vt -0.55 0.9
vt -0.55 1
vt -0.5 0.9
vt -0.6 0.1
vt -0.55 0.1
vt -0.55 0.1
vt -0.6 0.1
vt -0.6 0.2
vt -0.55 0.2
vt -0.55 0.1
vt -0.6 0.1
vt -0.55 0.2
vt -0.6 0.2
vt -0.6 0.3
vt -0.55 0.3
vt -0.55 0.2
vt -0.6 0.2
vt -0.55 0.3
vt -0.6 0.3
vt -0.6 0.4
vt -0.55 0.4
vt -0.55 0.3
vt -0.6 0.3
vt -0.55 0.4
vt -0.6 0.4
vt -0.6 0.5
vt -0.55 0.5
vt -0.55 0.4
vt -0.6 0.4
vt -0.55 0.5
vt -0.6 0.5
vt -0.6 0.6
vt -0.55 0.6
vt -0.55 0.5
vt -0.6 0.5
vt -0.55 0.6
vt -0.6 0.6
vt -0.6 0.7
vt -0.55 0.7
vt -0.55 0.6
vt -0.6 0.6
vt -0.55 0.7
vt -0.6 0.7
vt -0.6 0.8
vt -0.55 0.8
vt -0.55 0.7
vt -0.6 0.7
vt -0.55 0.8
vt -0.6 0.8
vt -0.6 0.9
vt -0.55 0.9
vt -0.55 0.8
vt -0.6 0.8
vt -0.55 0.9
vt -0.6 0.9
vt -0.6 1
vt -0.55 0.9
vt -0.65 0.1
vt -0.6 0.1
vt -0.6 0.1
vt -0.65 0.1
vt -0.65 0.2
vt -0.6 0.2
vt -0.6 0.1
vt -0.65 0.1
vt -0.6 0.2
vt -0.65 0.2
vt -0.65 0.3
vt -0.6 0.3
vt -0.6 0.2
vt -0.65 0.2
vt -0.6 0.3
vt -0.65 0.3
vt -0.65 0.4
vt -0.6 0.4
vt -0.6 0.3
vt -0.65 0.3
vt -0.6 0.4
vt -0.65 0.4
vt -0.65 0.5
vt -0.6 0.5
vt -0.6 0.4
vt -0.65 0.4
vt -0.6 0.5
vt -0.65 0.5
vt -0.65 0.6
vt -0.6 0.6
vt -0.6 0.5
vt -0.65 0.5
vt -0.6 0.6
vt -0.65 0.6
vt -0.65 0.7
vt -0.6 0.7
vt -0.6 0.6
vt -0.65 0.6
vt -0.6 0.7
vt -0.65 0.7
vt -0.65 0.8
vt -0.6 0.8
vt -0.6 0.7
vt -0.65 0.7
vt -0.6 0.8
vt -0.65 0.8
vt -0.65 0.9
vt -0.6 0.9
vt -0.6 0.8
vt -0.65 0.8
vt -0.6 0.9
vt -0.65 0.9
vt -0.65 1
vt -0.6 0.9
vt -0.7 0.1
vt -0.65 0.1
vt -0.65 0.1
vt -0.7 0.1
vt -0.7 0.2
vt -0.65 0.2
vt -0.65 0.1
vt -0.7 0.1
vt -0.65 0.2
vt -0.7 0.2
vt -0.7 0.3
vt -0.65 0.3
vt -0.65 0.2
vt -0.7 0.2
vt -0.65 0.3
vt -0.7 0.3
vt -0.7 0.4
vt -0.65 0.4
vt -0.65 0.3
vt -0.7 0.3
vt -0.65 0.4
vt -0.7 0.4
vt -0.7 0.5
vt -0.65 0.5
vt -0.65 0.4
vt -0.7 0.4
vt -0.65 0.5
vt -0.7 0.5
vt -0.7 0.6
vt -0.65 0.6
vt -0.65 0.5
vt -0.7 0.5
vt -0.65 0.6
vt -0.7 0.6
vt -0.7 0.7
vt -0.65 0.7
vt -0.65 0.6
vt -0.7 0.6
vt -0.65 0.7
vt -0.7 0.7
vt -0.7 0.8
vt -0.65 0.8
vt -0.65 0.7
vt -0.7 0.7
vt -0.65 0.8
vt -0.7 0.8
vt -0.7 0.9
vt -0.65 0.9
vt -0.65 0.8
vt -0.7 0.8
vt -0.65 0.9
vt -0.7 0.9
vt -0.7 1
vt -0.65 0.9
vt -0.75 0.1
vt -0.7 0.1
vt -0.7 0.1
vt -0.75 0.1
vt -0.75 0.2
vt -0.7 0.2
vt -0.7 0.1
vt -0.75 0.1
vt -0.7 0.2
vt -0.75 0.2
vt -0.75 0.3
vt -0.7 0.3
vt -0.7 0.2
vt -0.75 0.2
vt -0.7 0.3
vt -0.75 0.3
vt -0.75 0.4
vt -0.7 0.4
vt -0.7 0.3
vt -0.75 0.3
vt -0.7 0.4
vt -0.75 0.4
vt -0.75 0.5
vt -0.7 0.5
vt -0.7 0.4
vt -0.75 0.4
vt -0.7 0.5
vt -0.75 0.5
vt -0.75 0.6
vt -0.7 0.6
vt -0.7 0.5
vt -0.75 0.5
vt -0.7 0.6
vt -0.75 0.6
vt -0.75 0.7
vt -0.7 0.7
vt -0.7 0.6
vt -0.75 0.6
vt -0.7 0.7
vt -0.75 0.7
vt -0.75 0.8
vt -0.7 0.8
vt -0.7 0.7
vt -0.75 0.7
vt -0.7 0.8
vt -0.75 0.8
vt -0.75 0.9
vt -0.7 0.9
vt -0.7 0.8
vt -0.75 0.8
vt -0.7 0.9
vt -0.75 0.9
vt -0.75 1
vt -0.7 0.9
vt -0.8 0.1
vt -0.75 0.1
vt -0.75 0.1
vt -0.8 0.1
vt -0.8 0.2
vt -0.75 0.2
vt -0.75 0.1
vt -0.8 0.1
vt -0.75 0.2
vt -0.8 0.2
vt -0.8 0.3
vt -0.75 0.3
vt -0.75 0.2
vt -0.8 0.2
vt -0.75 0.3
vt -0.8 0.3
vt -0.8 0.4
vt -0.75 0.4
vt -0.75 0.3
vt -0.8 0.3
vt -0.75 0.4
vt -0.8 0.4
vt -0.8 0.5
vt -0.75 0.5
vt -0.75 0.4
vt -0.8 0.4
vt -0.75 0.5
vt -0.8 0.5
vt -0.8 0.6
vt -0.75 0.6
vt -0.75 0.5
vt -0.8 0.5
vt -0.75 0.6
vt -0.8 0.6
vt -0.8 0.7
vt -0.75 0.7
vt -0.75 0.6
vt -0.8 0.6
vt -0.75 0.7
vt -0.8 0.7
vt -0.8 0.8
vt -0.75 0.8
vt -0.75 0.7
vt -0.8 0.7
vt -0.75 0.8
vt -0.8 0.8
vt -0.8 0.9
vt -0.75 0.9
vt -0.75 0.8
vt -0.8 0.8
vt -0.75 0.9
vt -0.8 0.9
vt -0.8 1
vt -0.75 0.9
vt -0.85 0.1
vt -0.8 0.1
vt -0.8 0.1
vt -0.85 0.1
vt -0.85 0.2
vt -0.8 0.2
vt -0.8 0.1
vt -0.85 0.1
vt -0.8 0.2
vt -0.85 0.2
vt -0.85 0.3
vt -0.8 0.3
vt -0.8 0.2
vt -0.85 0.2
vt -0.8 0.3
vt -0.85 0.3
vt -0.85 0.4
vt -0.8 0.4
vt -0.8 0.3
vt -0.85 0.3
vt -0.8 0.4
vt -0.85 0.4
vt -0.85 0.5
vt -0.8 0.5
vt -0.8 0.4
vt -0.85 0.4
vt -0.8 0.5
vt -0.85 0.5
vt -0.85 0.6
vt -0.8 0.6
vt -0.8 0.5
vt -0.85 0.5
vt -0.8 0.6
vt -0.85 0.6
vt -0.85 0.7
vt -0.8 0.7
vt -0.8 0.6
vt -0.85 0.6
vt -0.8 0.7
vt -0.85 0.7
vt -0.85 0.8
vt -0.8 0.8
vt -0.8 0.7
vt -0.85 0.7
vt -0.8 0.8
vt -0.85 0.8
vt -0.85 0.9
vt -0.8 0.9
vt -0.8 0.8
vt -0.85 0.8
vt -0.8 0.9
vt -0.85 0.9
vt -0.85 1
vt -0.8 0.9
vt -0.9 0.1
vt -0.85 0.1
vt -0.85 0.1
vt -0.9 0.1
vt -0.9 0.2
vt -0.85 0.2
vt -0.85 0.1
vt -0.9 0.1
vt -0.85 0.2
vt -0.9 0.2
vt -0.9 0.3
vt -0.85 0.3
vt -0.85 0.2
vt -0.9 0.2
vt -0.85 0.3
vt -0.9 0.3
vt -0.9 0.4
vt -0.85 0.4
vt -0.85 0.3
vt -0.9 0.3
vt -0.85 0.4
vt -0.9 0.4
vt -0.9 0.5
vt -0.85 0.5
vt -0.85 0.4
vt -0.9 0.4
vt -0.85 0.5
vt -0.9 0.5
vt -0.9 0.6
vt -0.85 0.6
vt -0.85 0.5
vt -0.9 0.5
vt -0.85 0.6
vt -0.9 0.6
vt -0.9 0.7
vt -0.85 0.7
vt -0.85 0.6
vt -0.9 0.6
vt -0.85 0.7
vt -0.9 0.7
vt -0.9 0.8
vt -0.85 0.8
vt -0.85 0.7
vt -0.9 0.7
vt -0.85 0.8
vt -0.9 0.8
vt -0.9 0.9
vt -0.85 0.9
vt -0.85 0.8
vt -0.9 0.8
vt -0.85 0.9
vt -0.9 0.9
vt -0.9 1
vt -0.85 0.9
vt -0.95 0.1
vt -0.9 0.1
vt -0.9 0.1
vt -0.95 0.1
vt -0.95 0.2
vt -0.9 0.2
vt -0.9 0.1
vt -0.95 0.1
vt -0.9 0.2
vt -0.95 0.2
vt -0.95 0.3
vt -0.9 0.3
vt -0.9 0.2
vt -0.95 0.2
vt -0.9 0.3
vt -0.95 0.3
vt -0.95 0.4
vt -0.9 0.4
vt -0.9 0.3
vt -0.95 0.3
vt -0.9 0.4
vt -0.95 0.4
vt -0.95 0.5
vt -0.9 0.5
vt -0.9 0.4
vt -0.95 0.4
vt -0.9 0.5
vt -0.95 0.5
vt -0.95 0.6
vt -0.9 0.6
vt -0.9 0.5
vt -0.95 0.5
vt -0.9 0.6
vt -0.95 0.6
vt -0.95 0.7
vt -0.9 0.7
vt -0.9 0.6
vt -0.95 0.6
vt -0.9 0.7
vt -0.95 0.7
vt -0.95 0.8
vt -0.9 0.8
vt -0.9 0.7
vt -0.95 0.7
vt -0.9 0.8
vt -0.95 0.8
vt -0.95 0.9
vt -0.9 0.9
vt -0.9 0.8
vt -0.95 0.8
vt -0.9 0.9
vt -0.95 0.9
vt -0.95 1
vt -0.9 0.9
vt -1 0.1
vt -0.95 0.1
vt -0.95 0.1
vt -1 0.1
vt -1 0.2
vt -0.95 0.2
vt -0.95 0.1
vt -1 0.1
vt -0.95 0.2
vt -1 0.2
vt -1 0.3
vt -0.95 0.3
vt -0.95 0.2
vt -1 0.2
vt -0.95 0.3
vt -1 0.3
vt -1 0.4
vt -0.95 0.4
vt -0.95 0.3
vt -1 0.3
vt -0.95 0.4
vt -1 0.4
vt -1 0.5
vt -0.95 0.5
vt -0.95 0.4
vt -1 0.4
vt -0.95 0.5
vt -1 0.5
vt -1 0.6
vt -0.95 0.6
vt -0.95 0.5
vt -1 0.5
vt -0.95 0.6
vt -1 0.6
vt -1 0.7
vt -0.95 0.7
vt -0.95 0.6
vt -1 0.6
vt -0.95 0.7
vt -1 0.7
vt -1 0.8
vt -0.95 0.8
vt -0.95 0.7
vt -1 0.7
vt -0.95 0.8
vt -1 0.8
vt -1 0.9
vt -0.95 0.9
vt -0.95 0.8
vt -1 0.8
vt -0.95 0.9
vt -1 0.9
vt -1 1
vt -0.95 0.9
vt -0.05 0.1
vt 0 0.1
vt 0 0.1
vt -0.05 0.1
vt -0.05 0.2
vt 0 0.2
vt 0 0.1
vt -0.05 0.1
vt 0 0.2
vt -0.05 0.2
vt -0.05 0.3
vt 0 0.3
vt 0 0.2
vt -0.05 0.2
vt 0 0.3
vt -0.05 0.3
vt -0.05 0.4
vt 0 0.4
vt 0 0.3
vt -0.05 0.3
vt 0 0.4
vt -0.05 0.4
vt -0.05 0.5
vt 0 0.5
vt 0 0.4
vt -0.05 0.4
vt 0 0.5
vt -0.05 0.5
vt -0.05 0.6
vt 0 0.6
vt 0 0.5
vt -0.05 0.5
vt 0 0.6
vt -0.05 0.6
vt -0.05 0.7
vt 0 0.7
vt 0 0.6
vt -0.05 0.6
vt 0 0.7
vt -0.05 0.7
vt -0.05 0.8
vt 0 0.8
vt 0 0.7
vt -0.05 0.7
vt 0 0.8
vt -0.05 0.8
vt -0.05 0.9
vt 0 0.9
vt 0 0.8
vt -0.05 0.8
vt 0 0.9
vt -0.05 0.9
vt -0.05 1
vt 0 0.9
vt -0.1 0.1
vt -0.05 0.1
vt -0.05 0.1
vt -0.1 0.1
vt -0.1 0.2
vt -0.05 0.2
vt -0.05 0.1
vt -0.1 0.1
vt -0.05 0.2
vt -0.1 0.2
vt -0.1 0.3
vt -0.05 0.3
vt -0.05 0.2
vt -0.1 0.2
vt -0.05 0.3
vt -0.1 0.3
vt -0.1 0.4
vt -0.05 0.4
vt -0.05 0.3
vt -0.1 0.3
vt -0.05 0.4
vt -0.1 0.4
vt -0.1 0.5
vt -0.05 0.5
vt -0.05 0.4
vt -0.1 0.4
vt -0.05 0.5
vt -0.1 0.5
vt -0.1 0.6
vt -0.05 0.6
vt -0.05 0.5
vt -0.1 0.5
vt -0.05 0.6
vt -0.1 0.6
vt -0.1 0.7
vt -0.05 0.7
vt -0.05 0.6
vt -0.1 0.6
vt -0.05 0.7
vt -0.1 0.7
vt -0.1 0.8
vt -0.05 0.8
vt -0.05 0.7
vt -0.1 0.7
vt -0.05 0.8
vt -0.1 0.8
vt -0.1 0.9
vt -0.05 0.9
vt -0.05 0.8
vt -0.1 0.8
vt -0.05 0.9
vt -0.1 0.9
vt -0.1 1
vt -0.05 0.9
vt -0.15 0.1
vt -0.1 0.1
vt -0.1 0.1
vt -0.15 0.1
vt -0.15 0.2
vt -0.1 0.2
vt -0.1 0.1
vt -0.15 0.1
vt -0.1 0.2
vt -0.15 0.2
vt -0.15 0.3
vt -0.1 0.3
vt -0.1 0.2
vt -0.15 0.2
vt -0.1 0.3
vt -0.15 0.3
vt -0.15 0.4
vt -0.1 0.4
vt -0.1 0.3
vt -0.15 0.3
vt -0.1 0.4
vt -0.15 0.4
vt -0.15 0.5
vt -0.1 0.5
vt -0.1 0.4
vt -0.15 0.4
vt -0.1 0.5
vt -0.15 0.5
vt -0.15 0.6
vt -0.1 0.6
vt -0.1 0.5
vt -0.15 0.5
vt -0.1 0.6
vt -0.15 0.6
vt -0.15 0.7
vt -0.1 0.7
vt -0.1 0.6
vt -0.15 0.6
vt -0.1 0.7
vt -0.15 0.7
vt -0.15 0.8
vt -0.1 0.8
vt -0.1 0.7
vt -0.15 0.7
vt -0.1 0.8
vt -0.15 0.8
vt -0.15 0.9
vt -0.1 0.9
vt -0.1 0.8
vt -0.15 0.8
vt -0.1 0.9
vt -0.15 0.9
vt -0.15 1
vt -0.1 0.9
vt -0.2 0.1
vt -0.15 0.1
vt -0.15 0.1
vt -0.2 0.1
vt -0.2 0.2
vt -0.15 0.2
vt -0.15 0.1
vt -0.2 0.1
vt -0.15 0.2
vt -0.2 0.2
vt -0.2 0.3
vt -0.15 0.3
vt -0.15 0.2
vt -0.2 0.2
vt -0.15 0.3
vt -0.2 0.3
vt -0.2 0.4
vt -0.15 0.4
vt -0.15 0.3
vt -0.2 0.3
vt -0.15 0.4
vt -0.2 0.4
vt -0.2 0.5
vt -0.15 0.5
vt -0.15 0.4
vt -0.2 0.4
vt -0.15 0.5
vt -0.2 0.5
vt -0.2 0.6
vt -0.15 0.6
vt -0.15 0.5
vt -0.2 0.5
vt -0.15 0.6
vt -0.2 0.6
vt -0.2 0.7
vt -0.15 0.7
vt -0.15 0.6
vt -0.2 0.6
vt -0.15 0.7
vt -0.2 0.7
vt -0.2 0.8
vt -0.15 0.8
vt -0.15 0.7
vt -0.2 0.7
vt -0.15 0.8
vt -0.2 0.8
vt -0.2 0.9
vt -0.15 0.9
vt -0.15 0.8
vt -0.2 0.8
vt -0.15 0.9
vt -0.2 0.9
vt -0.2 1
vt -0.15 0.9
vt -0.25 0.1
vt -0.2 0.1
vt -0.2 0.1
vt -0.25 0.1
vt -0.25 0.2
vt -0.2 0.2
vt -0.2 0.1
vt -0.25 0.1
vt -0.2 0.2
vt -0.25 0.2
vt -0.25 0.3
vt -0.2 0.3
vt -0.2 0.2
vt -0.25 0.2
vt -0.2 0.3
vt -0.25 0.3
vt -0.25 0.4
vt -0.2 0.4
vt -0.2 0.3
vt -0.25 0.3
vt -0.2 0.4
vt -0.25 0.4
vt -0.25 0.5
vt -0.2 0.5
vt -0.2 0.4
vt -0.25 0.4
vt -0.2 0.5
vt -0.25 0.5
vt -0.25 0.6
vt -0.2 0.6
vt -0.2 0.5
vt -0.25 0.5
vt -0.2 0.6
vt -0.25 0.6
vt -0.25 0.7
vt -0.2 0.7
vt -0.2 0.6
vt -0.25 0.6
vt -0.2 0.7
vt -0.25 0.7
vt -0.25 0.8
vt -0.2 0.8
vt -0.2 0.7
vt -0.25 0.7
vt -0.2 0.8
vt -0.25 0.8
vt -0.25 0.9
vt -0.2 0.9
vt -0.2 0.8
vt -0.25 0.8
vt -0.2 0.9
vt -0.25 0.9
vt -0.25 1
vt -0.2 0.9
vt -0.3 0.1
vt -0.25 0.1
vt -0.25 0.1
vt -0.3 0.1
vt -0.3 0.2
vt -0.25 0.2
vt -0.25 0.1
vt -0.3 0.1
vt -0.25 0.2
vt -0.3 0.2
vt -0.3 0.3
vt -0.25 0.3
vt -0.25 0.2
vt -0.3 0.2
vt -0.25 0.3
vt -0.3 0.3
vt -0.3 0.4
vt -0.25 0.4
vt -0.25 0.3
vt -0.3 0.3
vt -0.25 0.4
vt -0.3 0.4
vt -0.3 0.5
vt -0.25 0.5
vt -0.25 0.4
vt -0.3 0.4
vt -0.25 0.5
vt -0.3 0.5
vt -0.3 0.6
vt -0.25 0.6
vt -0.25 0.5
vt -0.3 0.5
vt -0.25 0.6
vt -0.3 0.6
vt -0.3 0.7
vt -0.25 0.7
vt -0.25 0.6
vt -0.3 0.6
vt -0.25 0.7
vt -0.3 0.7
vt -0.3 0.8
vt -0.25 0.8
vt -0.25 0.7
vt -0.3 0.7
vt -0.25 0.8
vt -0.3 0.8
vt -0.3 0.9
vt -0.25 0.9
vt -0.25 0.8
vt -0.3 0.8
vt -0.25 0.9
vt -0.3 0.9
vt -0.3 1
vt -0.25 0.9
vt -0.35 0.1
vt -0.3 0.1
vt -0.3 0.1
vt -0.35 0.1
vt -0.35 0.2
vt -0.3 0.2
vt -0.3 0.1
vt -0.35 0.1
vt -0.3 0.2
vt -0.35 0.2
vt -0.35 0.3
vt -0.3 0.3
vt -0.3 0.2
vt -0.35 0.2
vt -0.3 0.3
vt -0.35 0.3
vt -0.35 0.4
vt -0.3 0.4
vt -0.3 0.3
vt -0.35 0.3
vt -0.3 0.4
vt -0.35 0.4
vt -0.35 0.5
vt -0.3 0.5
vt -0.3 0.4
vt -0.35 0.4
vt -0.3 0.5
vt -0.35 0.5
vt -0.35 0.6
vt -0.3 0.6
vt -0.3 0.5
vt -0.35 0.5
vt -0.3 0.6
vt -0.35 0.6
vt -0.35 0.7
vt -0.3 0.7
vt -0.3 0.6
vt -0.35 0.6
vt -0.3 0.7
vt -0.35 0.7
vt -0.35 0.8
vt -0.3 0.8
vt -0.3 0.7
vt -0.35 0.7
vt -0.3 0.8
vt -0.35 0.8
vt -0.35 0.9
vt -0.3 0.9
vt -0.3 0.8
vt -0.35 0.8
vt -0.3 0.9
vt -0.35 0.9
vt -0.35 1
vt -0.3 0.9
vt -0.4 0.1
vt -0.35 0.1
vt -0.35 0.1
vt -0.4 0.1
vt -0.4 0.2
vt -0.35 0.2
vt -0.35 0.1
vt -0.4 0.1
vt -0.35 0.2
vt -0.4 0.2
vt -0.4 0.3
vt -0.35 0.3
vt -0.35 0.2
vt -0.4 0.2
vt -0.35 0.3
vt -0.4 0.3
vt -0.4 0.4
vt -0.35 0.4
vt -0.35 0.3
vt -0.4 0.3
vt -0.35 0.4
vt -0.4 0.4
vt -0.4 0.5
vt -0.35 0.5
vt -0.35 0.4
vt -0.4 0.4
vt -0.35 0.5
vt -0.4 0.5
vt -0.4 0.6
vt -0.35 0.6
vt -0.35 0.5
vt -0.4 0.5
vt -0.35 0.6
vt -0.4 0.6
vt -0.4 0.7
vt -0.35 0.7
vt -0.35 0.6
vt -0.4 0.6
vt -0.35 0.7
vt -0.4 0.7
vt -0.4 0.8
vt -0.35 0.8
vt -0.35 0.7
vt -0.4 0.7
vt -0.35 0.8
vt -0.4 0.8
vt -0.4 0.9
vt -0.35 0.9
vt -0.35 0.8
vt -0.4 0.8
vt -0.35 0.9
vt -0.4 0.9
vt -0.4 1
vt -0.35 0.9
vt -0.45 0.1
vt -0.4 0.1
vt -0.4 0.1
vt -0.45 0.1
vt -0.45 0.2
vt -0.4 0.2
vt -0.4 0.1
vt -0.45 0.1
vt -0.4 0.2
vt -0.45 0.2
vt -0.45 0.3
vt -0.4 0.3
vt -0.4 0.2
vt -0.45 0.2
vt -0.4 0.3
vt -0.45 0.3
vt -0.45 0.4
vt -0.4 0.4
vt -0.4 0.3
vt -0.45 0.3
vt -0.4 0.4
vt -0.45 0.4
vt -0.45 0.5
vt -0.4 0.5
vt -0.4 0.4
vt -0.45 0.4
vt -0.4 0.5
vt -0.45 0.5
vt -0.45 0.6
vt -0.4 0.6
vt -0.4 0.5
vt -0.45 0.5
vt -0.4 0.6
vt -0.45 0.6
vt -0.45 0.7
vt -0.4 0.7
vt -0.4 0.6
vt -0.45 0.6
vt -0.4 0.7
vt -0.45 0.7
vt -0.45 0.8
vt -0.4 0.8
vt -0.4 0.7
vt -0.45 0.7
vt -0.4 0.8
vt -0.45 0.8
vt -0.45 0.9
vt -0.4 0.9
vt -0.4 0.8
vt -0.45 0.8
vt -0.4 0.9
vt -0.45 0.9
vt -0.45 1
vt -0.4 0.9
vt -0.5 0.1
vt -0.45 0.1
vt -0.45 0.1
vt -0.5 0.1
vt -0.5 0.2
vt -0.45 0.2
vt -0.45 0.1
vt -0.5 0.1
vt -0.45 0.2
vt -0.5 0.2
vt -0.5 0.3
vt -0.45 0.3
vt -0.45 0.2
vt -0.5 0.2
vt -0.45 0.3
vt -0.5 0.3
vt -0.5 0.4
vt -0.45 0.4
vt -0.45 0.3
vt -0.5 0.3
vt -0.45 0.4
vt -0.5 0.4
vt -0.5 0.5
vt -0.45 0.5
vt -0.45 0.4
vt -0.5 0.4
vt -0.45 0.5
vt -0.5 0.5
vt -0.5 0.6
vt -0.45 0.6
vt -0.45 0.5
vt -0.5 0.5
vt -0.45 0.6
vt -0.5 0.6
vt -0.5 0.7
vt -0.45 0.7
vt -0.45 0.6
vt -0.5 0.6
vt -0.45 0.7
vt -0.5 0.7
vt -0.5 0.8
vt -0.45 0.8
vt -0.45 0.7
vt -0.5 0.7
vt -0.45 0.8
vt -0.5 0.8
vt -0.5 0.9
vt -0.45 0.9
vt -0.45 0.8
vt -0.5 0.8
vt -0.45 0.9
vt -0.5 0.9
vt -0.5 1
vt -0.45 0.9
vt -0.55 0.1
vt -0.5 0.1
vt -0.5 0.1
vt -0.55 0.1
vt -0.55 0.2
vt -0.5 0.2
vt -0.5 0.1
vt -0.55 0.1
vt -0.5 0.2
vt -0.55 0.2
vt -0.55 0.3
vt -0.5 0.3
vt -0.5 0.2
vt -0.55 0.2
vt -0.5 0.3
vt -0.55 0.3
vt -0.55 0.4
vt -0.5 0.4
vt -0.5 0.3
vt -0.55 0.3
vt -0.5 0.4
vt -0.55 0.4
vt -0.55 0.5
vt -0.5 0.5
vt -0.5 0.4
vt -0.55 0.4
vt -0.5 0.5
vt -0.55 0.5
vt -0.55 0.6
vt -0.5 0.6
vt -0.5 0.5
vt -0.55 0.5
vt -0.5 0.6
vt -0.55 0.6
vt -0.55 0.7
vt -0.5 0.7
vt -0.5 0.6
vt -0.55 0.6
vt -0.5 0.7
vt -0.55 0.7
vt -0.55 0.8
vt -0.5 0.8
vt -0.5 0.7
vt -0.55 0.7
vt -0.5 0.8
vt -0.55 0.8
vt -0.55 0.9
vt -0.5 0.9
vt -0.5 0.8
vt -0.55 0.8
vt -0.5 0.9
vt -0.55 0.9
vt -0.55 1
vt -0.5 0.9
vt -0.6 0.1
vt -0.55 0.1
vt -0.55 0.1
vt -0.6 0.1
vt -0.6 0.2
vt -0.55 0.2
vt -0.55 0.1
vt -0.6 0.1
vt -0.55 0.2
vt -0.6 0.2
vt -0.6 0.3
vt -0.55 0.3
vt -0.55 0.2
vt -0.6 0.2
vt -0.55 0.3
vt -0.6 0.3
vt -0.6 0.4
vt -0.55 0.4
vt -0.55 0.3
vt -0.6 0.3
vt -0.55 0.4
vt -0.6 0.4
vt -0.6 0.5
vt -0.55 0.5
vt -0.55 0.4
vt -0.6 0.4
vt -0.55 0.5
vt -0.6 0.5
vt -0.6 0.6
vt -0.55 0.6
vt -0.55 0.5
vt -0.6 0.5
vt -0.55 0.6
vt -0.6 0.6
vt -0.6 0.7
vt -0.55 0.7
vt -0.55 0.6
vt -0.6 0.6
vt -0.55 0.7
vt -0.6 0.7
vt -0.6 0.8
vt -0.55 0.8
vt -0.55 0.7
vt -0.6 0.7
vt -0.55 0.8
vt -0.6 0.8
vt -0.6 0.9
vt -0.55 0.9
vt -0.55 0.8
vt -0.6 0.8
vt -0.55 0.9
vt -0.6 0.9
vt -0.6 1
vt -0.55 0.9
vt -0.65 0.1
vt -0.6 0.1
vt -0.6 0.1
vt -0.65 0.1
vt -0.65 0.2
vt -0.6 0.2
vt -0.6 0.1
vt -0.65 0.1
vt -0.6 0.2
vt -0.65 0.2
vt -0.65 0.3
vt -0.6 0.3
vt -0.6 0.2
vt -0.65 0.2
vt -0.6 0.3
vt -0.65 0.3
vt -0.65 0.4
vt -0.6 0.4
vt -0.6 0.3
vt -0.65 0.3
vt -0.6 0.4
vt -0.65 0.4
vt -0.65 0.5
vt -0.6 0.5
vt -0.6 0.4
vt -0.65 0.4
vt -0.6 0.5
vt -0.65 0.5
vt -0.65 0.6
vt -0.6 0.6
vt -0.6 0.5
vt -0.65 0.5
vt -0.6 0.6
vt -0.65 0.6
vt -0.65 0.7
vt -0.6 0.7
vt -0.6 0.6
vt -0.65 0.6
vt -0.6 0.7
vt -0.65 0.7
vt -0.65 0.8
vt -0.6 0.8
vt -0.6 0.7
vt -0.65 0.7
vt -0.6 0.8
vt -0.65 0.8
vt -0.65 0.9
vt -0.6 0.9
vt -0.6 0.8
vt -0.65 0.8
vt -0.6 0.9
vt -0.65 0.9
vt -0.65 1
vt -0.6 0.9
vt -0.7 0.1
vt -0.65 0.1
vt -0.65 0.1
vt -0.7 0.1
vt -0.7 0.2
vt -0.65 0.2
vt -0.65 0.1
vt -0.7 0.1
vt -0.65 0.2
vt -0.7 0.2
vt -0.7 0.3
vt -0.65 0.3
vt -0.65 0.2
vt -0.7 0.2
vt -0.65 0.3
vt -0.7 0.3
vt -0.7 0.4
vt -0.65 0.4
vt -0.65 0.3
vt -0.7 0.3
vt -0.65 0.4
vt -0.7 0.4
vt -0.7 0.5
vt -0.65 0.5
vt -0.65 0.4
vt -0.7 0.4
vt -0.65 0.5
vt -0.7 0.5
vt -0.7 0.6
vt -0.65 0.6
vt -0.65 0.5
vt -0.7 0.5
vt -0.65 0.6
vt -0.7 0.6
vt -0.7 0.7
vt -0.65 0.7
vt -0.65 0.6
vt -0.7 0.6
vt -0.65 0.7
vt -0.7 0.7
vt -0.7 0.8
vt -0.65 0.8
vt -0.65 0.7
vt -0.7 0.7
vt -0.65 0.8
vt -0.7 0.8
vt -0.7 0.9
vt -0.65 0.9
vt -0.65 0.8
vt -0.7 0.8
vt -0.65 0.9
vt -0.7 0.9
vt -0.7 1
vt -0.65 0.9
vt -0.75 0.1
vt -0.7 0.1
vt -0.7 0.1
vt -0.75 0.1
vt -0.75 0.2
vt -0.7 0.2
vt -0.7 0.1
vt -0.75 0.1
vt -0.7 0.2
vt -0.75 0.2
vt -0.75 0.3
vt -0.7 0.3
vt -0.7 0.2
vt -0.75 0.2
vt -0.7 0.3
vt -0.75 0.3
vt -0.75 0.4
vt -0.7 0.4
vt -0.7 0.3
vt -0.75 0.3
vt -0.7 0.4
vt -0.75 0.4
vt -0.75 0.5
vt -0.7 0.5
vt -0.7 0.4
vt -0.75 0.4
vt -0.7 0.5
vt -0.75 0.5
vt -0.75 0.6
vt -0.7 0.6
vt -0.7 0.5
vt -0.75 0.5
vt -0.7 0.6
vt -0.75 0.6
vt -0.75 0.7
vt -0.7 0.7
vt -0.7 0.6
vt -0.75 0.6
vt -0.7 0.7
vt -0.75 0.7
vt -0.75 0.8
vt -0.7 0.8
vt -0.7 0.7
vt -0.75 0.7
vt -0.7 0.8
vt -0.75 0.8
vt -0.75 0.9
vt -0.7 0.9
vt -0.7 0.8
vt -0.75 0.8
vt -0.7 0.9
vt -0.75 0.9
vt -0.75 1
vt -0.7 0.9
vt -0.8 0.1
vt -0.75 0.1
vt -0.75 0.1
vt -0.8 0.1
vt -0.8 0.2
vt -0.75 0.2
vt -0.75 0.1
vt -0.8 0.1
vt -0.75 0.2
vt -0.8 0.2
vt -0.8 0.3
vt -0.75 0.3
vt -0.75 0.2
vt -0.8 0.2
vt -0.75 0.3
vt -0.8 0.3
vt -0.8 0.4
vt -0.75 0.4
vt -0.75 0.3
vt -0.8 0.3
vt -0.75 0.4
vt -0.8 0.4
vt -0.8 0.5
vt -0.75 0.5
vt -0.75 0.4
vt -0.8 0.4
vt -0.75 0.5
vt -0.8 0.5
vt -0.8 0.6
vt -0.75 0.6
vt -0.75 0.5
vt -0.8 0.5
vt -0.75 0.6
vt -0.8 0.6
vt -0.8 0.7
vt -0.75 0.7
vt -0.75 0.6
vt -0.8 0.6
vt -0.75 0.7
vt -0.8 0.7
vt -0.8 0.8
vt -0.75 0.8
vt -0.75 0.7
vt -0.8 0.7
vt -0.75 0.8
vt -0.8 0.8
vt -0.8 0.9
vt -0.75 0.9
vt -0.75 0.8
vt -0.8 0.8
vt -0.75 0.9
vt -0.8 0.9
vt -0.8 1
vt -0.75 0.9
vt -0.85 0.1
vt -0.8 0.1
vt -0.8 0.1
vt -0.85 0.1
vt -0.85 0.2
vt -0.8 0.2
vt -0.8 0.1
vt -0.85 0.1
vt -0.8 0.2
vt -0.85 0.2
vt -0.85 0.3
vt -0.8 0.3
vt -0.8 0.2
vt -0.85 0.2
vt -0.8 0.3
vt -0.85 0.3
vt -0.85 0.4
vt -0.8 0.4
vt -0.8 0.3
vt -0.85 0.3
vt -0.8 0.4
vt -0.85 0.4
vt -0.85 0.5
vt -0.8 0.5
vt -0.8 0.4
vt -0.85 0.4
vt -0.8 0.5
vt -0.85 0.5
vt -0.85 0.6
vt -0.8 0.6
vt -0.8 0.5
vt -0.85 0.5
vt -0.8 0.6
vt -0.85 0.6
vt -0.85 0.7
vt -0.8 0.7
vt -0.8 0.6
vt -0.85 0.6
vt -0.8 0.7
vt -0.85 0.7
vt -0.85 0.8
vt -0.8 0.8
vt -0.8 0.7
vt -0.85 0.7
vt -0.8 0.8
vt -0.85 0.8
vt -0.85 0.9
vt -0.8 0.9
vt -0.8 0.8
vt -0.85 0.8
vt -0.8 0.9
vt -0.85 0.9
vt -0.85 1
vt -0.8 0.9
vt -0.9 0.1
vt -0.85 0.1
vt -0.85 0.1
vt -0.9 0.1
vt -0.9 0.2
vt -0.85 0.2
vt -0.85 0.1
vt -0.9 0.1
vt -0.85 0.2
vt -0.9 0.2
vt -0.9 0.3
vt -0.85 0.3
vt -0.85 0.2
vt -0.9 0.2
vt -0.85 0.3
vt -0.9 0.3
vt -0.9 0.4
vt -0.85 0.4
vt -0.85 0.3
vt -0.9 0.3
vt -0.85 0.4
vt -0.9 0.4
vt -0.9 0.5
vt -0.85 0.5
vt -0.85 0.4
vt -0.9 0.4
vt -0.85 0.5
vt -0.9 0.5
vt -0.9 0.6
vt -0.85 0.6
vt -0.85 0.5
vt -0.9 0.5
vt -0.85 0.6
vt -0.9 0.6
vt -0.9 0.7
vt -0.85 0.7
vt -0.85 0.6
vt -0.9 0.6
vt -0.85 0.7
vt -0.9 0.7
vt -0.9 0.8
vt -0.85 0.8
vt -0.85 0.7
vt -0.9 0.7
vt -0.85 0.8
vt -0.9 0.8
vt -0.9 0.9
vt -0.85 0.9
vt -0.85 0.8
vt -0.9 0.8
vt -0.85 0.9
vt -0.9 0.9
vt -0.9 1
vt -0.85 0.9
vt -0.95 0.1
vt -0.9 0.1
vt -0.9 0.1
vt -0.95 0.1
vt -0.95 0.2
vt -0.9 0.2
vt -0.9 0.1
vt -0.95 0.1
vt -0.9 0.2
vt -0.95 0.2
vt -0.95 0.3
vt -0.9 0.3
vt -0.9 0.2
vt -0.95 0.2
vt -0.9 0.3
vt -0.95 0.3
vt -0.95 0.4
vt -0.9 0.4
vt -0.9 0.3
vt -0.95 0.3
vt -0.9 0.4
vt -0.95 0.4
vt -0.95 0.5
vt -0.9 0.5
vt -0.9 0.4
vt -0.95 0.4
vt -0.9 0.5
vt -0.95 0.5
vt -0.95 0.6
vt -0.9 0.6
vt -0.9 0.5
vt -0.95 0.5
vt -0.9 0.6
vt -0.95 0.6
vt -0.95 0.7
vt -0.9 0.7
vt -0.9 0.6
vt -0.95 0.6
vt -0.9 0.7
vt -0.95 0.7
vt -0.95 0.8
vt -0.9 0.8
vt -0.9 0.7
vt -0.95 0.7
vt -0.9 0.8
vt -0.95 0.8
vt -0.95 0.9
vt -0.9 0.9
vt -0.9 0.8
vt -0.95 0.8
vt -0.9 0.9
vt -0.95 0.9
vt -0.95 1
vt -0.9 0.9
vt -1 0.1
vt -0.95 0.1
vt -0.95 0.1
vt -1 0.1
vt -1 0.2
vt -0.95 0.2
vt -0.95 0.1
vt -1 0.1
vt -0.95 0.2
vt -1 0.2
vt -1 0.3
vt -0.95 0.3
vt -0.95 0.2
vt -1 0.2
vt -0.95 0.3
vt -1 0.3
vt -1 0.4
vt -0.95 0.4
vt -0.95 0.3
vt -1 0.3
vt -0.95 0.4
vt -1 0.4
vt -1 0.5
vt -0.95 0.5
vt -0.95 0.4
vt -1 0.4
vt -0.95 0.5
vt -1 0.5
vt -1 0.6
vt -0.95 0.6
vt -0.95 0.5
vt -1 0.5
vt -0.95 0.6
vt -1 0.6
vt -1 0.7
vt -0.95 0.7
vt -0.95 0.6
vt -1 0.6
vt -0.95 0.7
vt -1 0.7
vt -1 0.8
vt -0.95 0.8
vt -0.95 0.7
vt -1 0.7
vt -0.95 0.8
vt -1 0.8
vt -1 0.9
vt -0.95 0.9
vt -0.95 0.8
vt -1 0.8
vt -0.95 0.9
vt -1 0.9
vt -1 1
vt -0.95 0.9
vt -0.05 0.1
vt 0 0.1
vt 0 0.1
vt -0.05 0.1
vt -0.05 0.2
vt 0 0.2
vt 0 0.1
vt -0.05 0.1
vt 0 0.2
vt -0.05 0.2
vt -0.05 0.3
vt 0 0.3
vt 0 0.2
vt -0.05 0.2
vt 0 0.3
vt -0.05 0.3
vt -0.05 0.4
vt 0 0.4
vt 0 0.3
vt -0.05 0.3
vt 0 0.4
vt -0.05 0.4
vt -0.05 0.5
vt 0 0.5
vt 0 0.4
vt -0.05 0.4
vt 0 0.5
vt -0.05 0.5
vt -0.05 0.6
vt 0 0.6
vt 0 0.5
vt -0.05 0.5
vt 0 0.6
vt -0.05 0.6
vt -0.05 0.7
vt 0 0.7
vt 0 0.6
vt -0.05 0.6
vt 0 0.7
vt -0.05 0.7
vt -0.05 0.8
vt 0 0.8
vt 0 0.7
vt -0.05 0.7
vt 0 0.8
vt -0.05 0.8
vt -0.05 0.9
vt 0 0.9
vt 0 0.8
vt -0.05 0.8
vt 0 0.9
vt -0.05 0.9
vt -0.05 1
vt 0 0.9
vt -0.1 0.1
vt -0.05 0.1
vt -0.05 0.1
vt -0.1 0.1
vt -0.1 0.2
vt -0.05 0.2
vt -0.05 0.1
vt -0.1 0.1
vt -0.05 0.2
vt -0.1 0.2
vt -0.1 0.3
vt -0.05 0.3
vt -0.05 0.2
vt -0.1 0.2
vt -0.05 0.3
vt -0.1 0.3
vt -0.1 0.4
vt -0.05 0.4
vt -0.05 0.3
vt -0.1 0.3
vt -0.05 0.4
vt -0.1 0.4
vt -0.1 0.5
vt -0.05 0.5
vt -0.05 0.4
vt -0.1 0.4
vt -0.05 0.5
vt -0.1 0.5
vt -0.1 0.6
vt -0.05 0.6
vt -0.05 0.5
vt -0.1 0.5
vt -0.05 0.6
vt -0.1 0.6
vt -0.1 0.7
vt -0.05 0.7
vt -0.05 0.6
vt -0.1 0.6
vt -0.05 0.7
vt -0.1 0.7
vt -0.1 0.8
vt -0.05 0.8
vt -0.05 0.7
vt -0.1 0.7
vt -0.05 0.8
vt -0.1 0.8
vt -0.1 0.9
vt -0.05 0.9
vt -0.05 0.8
vt -0.1 0.8
vt -0.05 0.9
vt -0.1 0.9
vt -0.1 1
vt -0.05 0.9
vt -0.15 0.1
vt -0.1 0.1
vt -0.1 0.1
vt -0.15 0.1
vt -0.15 0.2
vt -0.1 0.2
vt -0.1 0.1
vt -0.15 0.1
vt -0.1 0.2
vt -0.15 0.2
vt -0.15 0.3
vt -0.1 0.3
vt -0.1 0.2
vt -0.15 0.2
vt -0.1 0.3
vt -0.15 0.3
vt -0.15 0.4
vt -0.1 0.4
vt -0.1 0.3
vt -0.15 0.3
vt -0.1 0.4
vt -0.15 0.4
vt -0.15 0.5
vt -0.1 0.5
vt -0.1 0.4
vt -0.15 0.4
vt -0.1 0.5
vt -0.15 0.5
vt -0.15 0.6
vt -0.1 0.6
vt -0.1 0.5
vt -0.15 0.5
vt -0.1 0.6
vt -0.15 0.6
vt -0.15 0.7
vt -0.1 0.7
vt -0.1 0.6
vt -0.15 0.6
vt -0.1 0.7
vt -0.15 0.7
vt -0.15 0.8
vt -0.1 0.8
vt -0.1 0.7
vt -0.15 0.7
vt -0.1 0.8
vt -0.15 0.8
vt -0.15 0.9
vt -0.1 0.9
vt -0.1 0.8
vt -0.15 0.8
vt -0.1 0.9
vt -0.15 0.9
vt -0.15 1
vt -0.1 0.9
vt -0.2 0.1
vt -0.15 0.1
vt -0.15 0.1
vt -0.2 0.1
vt -0.2 0.2
vt -0.15 0.2
vt -0.15 0.1
vt -0.2 0.1
vt -0.15 0.2
vt -0.2 0.2
vt -0.2 0.3
vt -0.15 0.3
vt -0.15 0.2
vt -0.2 0.2
vt -0.15 0.3
vt -0.2 0.3
vt -0.2 0.4
vt -0.15 0.4
vt -0.15 0.3
vt -0.2 0.3
vt -0.15 0.4
vt -0.2 0.4
vt -0.2 0.5
vt -0.15 0.5
vt -0.15 0.4
vt -0.2 0.4
vt -0.15 0.5
vt -0.2 0.5
vt -0.2 0.6
vt -0.15 0.6
vt -0.15 0.5
vt -0.2 0.5
vt -0.15 0.6
vt -0.2 0.6
vt -0.2 0.7
vt -0.15 0.7
vt -0.15 0.6
vt -0.2 0.6
vt -0.15 0.7
vt -0.2 0.7
vt -0.2 0.8
vt -0.15 0.8
vt -0.15 0.7
vt -0.2 0.7
vt -0.15 0.8
vt -0.2 0.8
vt -0.2 0.9
vt -0.15 0.9
vt -0.15 0.8
vt -0.2 0.8
vt -0.15 0.9
vt -0.2 0.9
vt -0.2 1
vt -0.15 0.9
vt -0.25 0.1
vt -0.2 0.1
vt -0.2 0.1
vt -0.25 0.1
vt -0.25 0.2
vt -0.2 0.2
vt -0.2 0.1
vt -0.25 0.1
vt -0.2 0.2
vt -0.25 0.2
vt -0.25 0.3
vt -0.2 0.3
vt -0.2 0.2
vt -0.25 0.2
vt -0.2 0.3
vt -0.25 0.3
vt -0.25 0.4
vt -0.2 0.4
vt -0.2 0.3
vt -0.25 0.3
vt -0.2 0.4
vt -0.25 0.4
vt -0.25 0.5
vt -0.2 0.5
vt -0.2 0.4
vt -0.25 0.4
vt -0.2 0.5
vt -0.25 0.5
vt -0.25 0.6
vt -0.2 0.6
vt -0.2 0.5
vt -0.25 0.5
vt -0.2 0.6
vt -0.25 0.6
vt -0.25 0.7
vt -0.2 0.7
vt -0.2 0.6
vt -0.25 0.6
vt -0.2 0.7
vt -0.25 0.7
vt -0.25 0.8
vt -0.2 0.8
vt -0.2 0.7
vt -0.25 0.7
vt -0.2 0.8
vt -0.25 0.8
vt -0.25 0.9
vt -0.2 0.9
vt -0.2 0.8
vt -0.25 0.8
vt -0.2 0.9
vt -0.25 0.9
vt -0.25 1
vt -0.2 0.9
vt -0.3 0.1
vt -0.25 0.1
vt -0.25 0.1
vt -0.3 0.1
vt -0.3 0.2
vt -0.25 0.2
vt -0.25 0.1
vt -0.3 0.1
vt -0.25 0.2
vt -0.3 0.2
vt -0.3 0.3
vt -0.25 0.3
vt -0.25 0.2
vt -0.3 0.2
vt -0.25 0.3
vt -0.3 0.3
vt -0.3 0.4
vt -0.25 0.4
vt -0.25 0.3
vt -0.3 0.3
vt -0.25 0.4
vt -0.3 0.4
vt -0.3 0.5
vt -0.25 0.5
vt -0.25 0.4
vt -0.3 0.4
vt -0.25 0.5
vt -0.3 0.5
vt -0.3 0.6
vt -0.25 0.6
vt -0.25 0.5
vt -0.3 0.5
vt -0.25 0.6
vt -0.3 0.6
vt -0.3 0.7
vt -0.25 0.7
vt -0.25 0.6
vt -0.3 0.6
vt -0.25 0.7
vt -0.3 0.7
vt -0.3 0.8
vt -0.25 0.8
vt -0.25 0.7
vt -0.3 0.7
vt -0.25 0.8
vt -0.3 0.8
vt -0.3 0.9
vt -0.25 0.9
vt -0.25 0.8
vt -0.3 0.8
vt -0.25 0.9
vt -0.3 0.9
vt -0.3 1
vt -0.25 0.9
vt -0.35 0.1
vt -0.3 0.1
vt -0.3 0.1
vt -0.35 0.1
vt -0.35 0.2
vt -0.3 0.2
vt -0.3 0.1
vt -0.35 0.1
vt -0.3 0.2
vt -0.35 0.2
vt -0.35 0.3
vt -0.3 0.3
vt -0.3 0.2
vt -0.35 0.2
vt -0.3 0.3
vt -0.35 0.3
vt -0.35 0.4
vt -0.3 0.4
vt -0.3 0.3
vt -0.35 0.3
vt -0.3 0.4
vt -0.35 0.4
vt -0.35 0.5
vt -0.3 0.5
vt -0.3 0.4
vt -0.35 0.4
vt -0.3 0.5
vt -0.35 0.5
vt -0.35 0.6
vt -0.3 0.6
vt -0.3 0.5
vt -0.35 0.5
vt -0.3 0.6
vt -0.35 0.6
vt -0.35 0.7
vt -0.3 0.7
vt -0.3 0.6
vt -0.35 0.6
vt -0.3 0.7
vt -0.35 0.7
vt -0.35 0.8
vt -0.3 0.8
vt -0.3 0.7
vt -0.35 0.7
vt -0.3 0.8
vt -0.35 0.8
vt -0.35 0.9
vt -0.3 0.9
vt -0.3 0.8
vt -0.35 0.8
vt -0.3 0.9
vt -0.35 0.9
vt -0.35 1
vt -0.3 0.9
vt -0.4 0.1
vt -0.35 0.1
vt -0.35 0.1
vt -0.4 0.1
vt -0.4 0.2
vt -0.35 0.2
vt -0.35 0.1
vt -0.4 0.1
vt -0.35 0.2
vt -0.4 0.2
vt -0.4 0.3
vt -0.35 0.3
vt -0.35 0.2
vt -0.4 0.2
vt -0.35 0.3
vt -0.4 0.3
vt -0.4 0.4
vt -0.35 0.4
vt -0.35 0.3
vt -0.4 0.3
vt -0.35 0.4
vt -0.4 0.4
vt -0.4 0.5
vt -0.35 0.5
vt -0.35 0.4
vt -0.4 0.4
vt -0.35 0.5
vt -0.4 0.5
vt -0.4 0.6
vt -0.35 0.6
vt -0.35 0.5
vt -0.4 0.5
vt -0.35 0.6
vt -0.4 0.6
vt -0.4 0.7
vt -0.35 0.7
vt -0.35 0.6
vt -0.4 0.6
vt -0.35 0.7
vt -0.4 0.7
vt -0.4 0.8
vt -0.35 0.8
vt -0.35 0.7
vt -0.4 0.7
vt -0.35 0.8
vt -0.4 0.8
vt -0.4 0.9
vt -0.35 0.9
vt -0.35 0.8
vt -0.4 0.8
vt -0.35 0.9
vt -0.4 0.9
vt -0.4 1
vt -0.35 0.9
vt -0.45 0.1
vt -0.4 0.1
vt -0.4 0.1
vt -0.45 0.1
vt -0.45 0.2
vt -0.4 0.2
vt -0.4 0.1
vt -0.45 0.1
vt -0.4 0.2
vt -0.45 0.2
vt -0.45 0.3
vt -0.4 0.3
vt -0.4 0.2
vt -0.45 0.2
vt -0.4 0.3
vt -0.45 0.3
vt -0.45 0.4
vt -0.4 0.4
vt -0.4 0.3
vt -0.45 0.3
vt -0.4 0.4
vt -0.45 0.4
vt -0.45 0.5
vt -0.4 0.5
vt -0.4 0.4
vt -0.45 0.4
vt -0.4 0.5
vt -0.45 0.5
vt -0.45 0.6
vt -0.4 0.6
vt -0.4 0.5
vt -0.45 0.5
vt -0.4 0.6
vt -0.45 0.6
vt -0.45 0.7
vt -0.4 0.7
vt -0.4 0.6
vt -0.45 0.6
vt -0.4 0.7
vt -0.45 0.7
vt -0.45 0.8
vt -0.4 0.8
vt -0.4 0.7
vt -0.45 0.7
vt -0.4 0.8
vt -0.45 0.8
vt -0.45 0.9
vt -0.4 0.9
vt -0.4 0.8
vt -0.45 0.8
vt -0.4 0.9
vt -0.45 0.9
vt -0.45 1
vt -0.4 0.9
vt -0.5 0.1
vt -0.45 0.1
vt -0.45 0.1
vt -0.5 0.1
vt -0.5 0.2
vt -0.45 0.2
vt -0.45 0.1
vt -0.5 0.1
vt -0.45 0.2
vt -0.5 0.2
vt -0.5 0.3
vt -0.45 0.3
vt -0.45 0.2
vt -0.5 0.2
vt -0.45 0.3
vt -0.5 0.3
vt -0.5 0.4
vt -0.45 0.4
vt -0.45 0.3
vt -0.5 0.3
vt -0.45 0.4
vt -0.5 0.4
vt -0.5 0.5
vt -0.45 0.5
vt -0.45 0.4
vt -0.5 0.4
vt -0.45 0.5
vt -0.5 0.5
vt -0.5 0.6
vt -0.45 0.6
vt -0.45 0.5
vt -0.5 0.5
vt -0.45 0.6
vt -0.5 0.6
vt -0.5 0.7
vt -0.45 0.7
vt -0.45 0.6
vt -0.5 0.6
vt -0.45 0.7
vt -0.5 0.7
vt -0.5 0.8
vt -0.45 0.8
vt -0.45 0.7
vt -0.5 0.7
vt -0.45 0.8
vt -0.5 0.8
vt -0.5 0.9
vt -0.45 0.9
vt -0.45 0.8
vt -0.5 0.8
vt -0.45 0.9
vt -0.5 0.9
vt -0.5 1
vt -0.45 0.9
vt -0.55 0.1
vt -0.5 0.1
vt -0.5 0.1
vt -0.55 0.1
vt -0.55 0.2
vt -0.5 0.2
vt -0.5 0.1
vt -0.55 0.1
vt -0.5 0.2
vt -0.55 0.2
vt -0.55 0.3
vt -0.5 0.3
vt -0.5 0.2
vt -0.55 0.2
vt -0.5 0.3
vt -0.55 0.3
vt -0.55 0.4
vt -0.5 0.4
vt -0.5 0.3
vt -0.55 0.3
vt -0.5 0.4
vt -0.55 0.4
vt -0.55 0.5
vt -0.5 0.5
vt -0.5 0.4
vt -0.55 0.4
vt -0.5 0.5
vt -0.55 0.5
vt -0.55 0.6
vt -0.5 0.6
vt -0.5 0.5
vt -0.55 0.5
vt -0.5 0.6
vt -0.55 0.6
vt -0.55 0.7
vt -0.5 0.7
vt -0.5 0.6
vt -0.55 0.6
vt -0.5 0.7
vt -0.55 0.7
vt -0.55 0.8
vt -0.5 0.8
vt -0.5 0.7
vt -0.55 0.7
vt -0.5 0.8
vt -0.55 0.8
vt -0.55 0.9
vt -0.5 0.9
vt -0.5 0.8
vt -0.55 0.8
vt -0.5 0.9
vt -0.55 0.9
vt -0.55 1
vt -0.5 0.9
vt -0.6 0.1
vt -0.55 0.1
vt -0.55 0.1
vt -0.6 0.1
vt -0.6 0.2
vt -0.55 0.2
vt -0.55 0.1
vt -0.6 0.1
vt -0.55 0.2
vt -0.6 0.2
vt -0.6 0.3
vt -0.55 0.3
vt -0.55 0.2
vt -0.6 0.2
vt -0.55 0.3
vt -0.6 0.3
vt -0.6 0.4
vt -0.55 0.4
vt -0.55 0.3
vt -0.6 0.3
vt -0.55 0.4
vt -0.6 0.4
vt -0.6 0.5
vt -0.55 0.5
vt -0.55 0.4
vt -0.6 0.4
vt -0.55 0.5
vt -0.6 0.5
vt -0.6 0.6
vt -0.55 0.6
vt -0.55 0.5
vt -0.6 0.5
vt -0.55 0.6
vt -0.6 0.6
vt -0.6 0.7
vt -0.55 0.7
vt -0.55 0.6
vt -0.6 0.6
vt -0.55 0.7
vt -0.6 0.7
vt -0.6 0.8
vt -0.55 0.8
vt -0.55 0.7
vt -0.6 0.7
vt -0.55 0.8
vt -0.6 0.8
vt -0.6 0.9
vt -0.55 0.9
vt -0.55 0.8
vt -0.6 0.8
vt -0.55 0.9
vt -0.6 0.9
vt -0.6 1
vt -0.55 0.9
vt -0.65 0.1
vt -0.6 0.1
vt -0.6 0.1
vt -0.65 0.1
vt -0.65 0.2
vt -0.6 0.2
vt -0.6 0.1
vt -0.65 0.1
vt -0.6 0.2
vt -0.65 0.2
vt -0.65 0.3
vt -0.6 0.3
vt -0.6 0.2
vt -0.65 0.2
vt -0.6 0.3
vt -0.65 0.3
vt -0.65 0.4
vt -0.6 0.4
vt -0.6 0.3
vt -0.65 0.3
vt -0.6 0.4
vt -0.65 0.4
vt -0.65 0.5
vt -0.6 0.5
vt -0.6 0.4
vt -0.65 0.4
vt -0.6 0.5
vt -0.65 0.5
vt -0.65 0.6
vt -0.6 0.6
vt -0.6 0.5
vt -0.65 0.5
vt -0.6 0.6
vt -0.65 0.6
vt -0.65 0.7
vt -0.6 0.7
vt -0.6 0.6
vt -0.65 0.6
vt -0.6 0.7
vt -0.65 0.7
vt -0.65 0.8
vt -0.6 0.8
vt -0.6 0.7
vt -0.65 0.7
vt -0.6 0.8
vt -0.65 0.8
vt -0.65 0.9
vt -0.6 0.9
vt -0.6 0.8
vt -0.65 0.8
vt -0.6 0.9
vt -0.65 0.9
vt -0.65 1
vt -0.6 0.9
vt -0.7 0.1
vt -0.65 0.1
vt -0.65 0.1
vt -0.7 0.1
vt -0.7 0.2
vt -0.65 0.2
vt -0.65 0.1
vt -0.7 0.1
vt -0.65 0.2
vt -0.7 0.2
vt -0.7 0.3
vt -0.65 0.3
vt -0.65 0.2
vt -0.7 0.2
vt -0.65 0.3
vt -0.7 0.3
vt -0.7 0.4
vt -0.65 0.4
vt -0.65 0.3
vt -0.7 0.3
vt -0.65 0.4
vt -0.7 0.4
vt -0.7 0.5
vt -0.65 0.5
vt -0.65 0.4
vt -0.7 0.4
vt -0.65 0.5
vt -0.7 0.5
vt -0.7 0.6
vt -0.65 0.6
vt -0.65 0.5
vt -0.7 0.5
vt -0.65 0.6
vt -0.7 0.6
vt -0.7 0.7
vt -0.65 0.7
vt -0.65 0.6
vt -0.7 0.6
vt -0.65 0.7
vt -0.7 0.7
vt -0.7 0.8
vt -0.65 0.8
vt -0.65 0.7
vt -0.7 0.7
vt -0.65 0.8
vt -0.7 0.8
vt -0.7 0.9
vt -0.65 0.9
vt -0.65 0.8
vt -0.7 0.8
vt -0.65 0.9
vt -0.7 0.9
vt -0.7 1
vt -0.65 0.9
vt -0.75 0.1
vt -0.7 0.1
vt -0.7 0.1
vt -0.75 0.1
vt -0.75 0.2
vt -0.7 0.2
vt -0.7 0.1
vt -0.75 0.1
vt -0.7 0.2
vt -0.75 0.2
vt -0.75 0.3
vt -0.7 0.3
vt -0.7 0.2
vt -0.75 0.2
vt -0.7 0.3
vt -0.75 0.3
vt -0.75 0.4
vt -0.7 0.4
vt -0.7 0.3
vt -0.75 0.3
vt -0.7 0.4
vt -0.75 0.4
vt -0.75 0.5
vt -0.7 0.5
vt -0.7 0.4
vt -0.75 0.4
vt -0.7 0.5
vt -0.75 0.5
vt -0.75 0.6
vt -0.7 0.6
vt -0.7 0.5
vt -0.75 0.5
vt -0.7 0.6
vt -0.75 0.6
vt -0.75 0.7
vt -0.7 0.7
vt -0.7 0.6
vt -0.75 0.6
vt -0.7 0.7
vt -0.75 0.7
vt -0.75 0.8
vt -0.7 0.8
vt -0.7 0.7
vt -0.75 0.7
vt -0.7 0.8
vt -0.75 0.8
vt -0.75 0.9
vt -0.7 0.9
vt -0.7 0.8
vt -0.75 0.8
vt -0.7 0.9
vt -0.75 0.9
vt -0.75 1
vt -0.7 0.9
vt -0.8 0.1
vt -0.75 0.1
vt -0.75 0.1
vt -0.8 0.1
vt -0.8 0.2
vt -0.75 0.2
vt -0.75 0.1
vt -0.8 0.1
vt -0.75 0.2
vt -0.8 0.2
vt -0.8 0.3
vt -0.75 0.3
vt -0.75 0.2
vt -0.8 0.2
vt -0.75 0.3
vt -0.8 0.3
vt -0.8 0.4
vt -0.75 0.4
vt -0.75 0.3
vt -0.8 0.3
vt -0.75 0.4
vt -0.8 0.4
vt -0.8 0.5
vt -0.75 0.5
vt -0.75 0.4
vt -0.8 0.4
vt -0.75 0.5
vt -0.8 0.5
vt -0.8 0.6
vt -0.75 0.6
vt -0.75 0.5
vt -0.8 0.5
vt -0.75 0.6
vt -0.8 0.6
vt -0.8 0.7
vt -0.75 0.7
vt -0.75 0.6
vt -0.8 0.6
vt -0.75 0.7
vt -0.8 0.7
vt -0.8 0.8
vt -0.75 0.8
vt -0.75 0.7
vt -0.8 0.7
vt -0.75 0.8
vt -0.8 0.8
vt -0.8 0.9
vt -0.75 0.9
vt -0.75 0.8
vt -0.8 0.8
vt -0.75 0.9
vt -0.8 0.9
vt -0.8 1
vt -0.75 0.9
vt -0.85 0.1
vt -0.8 0.1
vt -0.8 0.1
vt -0.85 0.1
vt -0.85 0.2
vt -0.8 0.2
vt -0.8 0.1
vt -0.85 0.1
vt -0.8 0.2
vt -0.85 0.2
vt -0.85 0.3
vt -0.8 0.3
vt -0.8 0.2
vt -0.85 0.2
vt -0.8 0.3
vt -0.85 0.3
vt -0.85 0.4
vt -0.8 0.4
vt -0.8 0.3
vt -0.85 0.3
vt -0.8 0.4
vt -0.85 0.4
vt -0.85 0.5
vt -0.8 0.5
vt -0.8 0.4
vt -0.85 0.4
vt -0.8 0.5
vt -0.85 0.5
vt -0.85 0.6
vt -0.8 0.6
vt -0.8 0.5
vt -0.85 0.5
vt -0.8 0.6
vt -0.85 0.6
vt -0.85 0.7
vt -0.8 0.7
vt -0.8 0.6
vt -0.85 0.6
vt -0.8 0.7
vt -0.85 0.7
vt -0.85 0.8
vt -0.8 0.8
vt -0.8 0.7
vt -0.85 0.7
vt -0.8 0.8
vt -0.85 0.8
vt -0.85 0.9
vt -0.8 0.9
vt -0.8 0.8
vt -0.85 0.8
vt -0.8 0.9
vt -0.85 0.9
vt -0.85 1
vt -0.8 0.9
vt -0.9 0.1
vt -0.85 0.1
vt -0.85 0.1
vt -0.9 0.1
vt -0.9 0.2
vt -0.85 0.2
vt -0.85 0.1
vt -0.9 0.1
vt -0.85 0.2
vt -0.9 0.2
vt -0.9 0.3
vt -0.85 0.3
vt -0.85 0.2
vt -0.9 0.2
vt -0.85 0.3
vt -0.9 0.3
vt -0.9 0.4
vt -0.85 0.4
vt -0.85 0.3
vt -0.9 0.3
vt -0.85 0.4
vt -0.9 0.4
vt -0.9 0.5
vt -0.85 0.5
vt -0.85 0.4
vt -0.9 0.4
vt -0.85 0.5
vt -0.9 0.5
vt -0.9 0.6
vt -0.85 0.6
vt -0.85 0.5
vt -0.9 0.5
vt -0.85 0.6
vt -0.9 0.6
vt -0.9 0.7
vt -0.85 0.7
vt -0.85 0.6
vt -0.9 0.6
vt -0.85 0.7
vt -0.9 0.7
vt -0.9 0.8
vt -0.85 0.8
vt -0.85 0.7
vt -0.9 0.7
vt -0.85 0.8
vt -0.9 0.8
vt -0.9 0.9
vt -0.85 0.9
vt -0.85 0.8
vt -0.9 0.8
vt -0.85 0.9
vt -0.9 0.9
vt -0.9 1
vt -0.85 0.9
vt -0.95 0.1
vt -0.9 0.1
vt -0.9 0.1
vt -0.95 0.1
vt -0.95 0.2
vt -0.9 0.2
vt -0.9 0.1
vt -0.95 0.1
vt -0.9 0.2
vt -0.95 0.2
vt -0.95 0.3
vt -0.9 0.3
vt -0.9 0.2
vt -0.95 0.2
vt -0.9 0.3
vt -0.95 0.3
vt -0.95 0.4
vt -0.9 0.4
vt -0.9 0.3
vt -0.95 0.3
vt -0.9 0.4
vt -0.95 0.4
vt -0.95 0.5
vt -0.9 0.5
vt -0.9 0.4
vt -0.95 0.4
vt -0.9 0.5
vt -0.95 0.5
vt -0.95 0.6
vt -0.9 0.6
vt -0.9 0.5
vt -0.95 0.5
vt -0.9 0.6
vt -0.95 0.6
vt -0.95 0.7
vt -0.9 0.7
vt -0.9 0.6
vt -0.95 0.6
vt -0.9 0.7
vt -0.95 0.7
vt -0.95 0.8
vt -0.9 0.8
vt -0.9 0.7
vt -0.95 0.7
vt -0.9 0.8
vt -0.95 0.8
vt -0.95 0.9
vt -0.9 0.9
vt -0.9 0.8
vt -0.95 0.8
vt -0.9 0.9
vt -0.95 0.9
vt -0.95 1
vt -0.9 0.9
vt -1 0.1
vt -0.95 0.1
vt -0.95 0.1
vt -1 0.1
vt -1 0.2
vt -0.95 0.2
vt -0.95 0.1
vt -1 0.1
vt -0.95 0.2
vt -1 0.2
vt -1 0.3
vt -0.95 0.3
vt -0.95 0.2
vt -1 0.2
vt -0.95 0.3
vt -1 0.3
vt -1 0.4
vt -0.95 0.4
vt -0.95 0.3
vt -1 0.3
vt -0.95 0.4
vt -1 0.4
vt -1 0.5
vt -0.95 0.5
vt -0.95 0.4
vt -1 0.4
vt -0.95 0.5
vt -1 0.5
vt -1 0.6
vt -0.95 0.6
vt -0.95 0.5
vt -1 0.5
vt -0.95 0.6
vt -1 0.6
vt -1 0.7
vt -0.95 0.7
vt -0.95 0.6
vt -1 0.6
vt -0.95 0.7
vt -1 0.7
vt -1 0.8
vt -0.95 0.8
vt -0.95 0.7
vt -1 0.7
vt -0.95 0.8
vt -1 0.8
vt -1 0.9
vt -0.95 0.9
vt -0.95 0.8
vt -1 0.8
vt -0.95 0.9
vt -1 0.9
vt -1 1
vt -0.95 0.9
f 1803/1803/1803 1802/1802/1802 1801/1801/1801
f 1806/1806/1806 1805/1805/1805 1804/1804/1804
f 1809/1809/1809 1808/1808/1808 1807/1807/1807
f 1812/1812/1812 1811/1811/1811 1810/1810/1810
f 1815/1815/1815 1814/1814/1814 1813/1813/1813
f 1818/1818/1818 1817/1817/1817 1816/1816/1816
f 1821/1821/1821 1820/1820/1820 1819/1819/1819
f 1824/1824/1824 1823/1823/1823 1822/1822/1822
f 1827/1827/1827 1826/1826/1826 1825/1825/1825
f 1830/1830/1830 1829/1829/1829 1828/1828/1828
f 1833/1833/1833 1832/1832/1832 1831/1831/1831
f 1836/1836/1836 1835/1835/1835 1834/1834/1834
f 1839/1839/1839 1838/1838/1838 1837/1837/1837
f 1842/1842/1842 1841/1841/1841 1840/1840/1840
f 1845/1845/1845 1844/1844/1844 1843/1843/1843
f 1848/1848/1848 1847/1847/1847 1846/1846/1846
f 1851/1851/1851 1850/1850/1850 1849/1849/1849
f 1854/1854/1854 1853/1853/1853 1852/1852/1852
f 1857/1857/1857 1856/1856/1856 1855/1855/1855
f 1860/1860/1860 1859/1859/1859 1858/1858/1858
f 1863/1863/1863 1862/1862/1862 1861/1861/1861
f 1866/1866/1866 1865/1865/1865 1864/1864/1864
f 1869/1869/1869 1868/1868/1868 1867/1867/1867
f 1872/1872/1872 1871/1871/1871 1870/1870/1870
f 1875/1875/1875 1874/1874/1874 1873/1873/1873
f 1878/1878/1878 1877/1877/1877 1876/1876/1876
f 1881/1881/1881 1880/1880/1880 1879/1879/1879
f 1884/1884/1884 1883/1883/1883 1882/1882/1882
f 1887/1887/1887 1886/1886/1886 1885/1885/1885
f 1890/1890/1890 1889/1889/1889 1888/1888/1888
f 1893/1893/1893 1892/1892/1892 1891/1891/1891
f 1896/1896/1896 1895/1895/1895 1894/1894/1894
f 1899/1899/1899 1898/1898/1898 1897/1897/1897
f 1902/1902/1902 1901/1901/1901 1900/1900/1900
f 1905/1905/1905 1904/1904/1904 1903/1903/1903
f 1908/1908/1908 1907/1907/1907 1906/1906/1906
f 1911/1911/1911 1910/1910/1910 1909/1909/1909
f 1914/1914/1914 1913/1913/1913 1912/1912/1912
f 1917/1917/1917 1916/1916/1916 1915/1915/1915
f 1920/1920/1920 1919/1919/1919 1918/1918/1918
f 1923/1923/1923 1922/1922/1922 1921/1921/1921
f 1926/1926/1926 1925/1925/1925 1924/1924/1924
f 1929/1929/1929 1928/1928/1928 1927/1927/1927
f 1932/1932/1932 1931/1931/1931 1930/1930/1930
f 1935/1935/1935 1934/1934/1934 1933/1933/1933
f 1938/1938/1938 1937/1937/1937 1936/1936/1936
f 1941/1941/1941 1940/1940/1940 1939/1939/1939
f 1944/1944/1944 1943/1943/1943 1942/1942/1942
f 1947/1947/1947 1946/1946/1946 1945/1945/1945
f 1950/1950/1950 1949/1949/1949 1948/1948/1948
f 1953/1953/1953 1952/1952/1952 1951/1951/1951
f 1956/1956/1956 1955/1955/1955 1954/1954/1954
f 1959/1959/1959 1958/1958/1958 1957/1957/1957
f 1962/1962/1962 1961/1961/1961 1960/1960/1960
f 1965/1965/1965 1964/1964/1964 1963/1963/1963
f 1968/1968/1968 1967/1967/1967 1966/1966/1966
f 1971/1971/1971 1970/1970/1970 1969/1969/1969
f 1974/1974/1974 1973/1973/1973 1972/1972/1972
f 1977/1977/1977 1976/1976/1976 1975/1975/1975
f 1980/1980/1980 1979/1979/1979 1978/1978/1978
f 1983/1983/1983 1982/1982/1982 1981/1981/1981
f 1986/1986/1986 1985/1985/1985 1984/1984/1984
f 1989/1989/1989 1988/1988/1988 1987/1987/1987
f 1992/1992/1992 1991/1991/1991 1990/1990/1990
f 1995/1995/1995 1994/1994/1994 1993/1993/1993
f 1998/1998/1998 1997/1997/1997 1996/1996/1996
f 2001/2001/2001 2000/2000/2000 1999/1999/1999
f 2004/2004/2004 2003/2003/2003 2002/2002/2002
f 2007/2007/2007 2006/2006/2006 2005/2005/2005
f 2010/2010/2010 2009/2009/2009 2008/2008/2008
f 2013/2013/2013 2012/2012/2012 2011/2011/2011
f 2016/2016/2016 2015/2015/2015 2014/2014/2014
f 2019/2019/2019 2018/2018/2018 2017/2017/2017
f 2022/2022/2022 2021/2021/2021 2020/2020/2020
f 2025/2025/2025 2024/2024/2024 2023/2023/2023
f 2028/2028/2028 2027/2027/2027 2026/2026/2026
f 2031/2031/2031 2030/2030/2030 2029/2029/2029
f 2034/2034/2034 2033/2033/2033 2032/2032/2032
f 2037/2037/2037 2036/2036/2036 2035/2035/2035
f 2040/2040/2040 2039/2039/2039 2038/2038/2038
f 2043/2043/2043 2042/2042/2042 2041/2041/2041
f 2046/2046/2046 2045/2045/2045 2044/2044/2044
f 2049/2049/2049 2048/2048/2048 2047/2047/2047
f 2052/2052/2052 2051/2051/2051 2050/2050/2050
f 2055/2055/2055 2054/2054/2054 2053/2053/2053
f 2058/2058/2058 2057/2057/2057 2056/2056/2056
f 2061/2061/2061 2060/2060/2060 2059/2059/2059
f 2064/2064/2064 2063/2063/2063 2062/2062/2062
f 2067/2067/2067 2066/2066/2066 2065/2065/2065
f 2070/2070/2070 2069/2069/2069 2068/2068/2068
f 2073/2073/2073 2072/2072/2072 2071/2071/2071
f 2076/2076/2076 2075/2075/2075 2074/2074/2074
f 2079/2079/2079 2078/2078/2078 2077/2077/2077
f 2082/2082/2082 2081/2081/2081 2080/2080/2080
f 2085/2085/2085 2084/2084/2084 2083/2083/2083
f 2088/2088/2088 2087/2087/2087 2086/2086/2086
f 2091/2091/2091 2090/2090/2090 2089/2089/2089
f 2094/2094/2094 2093/2093/2093 2092/2092/2092
f 2097/2097/2097 2096/2096/2096 2095/2095/2095
f 2100/2100/2100 2099/2099/2099 2098/2098/2098
f 2103/2103/2103 2102/2102/2102 2101/2101/2101
f 2106/2106/2106 2105/2105/2105 2104/2104/2104
f 2109/2109/2109 2108/2108/2108 2107/2107/2107
f 2112/2112/2112 2111/2111/2111 2110/2110/2110
f 2115/2115/2115 2114/2114/2114 2113/2113/2113
f 2118/2118/2118 2117/2117/2117 2116/2116/2116
f 2121/2121/2121 2120/2120/2120 2119/2119/2119
f 2124/2124/2124 2123/2123/2123 2122/2122/2122
f 2127/2127/2127 2126/2126/2126 2125/2125/2125
f 2130/2130/2130 2129/2129/2129 2128/2128/2128
f 2133/2133/2133 2132/2132/2132 2131/2131/2131
f 2136/2136/2136 2135/2135/2135 2134/2134/2134
f 2139/2139/2139 2138/2138/2138 2137/2137/2137
f 2142/2142/2142 2141/2141/2141 2140/2140/2140
f 2145/2145/2145 2144/2144/2144 2143/2143/2143
f 2148/2148/2148 2147/2147/2147 2146/2146/2146
f 2151/2151/2151 2150/2150/2150 2149/2149/2149
f 2154/2154/2154 2153/2153/2153 2152/2152/2152
f 2157/2157/2157 2156/2156/2156 2155/2155/2155
f 2160/2160/2160 2159/2159/2159 2158/2158/2158
f 2163/2163/2163 2162/2162/2162 2161/2161/2161
f 2166/2166/2166 2165/2165/2165 2164/2164/2164
f 2169/2169/2169 2168/2168/2168 2167/2167/2167
f 2172/2172/2172 2171/2171/2171 2170/2170/2170
f 2175/2175/2175 2174/2174/2174 2173/2173/2173
f 2178/2178/2178 2177/2177/2177 2176/2176/2176
f 2181/2181/2181 2180/2180/2180 2179/2179/2179
f 2184/2184/2184 2183/2183/2183 2182/2182/2182
f 2187/2187/2187 2186/2186/2186 2185/2185/2185
f 2190/2190/2190 2189/2189/2189 2188/2188/2188
f 2193/2193/2193 2192/2192/2192 2191/2191/2191
f 2196/2196/2196 2195/2195/2195 2194/2194/2194
f 2199/2199/2199 2198/2198/2198 2197/2197/2197
f 2202/2202/2202 2201/2201/2201 2200/2200/2200
f 2205/2205/2205 2204/2204/2204 2203/2203/2203
f 2208/2208/2208 2207/2207/2207 2206/2206/2206
f 2211/2211/2211 2210/2210/2210 2209/2209/2209
f 2214/2214/2214 2213/2213/2213 2212/2212/2212
f 2217/2217/2217 2216/2216/2216 2215/2215/2215
f 2220/2220/2220 2219/2219/2219 2218/2218/2218
f 2223/2223/2223 2222/2222/2222 2221/2221/2221
f 2226/2226/2226 2225/2225/2225 2224/2224/2224
f 2229/2229/2229 2228/2228/2228 2227/2227/2227
f 2232/2232/2232 2231/2231/2231 2230/2230/2230
f 2235/2235/2235 2234/2234/2234 2233/2233/2233
f 2238/2238/2238 2237/2237/2237 2236/2236/2236
f 2241/2241/2241 2240/2240/2240 2239/2239/2239
f 2244/2244/2244 2243/2243/2243 2242/2242/2242
f 2247/2247/2247 2246/2246/2246 2245/2245/2245
f 2250/2250/2250 2249/2249/2249 2248/2248/2248
f 2253/2253/2253 2252/2252/2252 2251/2251/2251
f 2256/2256/2256 2255/2255/2255 2254/2254/2254
f 2259/2259/2259 2258/2258/2258 2257/2257/2257
f 2262/2262/2262 2261/2261/2261 2260/2260/2260
f 2265/2265/2265 2264/2264/2264 2263/2263/2263
f 2268/2268/2268 2267/2267/2267 2266/2266/2266
f 2271/2271/2271 2270/2270/2270 2269/2269/2269
f 2274/2274/2274 2273/2273/2273 2272/2272/2272
f 2277/2277/2277 2276/2276/2276 2275/2275/2275
f 2280/2280/2280 2279/2279/2279 2278/2278/2278
f 2283/2283/2283 2282/2282/2282 2281/2281/2281
f 2286/2286/2286 2285/2285/2285 2284/2284/2284
f 2289/2289/2289 2288/2288/2288 2287/2287/2287
f 2292/2292/2292 2291/2291/2291 2290/2290/2290
f 2295/2295/2295 2294/2294/2294 2293/2293/2293
f 2298/2298/2298 2297/2297/2297 2296/2296/2296
f 2301/2301/2301 2300/2300/2300 2299/2299/2299
f 2304/2304/2304 2303/2303/2303 2302/2302/2302
f 2307/2307/2307 2306/2306/2306 2305/2305/2305
f 2310/2310/2310 2309/2309/2309 2308/2308/2308
f 2313/2313/2313 2312/2312/2312 2311/2311/2311
f 2316/2316/2316 2315/2315/2315 2314/2314/2314
f 2319/2319/2319 2318/2318/2318 2317/2317/2317
f 2322/2322/2322 2321/2321/2321 2320/2320/2320
f 2325/2325/2325 2324/2324/2324 2323/2323/2323
f 2328/2328/2328 2327/2327/2327 2326/2326/2326
f 2331/2331/2331 2330/2330/2330 2329/2329/2329
f 2334/2334/2334 2333/2333/2333 2332/2332/2332
f 2337/2337/2337 2336/2336/2336 2335/2335/2335
f 2340/2340/2340 2339/2339/2339 2338/2338/2338
f 2343/2343/2343 2342/2342/2342 2341/2341/2341
f 2346/2346/2346 2345/2345/2345 2344/2344/2344
f 2349/2349/2349 2348/2348/2348 2347/2347/2347
f 2352/2352/2352 2351/2351/2351 2350/2350/2350
f 2355/2355/2355 2354/2354/2354 2353/2353/2353
f 2358/2358/2358 2357/2357/2357 2356/2356/2356
f 2361/2361/2361 2360/2360/2360 2359/2359/2359
f 2364/2364/2364 2363/2363/2363 2362/2362/2362
f 2367/2367/2367 2366/2366/2366 2365/2365/2365
f 2370/2370/2370 2369/2369/2369 2368/2368/2368
f 2373/2373/2373 2372/2372/2372 2371/2371/2371
f 2376/2376/2376 2375/2375/2375 2374/2374/2374
f 2379/2379/2379 2378/2378/2378 2377/2377/2377
f 2382/2382/2382 2381/2381/2381 2380/2380/2380
f 2385/2385/2385 2384/2384/2384 2383/2383/2383
f 2388/2388/2388 2387/2387/2387 2386/2386/2386
f 2391/2391/2391 2390/2390/2390 2389/2389/2389
f 2394/2394/2394 2393/2393/2393 2392/2392/2392
f 2397/2397/2397 2396/2396/2396 2395/2395/2395
f 2400/2400/2400 2399/2399/2399 2398/2398/2398
f 2403/2403/2403 2402/2402/2402 2401/2401/2401
f 2406/2406/2406 2405/2405/2405 2404/2404/2404
f 2409/2409/2409 2408/2408/2408 2407/2407/2407
f 2412/2412/2412 2411/2411/2411 2410/2410/2410
f 2415/2415/2415 2414/2414/2414 2413/2413/2413
f 2418/2418/2418 2417/2417/2417 2416/2416/2416
f 2421/2421/2421 2420/2420/2420 2419/2419/2419
f 2424/2424/2424 2423/2423/2423 2422/2422/2422
f 2427/2427/2427 2426/2426/2426 2425/2425/2425
f 2430/2430/2430 2429/2429/2429 2428/2428/2428
f 2433/2433/2433 2432/2432/2432 2431/2431/2431
f 2436/2436/2436 2435/2435/2435 2434/2434/2434
f 2439/2439/2439 2438/2438/2438 2437/2437/2437
f 2442/2442/2442 2441/2441/2441 2440/2440/2440
f 2445/2445/2445 2444/2444/2444 2443/2443/2443
f 2448/2448/2448 2447/2447/2447 2446/2446/2446
f 2451/2451/2451 2450/2450/2450 2449/2449/2449
f 2454/2454/2454 2453/2453/2453 2452/2452/2452
f 2457/2457/2457 2456/2456/2456 2455/2455/2455
f 2460/2460/2460 2459/2459/2459 2458/2458/2458
f 2463/2463/2463 2462/2462/2462 2461/2461/2461
f 2466/2466/2466 2465/2465/2465 2464/2464/2464
f 2469/2469/2469 2468/2468/2468 2467/2467/2467
f 2472/2472/2472 2471/2471/2471 2470/2470/2470
f 2475/2475/2475 2474/2474/2474 2473/2473/2473
f 2478/2478/2478 2477/2477/2477 2476/2476/2476
f 2481/2481/2481 2480/2480/2480 2479/2479/2479
f 2484/2484/2484 2483/2483/2483 2482/2482/2482
f 2487/2487/2487 2486/2486/2486 2485/2485/2485
f 2490/2490/2490 2489/2489/2489 2488/2488/2488
f 2493/2493/2493 2492/2492/2492 2491/2491/2491
f 2496/2496/2496 2495/2495/2495 2494/2494/2494
f 2499/2499/2499 2498/2498/2498 2497/2497/2497
f 2502/2502/2502 2501/2501/2501 2500/2500/2500
f 2505/2505/2505 2504/2504/2504 2503/2503/2503
f 2508/2508/2508 2507/2507/2507 2506/2506/2506
f 2511/2511/2511 2510/2510/2510 2509/2509/2509
f 2514/2514/2514 2513/2513/2513 2512/2512/2512
f 2517/2517/2517 2516/2516/2516 2515/2515/2515
f 2520/2520/2520 2519/2519/2519 2518/2518/2518
f 2523/2523/2523 2522/2522/2522 2521/2521/2521
f 2526/2526/2526 2525/2525/2525 2524/2524/2524
f 2529/2529/2529 2528/2528/2528 2527/2527/2527
f 2532/2532/2532 2531/2531/2531 2530/2530/2530
f 2535/2535/2535 2534/2534/2534 2533/2533/2533
f 2538/2538/2538 2537/2537/2537 2536/2536/2536
f 2541/2541/2541 2540/2540/2540 2539/2539/2539
f 2544/2544/2544 2543/2543/2543 2542/2542/2542
f 2547/2547/2547 2546/2546/2546 2545/2545/2545
f 2550/2550/2550 2549/2549/2549 2548/2548/2548
f 2553/2553/2553 2552/2552/2552 2551/2551/2551
f 2556/2556/2556 2555/2555/2555 2554/2554/2554
f 2559/2559/2559 2558/2558/2558 2557/2557/2557
f 2562/2562/2562 2561/2561/2561 2560/2560/2560
f 2565/2565/2565 2564/2564/2564 2563/2563/2563
f 2568/2568/2568 2567/2567/2567 2566/2566/2566
f 2571/2571/2571 2570/2570/2570 2569/2569/2569
f 2574/2574/2574 2573/2573/2573 2572/2572/2572
f 2577/2577/2577 2576/2576/2576 2575/2575/2575
f 2580/2580/2580 2579/2579/2579 2578/2578/2578
f 2583/2583/2583 2582/2582/2582 2581/2581/2581
f 2586/2586/2586 2585/2585/2585 2584/2584/2584
f 2589/2589/2589 2588/2588/2588 2587/2587/2587
f 2592/2592/2592 2591/2591/2591 2590/2590/2590
f 2595/2595/2595 2594/2594/2594 2593/2593/2593
f 2598/2598/2598 2597/2597/2597 2596/2596/2596
f 2601/2601/2601 2600/2600/2600 2599/2599/2599
f 2604/2604/2604 2603/2603/2603 2602/2602/2602
f 2607/2607/2607 2606/2606/2606 2605/2605/2605
f 2610/2610/2610 2609/2609/2609 2608/2608/2608
f 2613/2613/2613 2612/2612/2612 2611/2611/2611
f 2616/2616/2616 2615/2615/2615 2614/2614/2614
f 2619/2619/2619 2618/2618/2618 2617/2617/2617
f 2622/2622/2622 2621/2621/2621 2620/2620/2620
f 2625/2625/2625 2624/2624/2624 2623/2623/2623
f 2628/2628/2628 2627/2627/2627 2626/2626/2626
f 2631/2631/2631 2630/2630/2630 2629/2629/2629
f 2634/2634/2634 2633/2633/2633 2632/2632/2632
f 2637/2637/2637 2636/2636/2636 2635/2635/2635
f 2640/2640/2640 2639/2639/2639 2638/2638/2638
f 2643/2643/2643 2642/2642/2642 2641/2641/2641
f 2646/2646/2646 2645/2645/2645 2644/2644/2644
f 2649/2649/2649 2648/2648/2648 2647/2647/2647
f 2652/2652/2652 2651/2651/2651 2650/2650/2650
f 2655/2655/2655 2654/2654/2654 2653/2653/2653
f 2658/2658/2658 2657/2657/2657 2656/2656/2656
f 2661/2661/2661 2660/2660/2660 2659/2659/2659
f 2664/2664/2664 2663/2663/2663 2662/2662/2662
f 2667/2667/2667 2666/2666/2666 2665/2665/2665
f 2670/2670/2670 2669/2669/2669 2668/2668/2668
f 2673/2673/2673 2672/2672/2672 2671/2671/2671
f 2676/2676/2676 2675/2675/2675 2674/2674/2674
f 2679/2679/2679 2678/2678/2678 2677/2677/2677
f 2682/2682/2682 2681/2681/2681 2680/2680/2680
f 2685/2685/2685 2684/2684/2684 2683/2683/2683
f 2688/2688/2688 2687/2687/2687 2686/2686/2686
f 2691/2691/2691 2690/2690/2690 2689/2689/2689
f 2694/2694/2694 2693/2693/2693 2692/2692/2692
f 2697/2697/2697 2696/2696/2696 2695/2695/2695
f 2700/2700/2700 2699/2699/2699 2698/2698/2698
f 2703/2703/2703 2702/2702/2702 2701/2701/2701
f 2706/2706/2706 2705/2705/2705 2704/2704/2704
f 2709/2709/2709 2708/2708/2708 2707/2707/2707
f 2712/2712/2712 2711/2711/2711 2710/2710/2710
f 2715/2715/2715 2714/2714/2714 2713/2713/2713
f 2718/2718/2718 2717/2717/2717 2716/2716/2716
f 2721/2721/2721 2720/2720/2720 2719/2719/2719
f 2724/2724/2724 2723/2723/2723 2722/2722/2722
f 2727/2727/2727 2726/2726/2726 2725/2725/2725
f 2730/2730/2730 2729/2729/2729 2728/2728/2728
f 2733/2733/2733 2732/2732/2732 2731/2731/2731
f 2736/2736/2736 2735/2735/2735 2734/2734/2734
f 2739/2739/2739 2738/2738/2738 2737/2737/2737
f 2742/2742/2742 2741/2741/2741 2740/2740/2740
f 2745/2745/2745 2744/2744/2744 2743/2743/2743
f 2748/2748/2748 2747/2747/2747 2746/2746/2746
f 2751/2751/2751 2750/2750/2750 2749/2749/2749
f 2754/2754/2754 2753/2753/2753 2752/2752/2752
f 2757/2757/2757 2756/2756/2756 2755/2755/2755
f 2760/2760/2760 2759/2759/2759 2758/2758/2758
f 2763/2763/2763 2762/2762/2762 2761/2761/2761
f 2766/2766/2766 2765/2765/2765 2764/2764/2764
f 2769/2769/2769 2768/2768/2768 2767/2767/2767
f 2772/2772/2772 2771/2771/2771 2770/2770/2770
f 2775/2775/2775 2774/2774/2774 2773/2773/2773
f 2778/2778/2778 2777/2777/2777 2776/2776/2776
f 2781/2781/2781 2780/2780/2780 2779/2779/2779
f 2784/2784/2784 2783/2783/2783 2782/2782/2782
f 2787/2787/2787 2786/2786/2786 2785/2785/2785
f 2790/2790/2790 2789/2789/2789 2788/2788/2788
f 2793/2793/2793 2792/2792/2792 2791/2791/2791
f 2796/2796/2796 2795/2795/2795 2794/2794/2794
f 2799/2799/2799 2798/2798/2798 2797/2797/2797
f 2802/2802/2802 2801/2801/2801 2800/2800/2800
f 2805/2805/2805 2804/2804/2804 2803/2803/2803
f 2808/2808/2808 2807/2807/2807 2806/2806/2806
f 2811/2811/2811 2810/2810/2810 2809/2809/2809
f 2814/2814/2814 2813/2813/2813 2812/2812/2812
f 2817/2817/2817 2816/2816/2816 2815/2815/2815
f 2820/2820/2820 2819/2819/2819 2818/2818/2818
f 2823/2823/2823 2822/2822/2822 2821/2821/2821
f 2826/2826/2826 2825/2825/2825 2824/2824/2824
f 2829/2829/2829 2828/2828/2828 2827/2827/2827
f 2832/2832/2832 2831/2831/2831 2830/2830/2830
f 2835/2835/2835 2834/2834/2834 2833/2833/2833
f 2838/2838/2838 2837/2837/2837 2836/2836/2836
f 2841/2841/2841 2840/2840/2840 2839/2839/2839
f 2844/2844/2844 2843/2843/2843 2842/2842/2842
f 2847/2847/2847 2846/2846/2846 2845/2845/2845
f 2850/2850/2850 2849/2849/2849 2848/2848/2848
f 2853/2853/2853 2852/2852/2852 2851/2851/2851
f 2856/2856/2856 2855/2855/2855 2854/2854/2854
f 2859/2859/2859 2858/2858/2858 2857/2857/2857
f 2862/2862/2862 2861/2861/2861 2860/2860/2860
f 2865/2865/2865 2864/2864/2864 2863/2863/2863
f 2868/2868/2868 2867/2867/2867 2866/2866/2866
f 2871/2871/2871 2870/2870/2870 2869/2869/2869
f 2874/2874/2874 2873/2873/2873 2872/2872/2872
f 2877/2877/2877 2876/2876/2876 2875/2875/2875
f 2880/2880/2880 2879/2879/2879 2878/2878/2878
f 2883/2883/2883 2882/2882/2882 2881/2881/2881
f 2886/2886/2886 2885/2885/2885 2884/2884/2884
f 2889/2889/2889 2888/2888/2888 2887/2887/2887
f 2892/2892/2892 2891/2891/2891 2890/2890/2890
f 2895/2895/2895 2894/2894/2894 2893/2893/2893
f 2898/2898/2898 2897/2897/2897 2896/2896/2896
f 2901/2901/2901 2900/2900/2900 2899/2899/2899
f 2904/2904/2904 2903/2903/2903 2902/2902/2902
f 2907/2907/2907 2906/2906/2906 2905/2905/2905
f 2910/2910/2910 2909/2909/2909 2908/2908/2908
f 2913/2913/2913 2912/2912/2912 2911/2911/2911
f 2916/2916/2916 2915/2915/2915 2914/2914/2914
f 2919/2919/2919 2918/2918/2918 2917/2917/2917
f 2922/2922/2922 2921/2921/2921 2920/2920/2920
f 2925/2925/2925 2924/2924/2924 2923/2923/2923
f 2928/2928/2928 2927/2927/2927 2926/2926/2926
f 2931/2931/2931 2930/2930/2930 2929/2929/2929
f 2934/2934/2934 2933/2933/2933 2932/2932/2932
f 2937/2937/2937 2936/2936/2936 2935/2935/2935
f 2940/2940/2940 2939/2939/2939 2938/2938/2938
f 2943/2943/2943 2942/2942/2942 2941/2941/2941
f 2946/2946/2946 2945/2945/2945 2944/2944/2944
f 2949/2949/2949 2948/2948/2948 2947/2947/2947
f 2952/2952/2952 2951/2951/2951 2950/2950/2950
f 2955/2955/2955 2954/2954/2954 2953/2953/2953
f 2958/2958/2958 2957/2957/2957 2956/2956/2956
f 2961/2961/2961 2960/2960/2960 2959/2959/2959
f 2964/2964/2964 2963/2963/2963 2962/2962/2962
f 2967/2967/2967 2966/2966/2966 2965/2965/2965
f 2970/2970/2970 2969/2969/2969 2968/2968/2968
f 2973/2973/2973 2972/2972/2972 2971/2971/2971
f 2976/2976/2976 2975/2975/2975 2974/2974/2974
f 2979/2979/2979 2978/2978/2978 2977/2977/2977
f 2982/2982/2982 2981/2981/2981 2980/2980/2980
f 2985/2985/2985 2984/2984/2984 2983/2983/2983
f 2988/2988/2988 2987/2987/2987 2986/2986/2986
f 2991/2991/2991 2990/2990/2990 2989/2989/2989
f 2994/2994/2994 2993/2993/2993 2992/2992/2992
f 2997/2997/2997 2996/2996/2996 2995/2995/2995
f 3000/3000/3000 2999/2999/2999 2998/2998/2998
f 3003/3003/3003 3002/3002/3002 3001/3001/3001
f 3006/3006/3006 3005/3005/3005 3004/3004/3004
f 3009/3009/3009 3008/3008/3008 3007/3007/3007
f 3012/3012/3012 3011/3011/3011 3010/3010/3010
f 3015/3015/3015 3014/3014/3014 3013/3013/3013
f 3018/3018/3018 3017/3017/3017 3016/3016/3016
f 3021/3021/3021 3020/3020/3020 3019/3019/3019
f 3024/3024/3024 3023/3023/3023 3022/3022/3022
f 3027/3027/3027 3026/3026/3026 3025/3025/3025
f 3030/3030/3030 3029/3029/3029 3028/3028/3028
f 3033/3033/3033 3032/3032/3032 3031/3031/3031
f 3036/3036/3036 3035/3035/3035 3034/3034/3034
f 3039/3039/3039 3038/3038/3038 3037/3037/3037
f 3042/3042/3042 3041/3041/3041 3040/3040/3040
f 3045/3045/3045 3044/3044/3044 3043/3043/3043
f 3048/3048/3048 3047/3047/3047 3046/3046/3046
f 3051/3051/3051 3050/3050/3050 3049/3049/3049
f 3054/3054/3054 3053/3053/3053 3052/3052/3052
f 3057/3057/3057 3056/3056/3056 3055/3055/3055
f 3060/3060/3060 3059/3059/3059 3058/3058/3058
f 3063/3063/3063 3062/3062/3062 3061/3061/3061
f 3066/3066/3066 3065/3065/3065 3064/3064/3064
f 3069/3069/3069 3068/3068/3068 3067/3067/3067
f 3072/3072/3072 3071/3071/3071 3070/3070/3070
f 3075/3075/3075 3074/3074/3074 3073/3073/3073
f 3078/3078/3078 3077/3077/3077 3076/3076/3076
f 3081/3081/3081 3080/3080/3080 3079/3079/3079
f 3084/3084/3084 3083/3083/3083 3082/3082/3082
f 3087/3087/3087 3086/3086/3086 3085/3085/3085
f 3090/3090/3090 3089/3089/3089 3088/3088/3088
f 3093/3093/3093 3092/3092/3092 3091/3091/3091
f 3096/3096/3096 3095/3095/3095 3094/3094/3094
f 3099/3099/3099 3098/3098/3098 3097/3097/3097
f 3102/3102/3102 3101/3101/3101 3100/3100/3100
f 3105/3105/3105 3104/3104/3104 3103/3103/3103
f 3108/3108/3108 3107/3107/3107 3106/3106/3106
f 3111/3111/3111 3110/3110/3110 3109/3109/3109
f 3114/3114/3114 3113/3113/3113 3112/3112/3112
f 3117/3117/3117 3116/3116/3116 3115/3115/3115
f 3120/3120/3120 3119/3119/3119 3118/3118/3118
f 3123/3123/3123 3122/3122/3122 3121/3121/3121
f 3126/3126/3126 3125/3125/3125 3124/3124/3124
f 3129/3129/3129 3128/3128/3128 3127/3127/3127
f 3132/3132/3132 3131/3131/3131 3130/3130/3130
f 3135/3135/3135 3134/3134/3134 3133/3133/3133
f 3138/3138/3138 3137/3137/3137 3136/3136/3136
f 3141/3141/3141 3140/3140/3140 3139/3139/3139
f 3144/3144/3144 3143/3143/3143 3142/3142/3142
f 3147/3147/3147 3146/3146/3146 3145/3145/3145
f 3150/3150/3150 3149/3149/3149 3148/3148/3148
f 3153/3153/3153 3152/3152/3152 3151/3151/3151
f 3156/3156/3156 3155/3155/3155 3154/3154/3154
f 3159/3159/3159 3158/3158/3158 3157/3157/3157
f 3162/3162/3162 3161/3161/3161 3160/3160/3160
f 3165/3165/3165 3164/3164/3164 3163/3163/3163
f 3168/3168/3168 3167/3167/3167 3166/3166/3166
f 3171/3171/3171 3170/3170/3170 3169/3169/3169
f 3174/3174/3174 3173/3173/3173 3172/3172/3172
f 3177/3177/3177 3176/3176/3176 3175/3175/3175
f 3180/3180/3180 3179/3179/3179 3178/3178/3178
f 3183/3183/3183 3182/3182/3182 3181/3181/3181
f 3186/3186/3186 3185/3185/3185 3184/3184/3184
f 3189/3189/3189 3188/3188/3188 3187/3187/3187
f 3192/3192/3192 3191/3191/3191 3190/3190/3190
f 3195/3195/3195 3194/3194/3194 3193/3193/3193
f 3198/3198/3198 3197/3197/3197 3196/3196/3196
f 3201/3201/3201 3200/3200/3200 3199/3199/3199
f 3204/3204/3204 3203/3203/3203 3202/3202/3202
f 3207/3207/3207 3206/3206/3206 3205/3205/3205
f 3210/3210/3210 3209/3209/3209 3208/3208/3208
f 3213/3213/3213 3212/3212/3212 3211/3211/3211
f 3216/3216/3216 3215/3215/3215 3214/3214/3214
f 3219/3219/3219 3218/3218/3218 3217/3217/3217
f 3222/3222/3222 3221/3221/3221 3220/3220/3220
f 3225/3225/3225 3224/3224/3224 3223/3223/3223
f 3228/3228/3228 3227/3227/3227 3226/3226/3226
f 3231/3231/3231 3230/3230/3230 3229/3229/3229
f 3234/3234/3234 3233/3233/3233 3232/3232/3232
f 3237/3237/3237 3236/3236/3236 3235/3235/3235
f 3240/3240/3240 3239/3239/3239 3238/3238/3238
f 3243/3243/3243 3242/3242/3242 3241/3241/3241
f 3246/3246/3246 3245/3245/3245 3244/3244/3244
f 3249/3249/3249 3248/3248/3248 3247/3247/3247
f 3252/3252/3252 3251/3251/3251 3250/3250/3250
f 3255/3255/3255 3254/3254/3254 3253/3253/3253
f 3258/3258/3258 3257/3257/3257 3256/3256/3256
f 3261/3261/3261 3260/3260/3260 3259/3259/3259
f 3264/3264/3264 3263/3263/3263 3262/3262/3262
f 3267/3267/3267 3266/3266/3266 3265/3265/3265
f 3270/3270/3270 3269/3269/3269 3268/3268/3268
f 3273/3273/3273 3272/3272/3272 3271/3271/3271
f 3276/3276/3276 3275/3275/3275 3274/3274/3274
f 3279/3279/3279 3278/3278/3278 3277/3277/3277
f 3282/3282/3282 3281/3281/3281 3280/3280/3280
f 3285/3285/3285 3284/3284/3284 3283/3283/3283
f 3288/3288/3288 3287/3287/3287 3286/3286/3286
f 3291/3291/3291 3290/3290/3290 3289/3289/3289
f 3294/3294/3294 3293/3293/3293 3292/3292/3292
f 3297/3297/3297 3296/3296/3296 3295/3295/3295
f 3300/3300/3300 3299/3299/3299 3298/3298/3298
f 3303/3303/3303 3302/3302/3302 3301/3301/3301
f 3306/3306/3306 3305/3305/3305 3304/3304/3304
f 3309/3309/3309 3308/3308/3308 3307/3307/3307
f 3312/3312/3312 3311/3311/3311 3310/3310/3310
f 3315/3315/3315 3314/3314/3314 3313/3313/3313
f 3318/3318/3318 3317/3317/3317 3316/3316/3316
f 3321/3321/3321 3320/3320/3320 3319/3319/3319
f 3324/3324/3324 3323/3323/3323 3322/3322/3322
f 3327/3327/3327 3326/3326/3326 3325/3325/3325
f 3330/3330/3330 3329/3329/3329 3328/3328/3328
f 3333/3333/3333 3332/3332/3332 3331/3331/3331
f 3336/3336/3336 3335/3335/3335 3334/3334/3334
f 3339/3339/3339 3338/3338/3338 3337/3337/3337
f 3342/3342/3342 3341/3341/3341 3340/3340/3340
f 3345/3345/3345 3344/3344/3344 3343/3343/3343
f 3348/3348/3348 3347/3347/3347 3346/3346/3346
f 3351/3351/3351 3350/3350/3350 3349/3349/3349
f 3354/3354/3354 3353/3353/3353 3352/3352/3352
f 3357/3357/3357 3356/3356/3356 3355/3355/3355
f 3360/3360/3360 3359/3359/3359 3358/3358/3358
f 3363/3363/3363 3362/3362/3362 3361/3361/3361
f 3366/3366/3366 3365/3365/3365 3364/3364/3364
f 3369/3369/3369 3368/3368/3368 3367/3367/3367
f 3372/3372/3372 3371/3371/3371 3370/3370/3370
f 3375/3375/3375 3374/3374/3374 3373/3373/3373
f 3378/3378/3378 3377/3377/3377 3376/3376/3376
f 3381/3381/3381 3380/3380/3380 3379/3379/3379
f 3384/3384/3384 3383/3383/3383 3382/3382/3382
f 3387/3387/3387 3386/3386/3386 3385/3385/3385
f 3390/3390/3390 3389/3389/3389 3388/3388/3388
f 3393/3393/3393 3392/3392/3392 3391/3391/3391
f 3396/3396/3396 3395/3395/3395 3394/3394/3394
f 3399/3399/3399 3398/3398/3398 3397/3397/3397
f 3402/3402/3402 3401/3401/3401 3400/3400/3400
f 3405/3405/3405 3404/3404/3404 3403/3403/3403
f 3408/3408/3408 3407/3407/3407 3406/3406/3406
f 3411/3411/3411 3410/3410/3410 3409/3409/3409
f 3414/3414/3414 3413/3413/3413 3412/3412/3412
f 3417/3417/3417 3416/3416/3416 3415/3415/3415
f 3420/3420/3420 3419/3419/3419 3418/3418/3418
f 3423/3423/3423 3422/3422/3422 3421/3421/3421
f 3426/3426/3426 3425/3425/3425 3424/3424/3424
f 3429/3429/3429 3428/3428/3428 3427/3427/3427
f 3432/3432/3432 3431/3431/3431 3430/3430/3430
f 3435/3435/3435 3434/3434/3434 3433/3433/3433
f 3438/3438/3438 3437/3437/3437 3436/3436/3436
f 3441/3441/3441 3440/3440/3440 3439/3439/3439
f 3444/3444/3444 3443/3443/3443 3442/3442/3442
f 3447/3447/3447 3446/3446/3446 3445/3445/3445
f 3450/3450/3450 3449/3449/3449 3448/3448/3448
f 3453/3453/3453 3452/3452/3452 3451/3451/3451
f 3456/3456/3456 3455/3455/3455 3454/3454/3454
f 3459/3459/3459 3458/3458/3458 3457/3457/3457
f 3462/3462/3462 3461/3461/3461 3460/3460/3460
f 3465/3465/3465 3464/3464/3464 3463/3463/3463
f 3468/3468/3468 3467/3467/3467 3466/3466/3466
f 3471/3471/3471 3470/3470/3470 3469/3469/3469
f 3474/3474/3474 3473/3473/3473 3472/3472/3472
f 3477/3477/3477 3476/3476/3476 3475/3475/3475
f 3480/3480/3480 3479/3479/3479 3478/3478/3478
f 3483/3483/3483 3482/3482/3482 3481/3481/3481
f 3486/3486/3486 3485/3485/3485 3484/3484/3484
f 3489/3489/3489 3488/3488/3488 3487/3487/3487
f 3492/3492/3492 3491/3491/3491 3490/3490/3490
f 3495/3495/3495 3494/3494/3494 3493/3493/3493
f 3498/3498/3498 3497/3497/3497 3496/3496/3496
f 3501/3501/3501 3500/3500/3500 3499/3499/3499
f 3504/3504/3504 3503/3503/3503 3502/3502/3502
f 3507/3507/3507 3506/3506/3506 3505/3505/3505
f 3510/3510/3510 3509/3509/3509 3508/3508/3508
f 3513/3513/3513 3512/3512/3512 3511/3511/3511
f 3516/3516/3516 3515/3515/3515 3514/3514/3514
f 3519/3519/3519 3518/3518/3518 3517/3517/3517
f 3522/3522/3522 3521/3521/3521 3520/3520/3520
f 3525/3525/3525 3524/3524/3524 3523/3523/3523
f 3528/3528/3528 3527/3527/3527 3526/3526/3526
f 3531/3531/3531 3530/3530/3530 3529/3529/3529
f 3534/3534/3534 3533/3533/3533 3532/3532/3532
f 3537/3537/3537 3536/3536/3536 3535/3535/3535
f 3540/3540/3540 3539/3539/3539 3538/3538/3538
f 3543/3543/3543 3542/3542/3542 3541/3541/3541
f 3546/3546/3546 3545/3545/3545 3544/3544/3544
f 3549/3549/3549 3548/3548/3548 3547/3547/3547
f 3552/3552/3552 3551/3551/3551 3550/3550/3550
f 3555/3555/3555 3554/3554/3554 3553/3553/3553
f 3558/3558/3558 3557/3557/3557 3556/3556/3556
f 3561/3561/3561 3560/3560/3560 3559/3559/3559
f 3564/3564/3564 3563/3563/3563 3562/3562/3562
f 3567/3567/3567 3566/3566/3566 3565/3565/3565
f 3570/3570/3570 3569/3569/3569 3568/3568/3568
f 3573/3573/3573 3572/3572/3572 3571/3571/3571
f 3576/3576/3576 3575/3575/3575 3574/3574/3574
f 3579/3579/3579 3578/3578/3578 3577/3577/3577
f 3582/3582/3582 3581/3581/3581 3580/3580/3580
f 3585/3585/3585 3584/3584/3584 3583/3583/3583
f 3588/3588/3588 3587/3587/3587 3586/3586/3586
f 3591/3591/3591 3590/3590/3590 3589/3589/3589
f 3594/3594/3594 3593/3593/3593 3592/3592/3592
f 3597/3597/3597 3596/3596/3596 3595/3595/3595
f 3600/3600/3600 3599/3599/3599 3598/3598/3598
f 3603/3603/3603 3602/3602/3602 3601/3601/3601
f 3606/3606/3606 3605/3605/3605 3604/3604/3604
f 3609/3609/3609 3608/3608/3608 3607/3607/3607
f 3612/3612/3612 3611/3611/3611 3610/3610/3610
f 3615/3615/3615 3614/3614/3614 3613/3613/3613
f 3618/3618/3618 3617/3617/3617 3616/3616/3616
f 3621/3621/3621 3620/3620/3620 3619/3619/3619
f 3624/3624/3624 3623/3623/3623 3622/3622/3622
f 3627/3627/3627 3626/3626/3626 3625/3625/3625
f 3630/3630/3630 3629/3629/3629 3628/3628/3628
f 3633/3633/3633 3632/3632/3632 3631/3631/3631
f 3636/3636/3636 3635/3635/3635 3634/3634/3634
f 3639/3639/3639 3638/3638/3638 3637/3637/3637
f 3642/3642/3642 3641/3641/3641 3640/3640/3640
f 3645/3645/3645 3644/3644/3644 3643/3643/3643
f 3648/3648/3648 3647/3647/3647 3646/3646/3646
f 3651/3651/3651 3650/3650/3650 3649/3649/3649
f 3654/3654/3654 3653/3653/3653 3652/3652/3652
f 3657/3657/3657 3656/3656/3656 3655/3655/3655
f 3660/3660/3660 3659/3659/3659 3658/3658/3658
f 3663/3663/3663 3662/3662/3662 3661/3661/3661
f 3666/3666/3666 3665/3665/3665 3664/3664/3664
f 3669/3669/3669 3668/3668/3668 3667/3667/3667
f 3672/3672/3672 3671/3671/3671 3670/3670/3670
f 3675/3675/3675 3674/3674/3674 3673/3673/3673
f 3678/3678/3678 3677/3677/3677 3676/3676/3676
f 3681/3681/3681 3680/3680/3680 3679/3679/3679
f 3684/3684/3684 3683/3683/3683 3682/3682/3682
f 3687/3687/3687 3686/3686/3686 3685/3685/3685
f 3690/3690/3690 3689/3689/3689 3688/3688/3688
f 3693/3693/3693 3692/3692/3692 3691/3691/3691
f 3696/3696/3696 3695/3695/3695 3694/3694/3694
f 3699/3699/3699 3698/3698/3698 3697/3697/3697
f 3702/3702/3702 3701/3701/3701 3700/3700/3700
f 3705/3705/3705 3704/3704/3704 3703/3703/3703
f 3708/3708/3708 3707/3707/3707 3706/3706/3706
f 3711/3711/3711 3710/3710/3710 3709/3709/3709
f 3714/3714/3714 3713/3713/3713 3712/3712/3712
f 3717/3717/3717 3716/3716/3716 3715/3715/3715
f 3720/3720/3720 3719/3719/3719 3718/3718/3718
f 3723/3723/3723 3722/3722/3722 3721/3721/3721
f 3726/3726/3726 3725/3725/3725 3724/3724/3724
f 3729/3729/3729 3728/3728/3728 3727/3727/3727
f 3732/3732/3732 3731/3731/3731 3730/3730/3730
f 3735/3735/3735 3734/3734/3734 3733/3733/3733
f 3738/3738/3738 3737/3737/3737 3736/3736/3736
f 3741/3741/3741 3740/3740/3740 3739/3739/3739
f 3744/3744/3744 3743/3743/3743 3742/3742/3742
f 3747/3747/3747 3746/3746/3746 3745/3745/3745
f 3750/3750/3750 3749/3749/3749 3748/3748/3748
f 3753/3753/3753 3752/3752/3752 3751/3751/3751
f 3756/3756/3756 3755/3755/3755 3754/3754/3754
f 3759/3759/3759 3758/3758/3758 3757/3757/3757
f 3762/3762/3762 3761/3761/3761 3760/3760/3760
f 3765/3765/3765 3764/3764/3764 3763/3763/3763
f 3768/3768/3768 3767/3767/3767 3766/3766/3766
f 3771/3771/3771 3770/3770/3770 3769/3769/3769
f 3774/3774/3774 3773/3773/3773 3772/3772/3772
f 3777/3777/3777 3776/3776/3776 3775/3775/3775
f 3780/3780/3780 3779/3779/3779 3778/3778/3778
f 3783/3783/3783 3782/3782/3782 3781/3781/3781
f 3786/3786/3786 3785/3785/3785 3784/3784/3784
f 3789/3789/3789 3788/3788/3788 3787/3787/3787
f 3792/3792/3792 3791/3791/3791 3790/3790/3790
f 3795/3795/3795 3794/3794/3794 3793/3793/3793
f 3798/3798/3798 3797/3797/3797 3796/3796/3796
f 3801/3801/3801 3800/3800/3800 3799/3799/3799
f 3804/3804/3804 3803/3803/3803 3802/3802/3802
f 3807/3807/3807 3806/3806/3806 3805/3805/3805
f 3810/3810/3810 3809/3809/3809 3808/3808/3808
f 3813/3813/3813 3812/3812/3812 3811/3811/3811
f 3816/3816/3816 3815/3815/3815 3814/3814/3814
f 3819/3819/3819 3818/3818/3818 3817/3817/3817
f 3822/3822/3822 3821/3821/3821 3820/3820/3820
f 3825/3825/3825 3824/3824/3824 3823/3823/3823
f 3828/3828/3828 3827/3827/3827 3826/3826/3826
f 3831/3831/3831 3830/3830/3830 3829/3829/3829
f 3834/3834/3834 3833/3833/3833 3832/3832/3832
f 3837/3837/3837 3836/3836/3836 3835/3835/3835
f 3840/3840/3840 3839/3839/3839 3838/3838/3838
f 3843/3843/3843 3842/3842/3842 3841/3841/3841
f 3846/3846/3846 3845/3845/3845 3844/3844/3844
f 3849/3849/3849 3848/3848/3848 3847/3847/3847
f 3852/3852/3852 3851/3851/3851 3850/3850/3850
f 3855/3855/3855 3854/3854/3854 3853/3853/3853
f 3858/3858/3858 3857/3857/3857 3856/3856/3856
f 3861/3861/3861 3860/3860/3860 3859/3859/3859
f 3864/3864/3864 3863/3863/3863 3862/3862/3862
f 3867/3867/3867 3866/3866/3866 3865/3865/3865
f 3870/3870/3870 3869/3869/3869 3868/3868/3868
f 3873/3873/3873 3872/3872/3872 3871/3871/3871
f 3876/3876/3876 3875/3875/3875 3874/3874/3874
f 3879/3879/3879 3878/3878/3878 3877/3877/3877
f 3882/3882/3882 3881/3881/3881 3880/3880/3880
f 3885/3885/3885 3884/3884/3884 3883/3883/3883
f 3888/3888/3888 3887/3887/3887 3886/3886/3886
f 3891/3891/3891 3890/3890/3890 3889/3889/3889
f 3894/3894/3894 3893/3893/3893 3892/3892/3892
f 3897/3897/3897 3896/3896/3896 3895/3895/3895
f 3900/3900/3900 3899/3899/3899 3898/3898/3898
f 3903/3903/3903 3902/3902/3902 3901/3901/3901
f 3906/3906/3906 3905/3905/3905 3904/3904/3904
f 3909/3909/3909 3908/3908/3908 3907/3907/3907
f 3912/3912/3912 3911/3911/3911 3910/3910/3910
f 3915/3915/3915 3914/3914/3914 3913/3913/3913
f 3918/3918/3918 3917/3917/3917 3916/3916/3916
f 3921/3921/3921 3920/3920/3920 3919/3919/3919
f 3924/3924/3924 3923/3923/3923 3922/3922/3922
f 3927/3927/3927 3926/3926/3926 3925/3925/3925
f 3930/3930/3930 3929/3929/3929 3928/3928/3928
f 3933/3933/3933 3932/3932/3932 3931/3931/3931
f 3936/3936/3936 3935/3935/3935 3934/3934/3934
f 3939/3939/3939 3938/3938/3938 3937/3937/3937
f 3942/3942/3942 3941/3941/3941 3940/3940/3940
f 3945/3945/3945 3944/3944/3944 3943/3943/3943
f 3948/3948/3948 3947/3947/3947 3946/3946/3946
f 3951/3951/3951 3950/3950/3950 3949/3949/3949
f 3954/3954/3954 3953/3953/3953 3952/3952/3952
f 3957/3957/3957 3956/3956/3956 3955/3955/3955
f 3960/3960/3960 3959/3959/3959 3958/3958/3958
f 3963/3963/3963 3962/3962/3962 3961/3961/3961
f 3966/3966/3966 3965/3965/3965 3964/3964/3964
f 3969/3969/3969 3968/3968/3968 3967/3967/3967
f 3972/3972/3972 3971/3971/3971 3970/3970/3970
f 3975/3975/3975 3974/3974/3974 3973/3973/3973
f 3978/3978/3978 3977/3977/3977 3976/3976/3976
f 3981/3981/3981 3980/3980/3980 3979/3979/3979
f 3984/3984/3984 3983/3983/3983 3982/3982/3982
f 3987/3987/3987 3986/3986/3986 3985/3985/3985
f 3990/3990/3990 3989/3989/3989 3988/3988/3988
f 3993/3993/3993 3992/3992/3992 3991/3991/3991
f 3996/3996/3996 3995/3995/3995 3994/3994/3994
f 3999/3999/3999 3998/3998/3998 3997/3997/3997
f 4002/4002/4002 4001/4001/4001 4000/4000/4000
f 4005/4005/4005 4004/4004/4004 4003/4003/4003
f 4008/4008/4008 4007/4007/4007 4006/4006/4006
f 4011/4011/4011 4010/4010/4010 4009/4009/4009
f 4014/4014/4014 4013/4013/4013 4012/4012/4012
f 4017/4017/4017 4016/4016/4016 4015/4015/4015
f 4020/4020/4020 4019/4019/4019 4018/4018/4018
f 4023/4023/4023 4022/4022/4022 4021/4021/4021
f 4026/4026/4026 4025/4025/4025 4024/4024/4024
f 4029/4029/4029 4028/4028/4028 4027/4027/4027
f 4032/4032/4032 4031/4031/4031 4030/4030/4030
f 4035/4035/4035 4034/4034/4034 4033/4033/4033
f 4038/4038/4038 4037/4037/4037 4036/4036/4036
f 4041/4041/4041 4040/4040/4040 4039/4039/4039
f 4044/4044/4044 4043/4043/4043 4042/4042/4042
f 4047/4047/4047 4046/4046/4046 4045/4045/4045
f 4050/4050/4050 4049/4049/4049 4048/4048/4048
f 4053/4053/4053 4052/4052/4052 4051/4051/4051
f 4056/4056/4056 4055/4055/4055 4054/4054/4054
f 4059/4059/4059 4058/4058/4058 4057/4057/4057
f 4062/4062/4062 4061/4061/4061 4060/4060/4060
f 4065/4065/4065 4064/4064/4064 4063/4063/4063
f 4068/4068/4068 4067/4067/4067 4066/4066/4066
f 4071/4071/4071 4070/4070/4070 4069/4069/4069
f 4074/4074/4074 4073/4073/4073 4072/4072/4072
f 4077/4077/4077 4076/4076/4076 4075/4075/4075
f 4080/4080/4080 4079/4079/4079 4078/4078/4078
f 4083/4083/4083 4082/4082/4082 4081/4081/4081
f 4086/4086/4086 4085/4085/4085 4084/4084/4084
f 4089/4089/4089 4088/4088/4088 4087/4087/4087
f 4092/4092/4092 4091/4091/4091 4090/4090/4090
f 4095/4095/4095 4094/4094/4094 4093/4093/4093
f 4098/4098/4098 4097/4097/4097 4096/4096/4096
f 4101/4101/4101 4100/4100/4100 4099/4099/4099
f 4104/4104/4104 4103/4103/4103 4102/4102/4102
f 4107/4107/4107 4106/4106/4106 4105/4105/4105
f 4110/4110/4110 4109/4109/4109 4108/4108/4108
f 4113/4113/4113 4112/4112/4112 4111/4111/4111
f 4116/4116/4116 4115/4115/4115 4114/4114/4114
f 4119/4119/4119 4118/4118/4118 4117/4117/4117
f 4122/4122/4122 4121/4121/4121 4120/4120/4120
f 4125/4125/4125 4124/4124/4124 4123/4123/4123
f 4128/4128/4128 4127/4127/4127 4126/4126/4126
f 4131/4131/4131 4130/4130/4130 4129/4129/4129
f 4134/4134/4134 4133/4133/4133 4132/4132/4132
f 4137/4137/4137 4136/4136/4136 4135/4135/4135
f 4140/4140/4140 4139/4139/4139 4138/4138/4138
f 4143/4143/4143 4142/4142/4142 4141/4141/4141
f 4146/4146/4146 4145/4145/4145 4144/4144/4144
f 4149/4149/4149 4148/4148/4148 4147/4147/4147
f 4152/4152/4152 4151/4151/4151 4150/4150/4150
f 4155/4155/4155 4154/4154/4154 4153/4153/4153
f 4158/4158/4158 4157/4157/4157 4156/4156/4156
f 4161/4161/4161 4160/4160/4160 4159/4159/4159
f 4164/4164/4164 4163/4163/4163 4162/4162/4162
f 4167/4167/4167 4166/4166/4166 4165/4165/4165
f 4170/4170/4170 4169/4169/4169 4168/4168/4168
f 4173/4173/4173 4172/4172/4172 4171/4171/4171
f 4176/4176/4176 4175/4175/4175 4174/4174/4174
f 4179/4179/4179 4178/4178/4178 4177/4177/4177
f 4182/4182/4182 4181/4181/4181 4180/4180/4180
f 4185/4185/4185 4184/4184/4184 4183/4183/4183
f 4188/4188/4188 4187/4187/4187 4186/4186/4186
f 4191/4191/4191 4190/4190/4190 4189/4189/4189
f 4194/4194/4194 4193/4193/4193 4192/4192/4192
f 4197/4197/4197 4196/4196/4196 4195/4195/4195
f 4200/4200/4200 4199/4199/4199 4198/4198/4198
f 4203/4203/4203 4202/4202/4202 4201/4201/4201
f 4206/4206/4206 4205/4205/4205 4204/4204/4204
f 4209/4209/4209 4208/4208/4208 4207/4207/4207
f 4212/4212/4212 4211/4211/4211 4210/4210/4210
f 4215/4215/4215 4214/4214/4214 4213/4213/4213
f 4218/4218/4218 4217/4217/4217 4216/4216/4216
f 4221/4221/4221 4220/4220/4220 4219/4219/4219
f 4224/4224/4224 4223/4223/4223 4222/4222/4222
f 4227/4227/4227 4226/4226/4226 4225/4225/4225
f 4230/4230/4230 4229/4229/4229 4228/4228/4228
f 4233/4233/4233 4232/4232/4232 4231/4231/4231
f 4236/4236/4236 4235/4235/4235 4234/4234/4234
f 4239/4239/4239 4238/4238/4238 4237/4237/4237
f 4242/4242/4242 4241/4241/4241 4240/4240/4240
f 4245/4245/4245 4244/4244/4244 4243/4243/4243
f 4248/4248/4248 4247/4247/4247 4246/4246/4246
f 4251/4251/4251 4250/4250/4250 4249/4249/4249
f 4254/4254/4254 4253/4253/4253 4252/4252/4252
f 4257/4257/4257 4256/4256/4256 4255/4255/4255
f 4260/4260/4260 4259/4259/4259 4258/4258/4258
f 4263/4263/4263 4262/4262/4262 4261/4261/4261
f 4266/4266/4266 4265/4265/4265 4264/4264/4264
f 4269/4269/4269 4268/4268/4268 4267/4267/4267
f 4272/4272/4272 4271/4271/4271 4270/4270/4270
f 4275/4275/4275 4274/4274/4274 4273/4273/4273
f 4278/4278/4278 4277/4277/4277 4276/4276/4276
f 4281/4281/4281 4280/4280/4280 4279/4279/4279
f 4284/4284/4284 4283/4283/4283 4282/4282/4282
f 4287/4287/4287 4286/4286/4286 4285/4285/4285
f 4290/4290/4290 4289/4289/4289 4288/4288/4288
f 4293/4293/4293 4292/4292/4292 4291/4291/4291
f 4296/4296/4296 4295/4295/4295 4294/4294/4294
f 4299/4299/4299 4298/4298/4298 4297/4297/4297
f 4302/4302/4302 4301/4301/4301 4300/4300/4300
f 4305/4305/4305 4304/4304/4304 4303/4303/4303
f 4308/4308/4308 4307/4307/4307 4306/4306/4306
f 4311/4311/4311 4310/4310/4310 4309/4309/4309
f 4314/4314/4314 4313/4313/4313 4312/4312/4312
f 4317/4317/4317 4316/4316/4316 4315/4315/4315
f 4320/4320/4320 4319/4319/4319 4318/4318/4318
f 4323/4323/4323 4322/4322/4322 4321/4321/4321
f 4326/4326/4326 4325/4325/4325 4324/4324/4324
f 4329/4329/4329 4328/4328/4328 4327/4327/4327
f 4332/4332/4332 4331/4331/4331 4330/4330/4330
f 4335/4335/4335 4334/4334/4334 4333/4333/4333
f 4338/4338/4338 4337/4337/4337 4336/4336/4336
f 4341/4341/4341 4340/4340/4340 4339/4339/4339
f 4344/4344/4344 4343/4343/4343 4342/4342/4342
f 4347/4347/4347 4346/4346/4346 4345/4345/4345
f 4350/4350/4350 4349/4349/4349 4348/4348/4348
f 4353/4353/4353 4352/4352/4352 4351/4351/4351
f 4356/4356/4356 4355/4355/4355 4354/4354/4354
f 4359/4359/4359 4358/4358/4358 4357/4357/4357
f 4362/4362/4362 4361/4361/4361 4360/4360/4360
f 4365/4365/4365 4364/4364/4364 4363/4363/4363
f 4368/4368/4368 4367/4367/4367 4366/4366/4366
f 4371/4371/4371 4370/4370/4370 4369/4369/4369
f 4374/4374/4374 4373/4373/4373 4372/4372/4372
f 4377/4377/4377 4376/4376/4376 4375/4375/4375
f 4380/4380/4380 4379/4379/4379 4378/4378/4378
f 4383/4383/4383 4382/4382/4382 4381/4381/4381
f 4386/4386/4386 4385/4385/4385 4384/4384/4384
f 4389/4389/4389 4388/4388/4388 4387/4387/4387
f 4392/4392/4392 4391/4391/4391 4390/4390/4390
f 4395/4395/4395 4394/4394/4394 4393/4393/4393
f 4398/4398/4398 4397/4397/4397 4396/4396/4396
f 4401/4401/4401 4400/4400/4400 4399/4399/4399
f 4404/4404/4404 4403/4403/4403 4402/4402/4402
f 4407/4407/4407 4406/4406/4406 4405/4405/4405
f 4410/4410/4410 4409/4409/4409 4408/4408/4408
f 4413/4413/4413 4412/4412/4412 4411/4411/4411
f 4416/4416/4416 4415/4415/4415 4414/4414/4414
f 4419/4419/4419 4418/4418/4418 4417/4417/4417
f 4422/4422/4422 4421/4421/4421 4420/4420/4420
f 4425/4425/4425 4424/4424/4424 4423/4423/4423
f 4428/4428/4428 4427/4427/4427 4426/4426/4426
f 4431/4431/4431 4430/4430/4430 4429/4429/4429
f 4434/4434/4434 4433/4433/4433 4432/4432/4432
f 4437/4437/4437 4436/4436/4436 4435/4435/4435
f 4440/4440/4440 4439/4439/4439 4438/4438/4438
f 4443/4443/4443 4442/4442/4442 4441/4441/4441
f 4446/4446/4446 4445/4445/4445 4444/4444/4444
f 4449/4449/4449 4448/4448/4448 4447/4447/4447
f 4452/4452/4452 4451/4451/4451 4450/4450/4450
f 4455/4455/4455 4454/4454/4454 4453/4453/4453
f 4458/4458/4458 4457/4457/4457 4456/4456/4456
f 4461/4461/4461 4460/4460/4460 4459/4459/4459
f 4464/4464/4464 4463/4463/4463 4462/4462/4462
f 4467/4467/4467 4466/4466/4466 4465/4465/4465
f 4470/4470/4470 4469/4469/4469 4468/4468/4468
f 4473/4473/4473 4472/4472/4472 4471/4471/4471
f 4476/4476/4476 4475/4475/4475 4474/4474/4474
f 4479/4479/4479 4478/4478/4478 4477/4477/4477
f 4482/4482/4482 4481/4481/4481 4480/4480/4480
f 4485/4485/4485 4484/4484/4484 4483/4483/4483
f 4488/4488/4488 4487/4487/4487 4486/4486/4486
f 4491/4491/4491 4490/4490/4490 4489/4489/4489
f 4494/4494/4494 4493/4493/4493 4492/4492/4492
f 4497/4497/4497 4496/4496/4496 4495/4495/4495
f 4500/4500/4500 4499/4499/4499 4498/4498/4498
f 4503/4503/4503 4502/4502/4502 4501/4501/4501
f 4506/4506/4506 4505/4505/4505 4504/4504/4504
f 4509/4509/4509 4508/4508/4508 4507/4507/4507
f 4512/4512/4512 4511/4511/4511 4510/4510/4510
f 4515/4515/4515 4514/4514/4514 4513/4513/4513
f 4518/4518/4518 4517/4517/4517 4516/4516/4516
f 4521/4521/4521 4520/4520/4520 4519/4519/4519
f 4524/4524/4524 4523/4523/4523 4522/4522/4522
f 4527/4527/4527 4526/4526/4526 4525/4525/4525
f 4530/4530/4530 4529/4529/4529 4528/4528/4528
f 4533/4533/4533 4532/4532/4532 4531/4531/4531
f 4536/4536/4536 4535/4535/4535 4534/4534/4534
f 4539/4539/4539 4538/4538/4538 4537/4537/4537
f 4542/4542/4542 4541/4541/4541 4540/4540/4540
f 4545/4545/4545 4544/4544/4544 4543/4543/4543
f 4548/4548/4548 4547/4547/4547 4546/4546/4546
f 4551/4551/4551 4550/4550/4550 4549/4549/4549
f 4554/4554/4554 4553/4553/4553 4552/4552/4552
f 4557/4557/4557 4556/4556/4556 4555/4555/4555
f 4560/4560/4560 4559/4559/4559 4558/4558/4558
f 4563/4563/4563 4562/4562/4562 4561/4561/4561
f 4566/4566/4566 4565/4565/4565 4564/4564/4564
f 4569/4569/4569 4568/4568/4568 4567/4567/4567
f 4572/4572/4572 4571/4571/4571 4570/4570/4570
f 4575/4575/4575 4574/4574/4574 4573/4573/4573
f 4578/4578/4578 4577/4577/4577 4576/4576/4576
f 4581/4581/4581 4580/4580/4580 4579/4579/4579
f 4584/4584/4584 4583/4583/4583 4582/4582/4582
f 4587/4587/4587 4586/4586/4586 4585/4585/4585
f 4590/4590/4590 4589/4589/4589 4588/4588/4588
f 4593/4593/4593 4592/4592/4592 4591/4591/4591
f 4596/4596/4596 4595/4595/4595 4594/4594/4594
f 4599/4599/4599 4598/4598/4598 4597/4597/4597
f 4602/4602/4602 4601/4601/4601 4600/4600/4600
f 4605/4605/4605 4604/4604/4604 4603/4603/4603
f 4608/4608/4608 4607/4607/4607 4606/4606/4606
f 4611/4611/4611 4610/4610/4610 4609/4609/4609
f 4614/4614/4614 4613/4613/4613 4612/4612/4612
f 4617/4617/4617 4616/4616/4616 4615/4615/4615
f 4620/4620/4620 4619/4619/4619 4618/4618/4618
f 4623/4623/4623 4622/4622/4622 4621/4621/4621
f 4626/4626/4626 4625/4625/4625 4624/4624/4624
f 4629/4629/4629 4628/4628/4628 4627/4627/4627
f 4632/4632/4632 4631/4631/4631 4630/4630/4630
f 4635/4635/4635 4634/4634/4634 4633/4633/4633
f 4638/4638/4638 4637/4637/4637 4636/4636/4636
f 4641/4641/4641 4640/4640/4640 4639/4639/4639
f 4644/4644/4644 4643/4643/4643 4642/4642/4642
f 4647/4647/4647 4646/4646/4646 4645/4645/4645
f 4650/4650/4650 4649/4649/4649 4648/4648/4648
f 4653/4653/4653 4652/4652/4652 4651/4651/4651
f 4656/4656/4656 4655/4655/4655 4654/4654/4654
f 4659/4659/4659 4658/4658/4658 4657/4657/4657
f 4662/4662/4662 4661/4661/4661 4660/4660/4660
f 4665/4665/4665 4664/4664/4664 4663/4663/4663
f 4668/4668/4668 4667/4667/4667 4666/4666/4666
f 4671/4671/4671 4670/4670/4670 4669/4669/4669
f 4674/4674/4674 4673/4673/4673 4672/4672/4672
f 4677/4677/4677 4676/4676/4676 4675/4675/4675
f 4680/4680/4680 4679/4679/4679 4678/4678/4678
f 4683/4683/4683 4682/4682/4682 4681/4681/4681
f 4686/4686/4686 4685/4685/4685 4684/4684/4684
f 4689/4689/4689 4688/4688/4688 4687/4687/4687
f 4692/4692/4692 4691/4691/4691 4690/4690/4690
f 4695/4695/4695 4694/4694/4694 4693/4693/4693
f 4698/4698/4698 4697/4697/4697 4696/4696/4696
f 4701/4701/4701 4700/4700/4700 4699/4699/4699
f 4704/4704/4704 4703/4703/4703 4702/4702/4702
f 4707/4707/4707 4706/4706/4706 4705/4705/4705
f 4710/4710/4710 4709/4709/4709 4708/4708/4708
f 4713/4713/4713 4712/4712/4712 4711/4711/4711
f 4716/4716/4716 4715/4715/4715 4714/4714/4714
f 4719/4719/4719 4718/4718/4718 4717/4717/4717
f 4722/4722/4722 4721/4721/4721 4720/4720/4720
f 4725/4725/4725 4724/4724/4724 4723/4723/4723
f 4728/4728/4728 4727/4727/4727 4726/4726/4726
f 4731/4731/4731 4730/4730/4730 4729/4729/4729
f 4734/4734/4734 4733/4733/4733 4732/4732/4732
f 4737/4737/4737 4736/4736/4736 4735/4735/4735
f 4740/4740/4740 4739/4739/4739 4738/4738/4738
f 4743/4743/4743 4742/4742/4742 4741/4741/4741
f 4746/4746/4746 4745/4745/4745 4744/4744/4744
f 4749/4749/4749 4748/4748/4748 4747/4747/4747
f 4752/4752/4752 4751/4751/4751 4750/4750/4750
f 4755/4755/4755 4754/4754/4754 4753/4753/4753
f 4758/4758/4758 4757/4757/4757 4756/4756/4756
f 4761/4761/4761 4760/4760/4760 4759/4759/4759
f 4764/4764/4764 4763/4763/4763 4762/4762/4762
f 4767/4767/4767 4766/4766/4766 4765/4765/4765
f 4770/4770/4770 4769/4769/4769 4768/4768/4768
f 4773/4773/4773 4772/4772/4772 4771/4771/4771
f 4776/4776/4776 4775/4775/4775 4774/4774/4774
f 4779/4779/4779 4778/4778/4778 4777/4777/4777
f 4782/4782/4782 4781/4781/4781 4780/4780/4780
f 4785/4785/4785 4784/4784/4784 4783/4783/4783
f 4788/4788/4788 4787/4787/4787 4786/4786/4786
f 4791/4791/4791 4790/4790/4790 4789/4789/4789
f 4794/4794/4794 4793/4793/4793 4792/4792/4792
f 4797/4797/4797 4796/4796/4796 4795/4795/4795
f 4800/4800/4800 4799/4799/4799 4798/4798/4798
f 4803/4803/4803 4802/4802/4802 4801/4801/4801
f 4806/4806/4806 4805/4805/4805 4804/4804/4804
f 4809/4809/4809 4808/4808/4808 4807/4807/4807
f 4812/4812/4812 4811/4811/4811 4810/4810/4810
f 4815/4815/4815 4814/4814/4814 4813/4813/4813
f 4818/4818/4818 4817/4817/4817 4816/4816/4816
f 4821/4821/4821 4820/4820/4820 4819/4819/4819
f 4824/4824/4824 4823/4823/4823 4822/4822/4822
f 4827/4827/4827 4826/4826/4826 4825/4825/4825
f 4830/4830/4830 4829/4829/4829 4828/4828/4828
f 4833/4833/4833 4832/4832/4832 4831/4831/4831
f 4836/4836/4836 4835/4835/4835 4834/4834/4834
f 4839/4839/4839 4838/4838/4838 4837/4837/4837
f 4842/4842/4842 4841/4841/4841 4840/4840/4840
f 4845/4845/4845 4844/4844/4844 4843/4843/4843
f 4848/4848/4848 4847/4847/4847 4846/4846/4846
f 4851/4851/4851 4850/4850/4850 4849/4849/4849
f 4854/4854/4854 4853/4853/4853 4852/4852/4852
f 4857/4857/4857 4856/4856/4856 4855/4855/4855
f 4860/4860/4860 4859/4859/4859 4858/4858/4858
f 4863/4863/4863 4862/4862/4862 4861/4861/4861
f 4866/4866/4866 4865/4865/4865 4864/4864/4864
f 4869/4869/4869 4868/4868/4868 4867/4867/4867
f 4872/4872/4872 4871/4871/4871 4870/4870/4870
f 4875/4875/4875 4874/4874/4874 4873/4873/4873
f 4878/4878/4878 4877/4877/4877 4876/4876/4876
f 4881/4881/4881 4880/4880/4880 4879/4879/4879
f 4884/4884/4884 4883/4883/4883 4882/4882/4882
f 4887/4887/4887 4886/4886/4886 4885/4885/4885
f 4890/4890/4890 4889/4889/4889 4888/4888/4888
f 4893/4893/4893 4892/4892/4892 4891/4891/4891
f 4896/4896/4896 4895/4895/4895 4894/4894/4894
f 4899/4899/4899 4898/4898/4898 4897/4897/4897
f 4902/4902/4902 4901/4901/4901 4900/4900/4900
f 4905/4905/4905 4904/4904/4904 4903/4903/4903
f 4908/4908/4908 4907/4907/4907 4906/4906/4906
f 4911/4911/4911 4910/4910/4910 4909/4909/4909
f 4914/4914/4914 4913/4913/4913 4912/4912/4912
f 4917/4917/4917 4916/4916/4916 4915/4915/4915
f 4920/4920/4920 4919/4919/4919 4918/4918/4918
f 4923/4923/4923 4922/4922/4922 4921/4921/4921
f 4926/4926/4926 4925/4925/4925 4924/4924/4924
f 4929/4929/4929 4928/4928/4928 4927/4927/4927
f 4932/4932/4932 4931/4931/4931 4930/4930/4930
f 4935/4935/4935 4934/4934/4934 4933/4933/4933
f 4938/4938/4938 4937/4937/4937 4936/4936/4936
f 4941/4941/4941 4940/4940/4940 4939/4939/4939
f 4944/4944/4944 4943/4943/4943 4942/4942/4942
f 4947/4947/4947 4946/4946/4946 4945/4945/4945
f 4950/4950/4950 4949/4949/4949 4948/4948/4948
f 4953/4953/4953 4952/4952/4952 4951/4951/4951
f 4956/4956/4956 4955/4955/4955 4954/4954/4954
f 4959/4959/4959 4958/4958/4958 4957/4957/4957
f 4962/4962/4962 4961/4961/4961 4960/4960/4960
f 4965/4965/4965 4964/4964/4964 4963/4963/4963
f 4968/4968/4968 4967/4967/4967 4966/4966/4966
f 4971/4971/4971 4970/4970/4970 4969/4969/4969
f 4974/4974/4974 4973/4973/4973 4972/4972/4972
f 4977/4977/4977 4976/4976/4976 4975/4975/4975
f 4980/4980/4980 4979/4979/4979 4978/4978/4978
f 4983/4983/4983 4982/4982/4982 4981/4981/4981
f 4986/4986/4986 4985/4985/4985 4984/4984/4984
f 4989/4989/4989 4988/4988/4988 4987/4987/4987
f 4992/4992/4992 4991/4991/4991 4990/4990/4990
f 4995/4995/4995 4994/4994/4994 4993/4993/4993
f 4998/4998/4998 4997/4997/4997 4996/4996/4996
f 5001/5001/5001 5000/5000/5000 4999/4999/4999
f 5004/5004/5004 5003/5003/5003 5002/5002/5002
f 5007/5007/5007 5006/5006/5006 5005/5005/5005
f 5010/5010/5010 5009/5009/5009 5008/5008/5008
f 5013/5013/5013 5012/5012/5012 5011/5011/5011
f 5016/5016/5016 5015/5015/5015 5014/5014/5014
f 5019/5019/5019 5018/5018/5018 5017/5017/5017
f 5022/5022/5022 5021/5021/5021 5020/5020/5020
f 5025/5025/5025 5024/5024/5024 5023/5023/5023
f 5028/5028/5028 5027/5027/5027 5026/5026/5026
f 5031/5031/5031 5030/5030/5030 5029/5029/5029
f 5034/5034/5034 5033/5033/5033 5032/5032/5032
f 5037/5037/5037 5036/5036/5036 5035/5035/5035
f 5040/5040/5040 5039/5039/5039 5038/5038/5038
f 5043/5043/5043 5042/5042/5042 5041/5041/5041
f 5046/5046/5046 5045/5045/5045 5044/5044/5044
f 5049/5049/5049 5048/5048/5048 5047/5047/5047
f 5052/5052/5052 5051/5051/5051 5050/5050/5050
f 5055/5055/5055 5054/5054/5054 5053/5053/5053
f 5058/5058/5058 5057/5057/5057 5056/5056/5056
f 5061/5061/5061 5060/5060/5060 5059/5059/5059
f 5064/5064/5064 5063/5063/5063 5062/5062/5062
f 5067/5067/5067 5066/5066/5066 5065/5065/5065
f 5070/5070/5070 5069/5069/5069 5068/5068/5068
f 5073/5073/5073 5072/5072/5072 5071/5071/5071
f 5076/5076/5076 5075/5075/5075 5074/5074/5074
f 5079/5079/5079 5078/5078/5078 5077/5077/5077
f 5082/5082/5082 5081/5081/5081 5080/5080/5080
f 5085/5085/5085 5084/5084/5084 5083/5083/5083
f 5088/5088/5088 5087/5087/5087 5086/5086/5086
f 5091/5091/5091 5090/5090/5090 5089/5089/5089
f 5094/5094/5094 5093/5093/5093 5092/5092/5092
f 5097/5097/5097 5096/5096/5096 5095/5095/5095
f 5100/5100/5100 5099/5099/5099 5098/5098/5098
f 5103/5103/5103 5102/5102/5102 5101/5101/5101
f 5106/5106/5106 5105/5105/5105 5104/5104/5104
f 5109/5109/5109 5108/5108/5108 5107/5107/5107
f 5112/5112/5112 5111/5111/5111 5110/5110/5110
f 5115/5115/5115 5114/5114/5114 5113/5113/5113
f 5118/5118/5118 5117/5117/5117 5116/5116/5116
f 5121/5121/5121 5120/5120/5120 5119/5119/5119
f 5124/5124/5124 5123/5123/5123 5122/5122/5122
f 5127/5127/5127 5126/5126/5126 5125/5125/5125
f 5130/5130/5130 5129/5129/5129 5128/5128/5128
f 5133/5133/5133 5132/5132/5132 5131/5131/5131
f 5136/5136/5136 5135/5135/5135 5134/5134/5134
f 5139/5139/5139 5138/5138/5138 5137/5137/5137
f 5142/5142/5142 5141/5141/5141 5140/5140/5140
f 5145/5145/5145 5144/5144/5144 5143/5143/5143
f 5148/5148/5148 5147/5147/5147 5146/5146/5146
f 5151/5151/5151 5150/5150/5150 5149/5149/5149
f 5154/5154/5154 5153/5153/5153 5152/5152/5152
f 5157/5157/5157 5156/5156/5156 5155/5155/5155
f 5160/5160/5160 5159/5159/5159 5158/5158/5158
f 5163/5163/5163 5162/5162/5162 5161/5161/5161
f 5166/5166/5166 5165/5165/5165 5164/5164/5164
f 5169/5169/5169 5168/5168/5168 5167/5167/5167
f 5172/5172/5172 5171/5171/5171 5170/5170/5170
f 5175/5175/5175 5174/5174/5174 5173/5173/5173
f 5178/5178/5178 5177/5177/5177 5176/5176/5176
f 5181/5181/5181 5180/5180/5180 5179/5179/5179
f 5184/5184/5184 5183/5183/5183 5182/5182/5182
f 5187/5187/5187 5186/5186/5186 5185/5185/5185
f 5190/5190/5190 5189/5189/5189 5188/5188/5188
f 5193/5193/5193 5192/5192/5192 5191/5191/5191
f 5196/5196/5196 5195/5195/5195 5194/5194/5194
f 5199/5199/5199 5198/5198/5198 5197/5197/5197
f 5202/5202/5202 5201/5201/5201 5200/5200/5200
f 5205/5205/5205 5204/5204/5204 5203/5203/5203
f 5208/5208/5208 5207/5207/5207 5206/5206/5206
f 5211/5211/5211 5210/5210/5210 5209/5209/5209
f 5214/5214/5214 5213/5213/5213 5212/5212/5212
f 5217/5217/5217 5216/5216/5216 5215/5215/5215
f 5220/5220/5220 5219/5219/5219 5218/5218/5218
f 5223/5223/5223 5222/5222/5222 5221/5221/5221
f 5226/5226/5226 5225/5225/5225 5224/5224/5224
f 5229/5229/5229 5228/5228/5228 5227/5227/5227
f 5232/5232/5232 5231/5231/5231 5230/5230/5230
f 5235/5235/5235 5234/5234/5234 5233/5233/5233
f 5238/5238/5238 5237/5237/5237 5236/5236/5236
f 5241/5241/5241 5240/5240/5240 5239/5239/5239
f 5244/5244/5244 5243/5243/5243 5242/5242/5242
f 5247/5247/5247 5246/5246/5246 5245/5245/5245
f 5250/5250/5250 5249/5249/5249 5248/5248/5248
f 5253/5253/5253 5252/5252/5252 5251/5251/5251
f 5256/5256/5256 5255/5255/5255 5254/5254/5254
f 5259/5259/5259 5258/5258/5258 5257/5257/5257
f 5262/5262/5262 5261/5261/5261 5260/5260/5260
f 5265/5265/5265 5264/5264/5264 5263/5263/5263
f 5268/5268/5268 5267/5267/5267 5266/5266/5266
f 5271/5271/5271 5270/5270/5270 5269/5269/5269
f 5274/5274/5274 5273/5273/5273 5272/5272/5272
f 5277/5277/5277 5276/5276/5276 5275/5275/5275
f 5280/5280/5280 5279/5279/5279 5278/5278/5278
f 5283/5283/5283 5282/5282/5282 5281/5281/5281
f 5286/5286/5286 5285/5285/5285 5284/5284/5284
f 5289/5289/5289 5288/5288/5288 5287/5287/5287
f 5292/5292/5292 5291/5291/5291 5290/5290/5290
f 5295/5295/5295 5294/5294/5294 5293/5293/5293
f 5298/5298/5298 5297/5297/5297 5296/5296/5296
f 5301/5301/5301 5300/5300/5300 5299/5299/5299
f 5304/5304/5304 5303/5303/5303 5302/5302/5302
f 5307/5307/5307 5306/5306/5306 5305/5305/5305
f 5310/5310/5310 5309/5309/5309 5308/5308/5308
f 5313/5313/5313 5312/5312/5312 5311/5311/5311
f 5316/5316/5316 5315/5315/5315 5314/5314/5314
f 5319/5319/5319 5318/5318/5318 5317/5317/5317
f 5322/5322/5322 5321/5321/5321 5320/5320/5320
f 5325/5325/5325 5324/5324/5324 5323/5323/5323
f 5328/5328/5328 5327/5327/5327 5326/5326/5326
f 5331/5331/5331 5330/5330/5330 5329/5329/5329
f 5334/5334/5334 5333/5333/5333 5332/5332/5332
f 5337/5337/5337 5336/5336/5336 5335/5335/5335
f 5340/5340/5340 5339/5339/5339 5338/5338/5338
f 5343/5343/5343 5342/5342/5342 5341/5341/5341
f 5346/5346/5346 5345/5345/5345 5344/5344/5344
f 5349/5349/5349 5348/5348/5348 5347/5347/5347
f 5352/5352/5352 5351/5351/5351 5350/5350/5350
f 5355/5355/5355 5354/5354/5354 5353/5353/5353
f 5358/5358/5358 5357/5357/5357 5356/5356/5356
f 5361/5361/5361 5360/5360/5360 5359/5359/5359
f 5364/5364/5364 5363/5363/5363 5362/5362/5362
f 5367/5367/5367 5366/5366/5366 5365/5365/5365
f 5370/5370/5370 5369/5369/5369 5368/5368/5368
f 5373/5373/5373 5372/5372/5372 5371/5371/5371
f 5376/5376/5376 5375/5375/5375 5374/5374/5374
f 5379/5379/5379 5378/5378/5378 5377/5377/5377
f 5382/5382/5382 5381/5381/5381 5380/5380/5380
f 5385/5385/5385 5384/5384/5384 5383/5383/5383
f 5388/5388/5388 5387/5387/5387 5386/5386/5386
f 5391/5391/5391 5390/5390/5390 5389/5389/5389
f 5394/5394/5394 5393/5393/5393 5392/5392/5392
f 5397/5397/5397 5396/5396/5396 5395/5395/5395
f 5400/5400/5400 5399/5399/5399 5398/5398/5398
f 5403/5403/5403 5402/5402/5402 5401/5401/5401
f 5406/5406/5406 5405/5405/5405 5404/5404/5404
f 5409/5409/5409 5408/5408/5408 5407/5407/5407
f 5412/5412/5412 5411/5411/5411 5410/5410/5410
f 5415/5415/5415 5414/5414/5414 5413/5413/5413
f 5418/5418/5418 5417/5417/5417 5416/5416/5416
f 5421/5421/5421 5420/5420/5420 5419/5419/5419
f 5424/5424/5424 5423/5423/5423 5422/5422/5422
f 5427/5427/5427 5426/5426/5426 5425/5425/5425
f 5430/5430/5430 5429/5429/5429 5428/5428/5428
f 5433/5433/5433 5432/5432/5432 5431/5431/5431
f 5436/5436/5436 5435/5435/5435 5434/5434/5434
f 5439/5439/5439 5438/5438/5438 5437/5437/5437
f 5442/5442/5442 5441/5441/5441 5440/5440/5440
f 5445/5445/5445 5444/5444/5444 5443/5443/5443
f 5448/5448/5448 5447/5447/5447 5446/5446/5446
f 5451/5451/5451 5450/5450/5450 5449/5449/5449
f 5454/5454/5454 5453/5453/5453 5452/5452/5452
f 5457/5457/5457 5456/5456/5456 5455/5455/5455
f 5460/5460/5460 5459/5459/5459 5458/5458/5458
f 5463/5463/5463 5462/5462/5462 5461/5461/5461
f 5466/5466/5466 5465/5465/5465 5464/5464/5464
f 5469/5469/5469 5468/5468/5468 5467/5467/5467
f 5472/5472/5472 5471/5471/5471 5470/5470/5470
f 5475/5475/5475 5474/5474/5474 5473/5473/5473
f 5478/5478/5478 5477/5477/5477 5476/5476/5476
f 5481/5481/5481 5480/5480/5480 5479/5479/5479
f 5484/5484/5484 5483/5483/5483 5482/5482/5482
f 5487/5487/5487 5486/5486/5486 5485/5485/5485
f 5490/5490/5490 5489/5489/5489 5488/5488/5488
f 5493/5493/5493 5492/5492/5492 5491/5491/5491
f 5496/5496/5496 5495/5495/5495 5494/5494/5494
f 5499/5499/5499 5498/5498/5498 5497/5497/5497
f 5502/5502/5502 5501/5501/5501 5500/5500/5500
f 5505/5505/5505 5504/5504/5504 5503/5503/5503
f 5508/5508/5508 5507/5507/5507 5506/5506/5506
f 5511/5511/5511 5510/5510/5510 5509/5509/5509
f 5514/5514/5514 5513/5513/5513 5512/5512/5512
f 5517/5517/5517 5516/5516/5516 5515/5515/5515
f 5520/5520/5520 5519/5519/5519 5518/5518/5518
f 5523/5523/5523 5522/5522/5522 5521/5521/5521
f 5526/5526/5526 5525/5525/5525 5524/5524/5524
f 5529/5529/5529 5528/5528/5528 5527/5527/5527
f 5532/5532/5532 5531/5531/5531 5530/5530/5530
f 5535/5535/5535 5534/5534/5534 5533/5533/5533
f 5538/5538/5538 5537/5537/5537 5536/5536/5536
f 5541/5541/5541 5540/5540/5540 5539/5539/5539
f 5544/5544/5544 5543/5543/5543 5542/5542/5542
f 5547/5547/5547 5546/5546/5546 5545/5545/5545
f 5550/5550/5550 5549/5549/5549 5548/5548/5548
f 5553/5553/5553 5552/5552/5552 5551/5551/5551
f 5556/5556/5556 5555/5555/5555 5554/5554/5554
f 5559/5559/5559 5558/5558/5558 5557/5557/5557
f 5562/5562/5562 5561/5561/5561 5560/5560/5560
f 5565/5565/5565 5564/5564/5564 5563/5563/5563
f 5568/5568/5568 5567/5567/5567 5566/5566/5566
f 5571/5571/5571 5570/5570/5570 5569/5569/5569
f 5574/5574/5574 5573/5573/5573 5572/5572/5572
f 5577/5577/5577 5576/5576/5576 5575/5575/5575
f 5580/5580/5580 5579/5579/5579 5578/5578/5578
f 5583/5583/5583 5582/5582/5582 5581/5581/5581
f 5586/5586/5586 5585/5585/5585 5584/5584/5584
f 5589/5589/5589 5588/5588/5588 5587/5587/5587
f 5592/5592/5592 5591/5591/5591 5590/5590/5590
f 5595/5595/5595 5594/5594/5594 5593/5593/5593
f 5598/5598/5598 5597/5597/5597 5596/5596/5596
f 5601/5601/5601 5600/5600/5600 5599/5599/5599
f 5604/5604/5604 5603/5603/5603 5602/5602/5602
f 5607/5607/5607 5606/5606/5606 5605/5605/5605
f 5610/5610/5610 5609/5609/5609 5608/5608/5608
f 5613/5613/5613 5612/5612/5612 5611/5611/5611
f 5616/5616/5616 5615/5615/5615 5614/5614/5614
f 5619/5619/5619 5618/5618/5618 5617/5617/5617
f 5622/5622/5622 5621/5621/5621 5620/5620/5620
f 5625/5625/5625 5624/5624/5624 5623/5623/5623
f 5628/5628/5628 5627/5627/5627 5626/5626/5626
f 5631/5631/5631 5630/5630/5630 5629/5629/5629
f 5634/5634/5634 5633/5633/5633 5632/5632/5632
f 5637/5637/5637 5636/5636/5636 5635/5635/5635
f 5640/5640/5640 5639/5639/5639 5638/5638/5638
f 5643/5643/5643 5642/5642/5642 5641/5641/5641
f 5646/5646/5646 5645/5645/5645 5644/5644/5644
f 5649/5649/5649 5648/5648/5648 5647/5647/5647
f 5652/5652/5652 5651/5651/5651 5650/5650/5650
f 5655/5655/5655 5654/5654/5654 5653/5653/5653
f 5658/5658/5658 5657/5657/5657 5656/5656/5656
f 5661/5661/5661 5660/5660/5660 5659/5659/5659
f 5664/5664/5664 5663/5663/5663 5662/5662/5662
f 5667/5667/5667 5666/5666/5666 5665/5665/5665
f 5670/5670/5670 5669/5669/5669 5668/5668/5668
f 5673/5673/5673 5672/5672/5672 5671/5671/5671
f 5676/5676/5676 5675/5675/5675 5674/5674/5674
f 5679/5679/5679 5678/5678/5678 5677/5677/5677
f 5682/5682/5682 5681/5681/5681 5680/5680/5680
f 5685/5685/5685 5684/5684/5684 5683/5683/5683
f 5688/5688/5688 5687/5687/5687 5686/5686/5686
f 5691/5691/5691 5690/5690/5690 5689/5689/5689
f 5694/5694/5694 5693/5693/5693 5692/5692/5692
f 5697/5697/5697 5696/5696/5696 5695/5695/5695
f 5700/5700/5700 5699/5699/5699 5698/5698/5698
f 5703/5703/5703 5702/5702/5702 5701/5701/5701
f 5706/5706/5706 5705/5705/5705 5704/5704/5704
f 5709/5709/5709 5708/5708/5708 5707/5707/5707
f 5712/5712/5712 5711/5711/5711 5710/5710/5710
f 5715/5715/5715 5714/5714/5714 5713/5713/5713
f 5718/5718/5718 5717/5717/5717 5716/5716/5716
f 5721/5721/5721 5720/5720/5720 5719/5719/5719
f 5724/5724/5724 5723/5723/5723 5722/5722/5722
f 5727/5727/5727 5726/5726/5726 5725/5725/5725
f 5730/5730/5730 5729/5729/5729 5728/5728/5728
f 5733/5733/5733 5732/5732/5732 5731/5731/5731
f 5736/5736/5736 5735/5735/5735 5734/5734/5734
f 5739/5739/5739 5738/5738/5738 5737/5737/5737
f 5742/5742/5742 5741/5741/5741 5740/5740/5740
f 5745/5745/5745 5744/5744/5744 5743/5743/5743
f 5748/5748/5748 5747/5747/5747 5746/5746/5746
f 5751/5751/5751 5750/5750/5750 5749/5749/5749
f 5754/5754/5754 5753/5753/5753 5752/5752/5752
f 5757/5757/5757 5756/5756/5756 5755/5755/5755
f 5760/5760/5760 5759/5759/5759 5758/5758/5758
f 5763/5763/5763 5762/5762/5762 5761/5761/5761
f 5766/5766/5766 5765/5765/5765 5764/5764/5764
f 5769/5769/5769 5768/5768/5768 5767/5767/5767
f 5772/5772/5772 5771/5771/5771 5770/5770/5770
f 5775/5775/5775 5774/5774/5774 5773/5773/5773
f 5778/5778/5778 5777/5777/5777 5776/5776/5776
f 5781/5781/5781 5780/5780/5780 5779/5779/5779
f 5784/5784/5784 5783/5783/5783 5782/5782/5782
f 5787/5787/5787 5786/5786/5786 5785/5785/5785
f 5790/5790/5790 5789/5789/5789 5788/5788/5788
f 5793/5793/5793 5792/5792/5792 5791/5791/5791
f 5796/5796/5796 5795/5795/5795 5794/5794/5794
f 5799/5799/5799 5798/5798/5798 5797/5797/5797
f 5802/5802/5802 5801/5801/5801 5800/5800/5800
f 5805/5805/5805 5804/5804/5804 5803/5803/5803
f 5808/5808/5808 5807/5807/5807 5806/5806/5806
f 5811/5811/5811 5810/5810/5810 5809/5809/5809
f 5814/5814/5814 5813/5813/5813 5812/5812/5812
f 5817/5817/5817 5816/5816/5816 5815/5815/5815
f 5820/5820/5820 5819/5819/5819 5818/5818/5818
f 5823/5823/5823 5822/5822/5822 5821/5821/5821
f 5826/5826/5826 5825/5825/5825 5824/5824/5824
f 5829/5829/5829 5828/5828/5828 5827/5827/5827
f 5832/5832/5832 5831/5831/5831 5830/5830/5830
f 5835/5835/5835 5834/5834/5834 5833/5833/5833
f 5838/5838/5838 5837/5837/5837 5836/5836/5836
f 5841/5841/5841 5840/5840/5840 5839/5839/5839
f 5844/5844/5844 5843/5843/5843 5842/5842/5842
f 5847/5847/5847 5846/5846/5846 5845/5845/5845
f 5850/5850/5850 5849/5849/5849 5848/5848/5848
f 5853/5853/5853 5852/5852/5852 5851/5851/5851
f 5856/5856/5856 5855/5855/5855 5854/5854/5854
f 5859/5859/5859 5858/5858/5858 5857/5857/5857
f 5862/5862/5862 5861/5861/5861 5860/5860/5860
f 5865/5865/5865 5864/5864/5864 5863/5863/5863
f 5868/5868/5868 5867/5867/5867 5866/5866/5866
f 5871/5871/5871 5870/5870/5870 5869/5869/5869
f 5874/5874/5874 5873/5873/5873 5872/5872/5872
f 5877/5877/5877 5876/5876/5876 5875/5875/5875
f 5880/5880/5880 5879/5879/5879 5878/5878/5878
f 5883/5883/5883 5882/5882/5882 5881/5881/5881
f 5886/5886/5886 5885/5885/5885 5884/5884/5884
f 5889/5889/5889 5888/5888/5888 5887/5887/5887
f 5892/5892/5892 5891/5891/5891 5890/5890/5890
f 5895/5895/5895 5894/5894/5894 5893/5893/5893
f 5898/5898/5898 5897/5897/5897 5896/5896/5896
f 5901/5901/5901 5900/5900/5900 5899/5899/5899
f 5904/5904/5904 5903/5903/5903 5902/5902/5902
f 5907/5907/5907 5906/5906/5906 5905/5905/5905
f 5910/5910/5910 5909/5909/5909 5908/5908/5908
f 5913/5913/5913 5912/5912/5912 5911/5911/5911
f 5916/5916/5916 5915/5915/5915 5914/5914/5914
f 5919/5919/5919 5918/5918/5918 5917/5917/5917
f 5922/5922/5922 5921/5921/5921 5920/5920/5920
f 5925/5925/5925 5924/5924/5924 5923/5923/5923
f 5928/5928/5928 5927/5927/5927 5926/5926/5926
f 5931/5931/5931 5930/5930/5930 5929/5929/5929
f 5934/5934/5934 5933/5933/5933 5932/5932/5932
f 5937/5937/5937 5936/5936/5936 5935/5935/5935
f 5940/5940/5940 5939/5939/5939 5938/5938/5938
f 5943/5943/5943 5942/5942/5942 5941/5941/5941
f 5946/5946/5946 5945/5945/5945 5944/5944/5944
f 5949/5949/5949 5948/5948/5948 5947/5947/5947
f 5952/5952/5952 5951/5951/5951 5950/5950/5950
f 5955/5955/5955 5954/5954/5954 5953/5953/5953
f 5958/5958/5958 5957/5957/5957 5956/5956/5956
f 5961/5961/5961 5960/5960/5960 5959/5959/5959
f 5964/5964/5964 5963/5963/5963 5962/5962/5962
f 5967/5967/5967 5966/5966/5966 5965/5965/5965
f 5970/5970/5970 5969/5969/5969 5968/5968/5968
f 5973/5973/5973 5972/5972/5972 5971/5971/5971
f 5976/5976/5976 5975/5975/5975 5974/5974/5974
f 5979/5979/5979 5978/5978/5978 5977/5977/5977
f 5982/5982/5982 5981/5981/5981 5980/5980/5980
f 5985/5985/5985 5984/5984/5984 5983/5983/5983
f 5988/5988/5988 5987/5987/5987 5986/5986/5986
f 5991/5991/5991 5990/5990/5990 5989/5989/5989
f 5994/5994/5994 5993/5993/5993 5992/5992/5992
f 5997/5997/5997 5996/5996/5996 5995/5995/5995
f 6000/6000/6000 5999/5999/5999 5998/5998/5998
f 6003/6003/6003 6002/6002/6002 6001/6001/6001
f 6006/6006/6006 6005/6005/6005 6004/6004/6004
f 6009/6009/6009 6008/6008/6008 6007/6007/6007
f 6012/6012/6012 6011/6011/6011 6010/6010/6010
f 6015/6015/6015 6014/6014/6014 6013/6013/6013
f 6018/6018/6018 6017/6017/6017 6016/6016/6016
f 6021/6021/6021 6020/6020/6020 6019/6019/6019
f 6024/6024/6024 6023/6023/6023 6022/6022/6022
f 6027/6027/6027 6026/6026/6026 6025/6025/6025
f 6030/6030/6030 6029/6029/6029 6028/6028/6028
f 6033/6033/6033 6032/6032/6032 6031/6031/6031
f 6036/6036/6036 6035/6035/6035 6034/6034/6034
f 6039/6039/6039 6038/6038/6038 6037/6037/6037
f 6042/6042/6042 6041/6041/6041 6040/6040/6040
f 6045/6045/6045 6044/6044/6044 6043/6043/6043
f 6048/6048/6048 6047/6047/6047 6046/6046/6046
f 6051/6051/6051 6050/6050/6050 6049/6049/6049
f 6054/6054/6054 6053/6053/6053 6052/6052/6052
f 6057/6057/6057 6056/6056/6056 6055/6055/6055
f 6060/6060/6060 6059/6059/6059 6058/6058/6058
f 6063/6063/6063 6062/6062/6062 6061/6061/6061
f 6066/6066/6066 6065/6065/6065 6064/6064/6064
f 6069/6069/6069 6068/6068/6068 6067/6067/6067
f 6072/6072/6072 6071/6071/6071 6070/6070/6070
f 6075/6075/6075 6074/6074/6074 6073/6073/6073
f 6078/6078/6078 6077/6077/6077 6076/6076/6076
f 6081/6081/6081 6080/6080/6080 6079/6079/6079
f 6084/6084/6084 6083/6083/6083 6082/6082/6082
f 6087/6087/6087 6086/6086/6086 6085/6085/6085
f 6090/6090/6090 6089/6089/6089 6088/6088/6088
f 6093/6093/6093 6092/6092/6092 6091/6091/6091
f 6096/6096/6096 6095/6095/6095 6094/6094/6094
f 6099/6099/6099 6098/6098/6098 6097/6097/6097
f 6102/6102/6102 6101/6101/6101 6100/6100/6100
f 6105/6105/6105 6104/6104/6104 6103/6103/6103
f 6108/6108/6108 6107/6107/6107 6106/6106/6106
f 6111/6111/6111 6110/6110/6110 6109/6109/6109
f 6114/6114/6114 6113/6113/6113 6112/6112/6112
f 6117/6117/6117 6116/6116/6116 6115/6115/6115
f 6120/6120/6120 6119/6119/6119 6118/6118/6118
f 6123/6123/6123 6122/6122/6122 6121/6121/6121
f 6126/6126/6126 6125/6125/6125 6124/6124/6124
f 6129/6129/6129 6128/6128/6128 6127/6127/6127
f 6132/6132/6132 6131/6131/6131 6130/6130/6130
f 6135/6135/6135 6134/6134/6134 6133/6133/6133
f 6138/6138/6138 6137/6137/6137 6136/6136/6136
f 6141/6141/6141 6140/6140/6140 6139/6139/6139
f 6144/6144/6144 6143/6143/6143 6142/6142/6142
f 6147/6147/6147 6146/6146/6146 6145/6145/6145
f 6150/6150/6150 6149/6149/6149 6148/6148/6148
f 6153/6153/6153 6152/6152/6152 6151/6151/6151
f 6156/6156/6156 6155/6155/6155 6154/6154/6154
f 6159/6159/6159 6158/6158/6158 6157/6157/6157
f 6162/6162/6162 6161/6161/6161 6160/6160/6160
f 6165/6165/6165 6164/6164/6164 6163/6163/6163
f 6168/6168/6168 6167/6167/6167 6166/6166/6166
f 6171/6171/6171 6170/6170/6170 6169/6169/6169
f 6174/6174/6174 6173/6173/6173 6172/6172/6172
f 6177/6177/6177 6176/6176/6176 6175/6175/6175
f 6180/6180/6180 6179/6179/6179 6178/6178/6178
f 6183/6183/6183 6182/6182/6182 6181/6181/6181
f 6186/6186/6186 6185/6185/6185 6184/6184/6184
f 6189/6189/6189 6188/6188/6188 6187/6187/6187
f 6192/6192/6192 6191/6191/6191 6190/6190/6190
f 6195/6195/6195 6194/6194/6194 6193/6193/6193
f 6198/6198/6198 6197/6197/6197 6196/6196/6196
f 6201/6201/6201 6200/6200/6200 6199/6199/6199
f 6204/6204/6204 6203/6203/6203 6202/6202/6202
f 6207/6207/6207 6206/6206/6206 6205/6205/6205
f 6210/6210/6210 6209/6209/6209 6208/6208/6208
f 6213/6213/6213 6212/6212/6212 6211/6211/6211
f 6216/6216/6216 6215/6215/6215 6214/6214/6214
f 6219/6219/6219 6218/6218/6218 6217/6217/6217
f 6222/6222/6222 6221/6221/6221 6220/6220/6220
f 6225/6225/6225 6224/6224/6224 6223/6223/6223
f 6228/6228/6228 6227/6227/6227 6226/6226/6226
f 6231/6231/6231 6230/6230/6230 6229/6229/6229
f 6234/6234/6234 6233/6233/6233 6232/6232/6232
f 6237/6237/6237 6236/6236/6236 6235/6235/6235
f 6240/6240/6240 6239/6239/6239 6238/6238/6238
f 6243/6243/6243 6242/6242/6242 6241/6241/6241
f 6246/6246/6246 6245/6245/6245 6244/6244/6244
f 6249/6249/6249 6248/6248/6248 6247/6247/6247
f 6252/6252/6252 6251/6251/6251 6250/6250/6250
f 6255/6255/6255 6254/6254/6254 6253/6253/6253
f 6258/6258/6258 6257/6257/6257 6256/6256/6256
f 6261/6261/6261 6260/6260/6260 6259/6259/6259
f 6264/6264/6264 6263/6263/6263 6262/6262/6262
f 6267/6267/6267 6266/6266/6266 6265/6265/6265
f 6270/6270/6270 6269/6269/6269 6268/6268/6268
f 6273/6273/6273 6272/6272/6272 6271/6271/6271
f 6276/6276/6276 6275/6275/6275 6274/6274/6274
f 6279/6279/6279 6278/6278/6278 6277/6277/6277
f 6282/6282/6282 6281/6281/6281 6280/6280/6280
f 6285/6285/6285 6284/6284/6284 6283/6283/6283
f 6288/6288/6288 6287/6287/6287 6286/6286/6286
f 6291/6291/6291 6290/6290/6290 6289/6289/6289
f 6294/6294/6294 6293/6293/6293 6292/6292/6292
f 6297/6297/6297 6296/6296/6296 6295/6295/6295
f 6300/6300/6300 6299/6299/6299 6298/6298/6298
f 6303/6303/6303 6302/6302/6302 6301/6301/6301
f 6306/6306/6306 6305/6305/6305 6304/6304/6304
f 6309/6309/6309 6308/6308/6308 6307/6307/6307
f 6312/6312/6312 6311/6311/6311 6310/6310/6310
f 6315/6315/6315 6314/6314/6314 6313/6313/6313
f 6318/6318/6318 6317/6317/6317 6316/6316/6316
f 6321/6321/6321 6320/6320/6320 6319/6319/6319
f 6324/6324/6324 6323/6323/6323 6322/6322/6322
f 6327/6327/6327 6326/6326/6326 6325/6325/6325
f 6330/6330/6330 6329/6329/6329 6328/6328/6328
f 6333/6333/6333 6332/6332/6332 6331/6331/6331
f 6336/6336/6336 6335/6335/6335 6334/6334/6334
f 6339/6339/6339 6338/6338/6338 6337/6337/6337
f 6342/6342/6342 6341/6341/6341 6340/6340/6340
f 6345/6345/6345 6344/6344/6344 6343/6343/6343
f 6348/6348/6348 6347/6347/6347 6346/6346/6346
f 6351/6351/6351 6350/6350/6350 6349/6349/6349
f 6354/6354/6354 6353/6353/6353 6352/6352/6352
f 6357/6357/6357 6356/6356/6356 6355/6355/6355
f 6360/6360/6360 6359/6359/6359 6358/6358/6358
f 6363/6363/6363 6362/6362/6362 6361/6361/6361
f 6366/6366/6366 6365/6365/6365 6364/6364/6364
f 6369/6369/6369 6368/6368/6368 6367/6367/6367
f 6372/6372/6372 6371/6371/6371 6370/6370/6370
f 6375/6375/6375 6374/6374/6374 6373/6373/6373
f 6378/6378/6378 6377/6377/6377 6376/6376/6376
f 6381/6381/6381 6380/6380/6380 6379/6379/6379
f 6384/6384/6384 6383/6383/6383 6382/6382/6382
f 6387/6387/6387 6386/6386/6386 6385/6385/6385
f 6390/6390/6390 6389/6389/6389 6388/6388/6388
f 6393/6393/6393 6392/6392/6392 6391/6391/6391
f 6396/6396/6396 6395/6395/6395 6394/6394/6394
f 6399/6399/6399 6398/6398/6398 6397/6397/6397
f 6402/6402/6402 6401/6401/6401 6400/6400/6400
f 6405/6405/6405 6404/6404/6404 6403/6403/6403
f 6408/6408/6408 6407/6407/6407 6406/6406/6406
f 6411/6411/6411 6410/6410/6410 6409/6409/6409
f 6414/6414/6414 6413/6413/6413 6412/6412/6412
f 6417/6417/6417 6416/6416/6416 6415/6415/6415
f 6420/6420/6420 6419/6419/6419 6418/6418/6418
f 6423/6423/6423 6422/6422/6422 6421/6421/6421
f 6426/6426/6426 6425/6425/6425 6424/6424/6424
f 6429/6429/6429 6428/6428/6428 6427/6427/6427
f 6432/6432/6432 6431/6431/6431 6430/6430/6430
f 6435/6435/6435 6434/6434/6434 6433/6433/6433
f 6438/6438/6438 6437/6437/6437 6436/6436/6436
f 6441/6441/6441 6440/6440/6440 6439/6439/6439
f 6444/6444/6444 6443/6443/6443 6442/6442/6442
f 6447/6447/6447 6446/6446/6446 6445/6445/6445
f 6450/6450/6450 6449/6449/6449 6448/6448/6448
f 6453/6453/6453 6452/6452/6452 6451/6451/6451
f 6456/6456/6456 6455/6455/6455 6454/6454/6454
f 6459/6459/6459 6458/6458/6458 6457/6457/6457
f 6462/6462/6462 6461/6461/6461 6460/6460/6460
f 6465/6465/6465 6464/6464/6464 6463/6463/6463
f 6468/6468/6468 6467/6467/6467 6466/6466/6466
f 6471/6471/6471 6470/6470/6470 6469/6469/6469
f 6474/6474/6474 6473/6473/6473 6472/6472/6472
f 6477/6477/6477 6476/6476/6476 6475/6475/6475
f 6480/6480/6480 6479/6479/6479 6478/6478/6478
f 6483/6483/6483 6482/6482/6482 6481/6481/6481
f 6486/6486/6486 6485/6485/6485 6484/6484/6484
f 6489/6489/6489 6488/6488/6488 6487/6487/6487
f 6492/6492/6492 6491/6491/6491 6490/6490/6490
f 6495/6495/6495 6494/6494/6494 6493/6493/6493
f 6498/6498/6498 6497/6497/6497 6496/6496/6496
f 6501/6501/6501 6500/6500/6500 6499/6499/6499
f 6504/6504/6504 6503/6503/6503 6502/6502/6502
f 6507/6507/6507 6506/6506/6506 6505/6505/6505
f 6510/6510/6510 6509/6509/6509 6508/6508/6508
f 6513/6513/6513 6512/6512/6512 6511/6511/6511
f 6516/6516/6516 6515/6515/6515 6514/6514/6514
f 6519/6519/6519 6518/6518/6518 6517/6517/6517
f 6522/6522/6522 6521/6521/6521 6520/6520/6520
f 6525/6525/6525 6524/6524/6524 6523/6523/6523
f 6528/6528/6528 6527/6527/6527 6526/6526/6526
f 6531/6531/6531 6530/6530/6530 6529/6529/6529
f 6534/6534/6534 6533/6533/6533 6532/6532/6532
f 6537/6537/6537 6536/6536/6536 6535/6535/6535
f 6540/6540/6540 6539/6539/6539 6538/6538/6538
f 6543/6543/6543 6542/6542/6542 6541/6541/6541
f 6546/6546/6546 6545/6545/6545 6544/6544/6544
f 6549/6549/6549 6548/6548/6548 6547/6547/6547
f 6552/6552/6552 6551/6551/6551 6550/6550/6550
f 6555/6555/6555 6554/6554/6554 6553/6553/6553
f 6558/6558/6558 6557/6557/6557 6556/6556/6556
f 6561/6561/6561 6560/6560/6560 6559/6559/6559
f 6564/6564/6564 6563/6563/6563 6562/6562/6562
f 6567/6567/6567 6566/6566/6566 6565/6565/6565
f 6570/6570/6570 6569/6569/6569 6568/6568/6568
f 6573/6573/6573 6572/6572/6572 6571/6571/6571
f 6576/6576/6576 6575/6575/6575 6574/6574/6574
f 6579/6579/6579 6578/6578/6578 6577/6577/6577
f 6582/6582/6582 6581/6581/6581 6580/6580/6580
f 6585/6585/6585 6584/6584/6584 6583/6583/6583
f 6588/6588/6588 6587/6587/6587 6586/6586/6586
f 6591/6591/6591 6590/6590/6590 6589/6589/6589
f 6594/6594/6594 6593/6593/6593 6592/6592/6592
f 6597/6597/6597 6596/6596/6596 6595/6595/6595
f 6600/6600/6600 6599/6599/6599 6598/6598/6598
f 6603/6603/6603 6602/6602/6602 6601/6601/6601
f 6606/6606/6606 6605/6605/6605 6604/6604/6604
f 6609/6609/6609 6608/6608/6608 6607/6607/6607
f 6612/6612/6612 6611/6611/6611 6610/6610/6610
f 6615/6615/6615 6614/6614/6614 6613/6613/6613
f 6618/6618/6618 6617/6617/6617 6616/6616/6616
f 6621/6621/6621 6620/6620/6620 6619/6619/6619
f 6624/6624/6624 6623/6623/6623 6622/6622/6622
f 6627/6627/6627 6626/6626/6626 6625/6625/6625
f 6630/6630/6630 6629/6629/6629 6628/6628/6628
f 6633/6633/6633 6632/6632/6632 6631/6631/6631
f 6636/6636/6636 6635/6635/6635 6634/6634/6634
f 6639/6639/6639 6638/6638/6638 6637/6637/6637
f 6642/6642/6642 6641/6641/6641 6640/6640/6640
f 6645/6645/6645 6644/6644/6644 6643/6643/6643
f 6648/6648/6648 6647/6647/6647 6646/6646/6646
f 6651/6651/6651 6650/6650/6650 6649/6649/6649
f 6654/6654/6654 6653/6653/6653 6652/6652/6652
f 6657/6657/6657 6656/6656/6656 6655/6655/6655
f 6660/6660/6660 6659/6659/6659 6658/6658/6658
f 6663/6663/6663 6662/6662/6662 6661/6661/6661
f 6666/6666/6666 6665/6665/6665 6664/6664/6664
f 6669/6669/6669 6668/6668/6668 6667/6667/6667
f 6672/6672/6672 6671/6671/6671 6670/6670/6670
f 6675/6675/6675 6674/6674/6674 6673/6673/6673
f 6678/6678/6678 6677/6677/6677 6676/6676/6676
f 6681/6681/6681 6680/6680/6680 6679/6679/6679
f 6684/6684/6684 6683/6683/6683 6682/6682/6682
f 6687/6687/6687 6686/6686/6686 6685/6685/6685
f 6690/6690/6690 6689/6689/6689 6688/6688/6688
f 6693/6693/6693 6692/6692/6692 6691/6691/6691
f 6696/6696/6696 6695/6695/6695 6694/6694/6694
f 6699/6699/6699 6698/6698/6698 6697/6697/6697
f 6702/6702/6702 6701/6701/6701 6700/6700/6700
f 6705/6705/6705 6704/6704/6704 6703/6703/6703
f 6708/6708/6708 6707/6707/6707 6706/6706/6706
f 6711/6711/6711 6710/6710/6710 6709/6709/6709
f 6714/6714/6714 6713/6713/6713 6712/6712/6712
f 6717/6717/6717 6716/6716/6716 6715/6715/6715
f 6720/6720/6720 6719/6719/6719 6718/6718/6718
f 6723/6723/6723 6722/6722/6722 6721/6721/6721
f 6726/6726/6726 6725/6725/6725 6724/6724/6724
f 6729/6729/6729 6728/6728/6728 6727/6727/6727
f 6732/6732/6732 6731/6731/6731 6730/6730/6730
f 6735/6735/6735 6734/6734/6734 6733/6733/6733
f 6738/6738/6738 6737/6737/6737 6736/6736/6736
f 6741/6741/6741 6740/6740/6740 6739/6739/6739
f 6744/6744/6744 6743/6743/6743 6742/6742/6742
f 6747/6747/6747 6746/6746/6746 6745/6745/6745
f 6750/6750/6750 6749/6749/6749 6748/6748/6748
f 6753/6753/6753 6752/6752/6752 6751/6751/6751
f 6756/6756/6756 6755/6755/6755 6754/6754/6754
f 6759/6759/6759 6758/6758/6758 6757/6757/6757
f 6762/6762/6762 6761/6761/6761 6760/6760/6760
f 6765/6765/6765 6764/6764/6764 6763/6763/6763
f 6768/6768/6768 6767/6767/6767 6766/6766/6766
f 6771/6771/6771 6770/6770/6770 6769/6769/6769
f 6774/6774/6774 6773/6773/6773 6772/6772/6772
f 6777/6777/6777 6776/6776/6776 6775/6775/6775
f 6780/6780/6780 6779/6779/6779 6778/6778/6778
f 6783/6783/6783 6782/6782/6782 6781/6781/6781
f 6786/6786/6786 6785/6785/6785 6784/6784/6784
f 6789/6789/6789 6788/6788/6788 6787/6787/6787
f 6792/6792/6792 6791/6791/6791 6790/6790/6790
f 6795/6795/6795 6794/6794/6794 6793/6793/6793
f 6798/6798/6798 6797/6797/6797 6796/6796/6796
f 6801/6801/6801 6800/6800/6800 6799/6799/6799
f 6804/6804/6804 6803/6803/6803 6802/6802/6802
f 6807/6807/6807 6806/6806/6806 6805/6805/6805
f 6810/6810/6810 6809/6809/6809 6808/6808/6808
f 6813/6813/6813 6812/6812/6812 6811/6811/6811
f 6816/6816/6816 6815/6815/6815 6814/6814/6814
f 6819/6819/6819 6818/6818/6818 6817/6817/6817
f 6822/6822/6822 6821/6821/6821 6820/6820/6820
f 6825/6825/6825 6824/6824/6824 6823/6823/6823
f 6828/6828/6828 6827/6827/6827 6826/6826/6826
f 6831/6831/6831 6830/6830/6830 6829/6829/6829
f 6834/6834/6834 6833/6833/6833 6832/6832/6832
f 6837/6837/6837 6836/6836/6836 6835/6835/6835
f 6840/6840/6840 6839/6839/6839 6838/6838/6838
f 6843/6843/6843 6842/6842/6842 6841/6841/6841
f 6846/6846/6846 6845/6845/6845 6844/6844/6844
f 6849/6849/6849 6848/6848/6848 6847/6847/6847
f 6852/6852/6852 6851/6851/6851 6850/6850/6850
f 6855/6855/6855 6854/6854/6854 6853/6853/6853
f 6858/6858/6858 6857/6857/6857 6856/6856/6856
f 6861/6861/6861 6860/6860/6860 6859/6859/6859
f 6864/6864/6864 6863/6863/6863 6862/6862/6862
f 6867/6867/6867 6866/6866/6866 6865/6865/6865
f 6870/6870/6870 6869/6869/6869 6868/6868/6868
f 6873/6873/6873 6872/6872/6872 6871/6871/6871
f 6876/6876/6876 6875/6875/6875 6874/6874/6874
f 6879/6879/6879 6878/6878/6878 6877/6877/6877
f 6882/6882/6882 6881/6881/6881 6880/6880/6880
f 6885/6885/6885 6884/6884/6884 6883/6883/6883
f 6888/6888/6888 6887/6887/6887 6886/6886/6886
f 6891/6891/6891 6890/6890/6890 6889/6889/6889
f 6894/6894/6894 6893/6893/6893 6892/6892/6892
f 6897/6897/6897 6896/6896/6896 6895/6895/6895
f 6900/6900/6900 6899/6899/6899 6898/6898/6898
f 6903/6903/6903 6902/6902/6902 6901/6901/6901
f 6906/6906/6906 6905/6905/6905 6904/6904/6904
f 6909/6909/6909 6908/6908/6908 6907/6907/6907
f 6912/6912/6912 6911/6911/6911 6910/6910/6910
f 6915/6915/6915 6914/6914/6914 6913/6913/6913
f 6918/6918/6918 6917/6917/6917 6916/6916/6916
f 6921/6921/6921 6920/6920/6920 6919/6919/6919
f 6924/6924/6924 6923/6923/6923 6922/6922/6922
f 6927/6927/6927 6926/6926/6926 6925/6925/6925
f 6930/6930/6930 6929/6929/6929 6928/6928/6928
f 6933/6933/6933 6932/6932/6932 6931/6931/6931
f 6936/6936/6936 6935/6935/6935 6934/6934/6934
f 6939/6939/6939 6938/6938/6938 6937/6937/6937
f 6942/6942/6942 6941/6941/6941 6940/6940/6940
f 6945/6945/6945 6944/6944/6944 6943/6943/6943
f 6948/6948/6948 6947/6947/6947 6946/6946/6946
f 6951/6951/6951 6950/6950/6950 6949/6949/6949
f 6954/6954/6954 6953/6953/6953 6952/6952/6952
f 6957/6957/6957 6956/6956/6956 6955/6955/6955
f 6960/6960/6960 6959/6959/6959 6958/6958/6958
f 6963/6963/6963 6962/6962/6962 6961/6961/6961
f 6966/6966/6966 6965/6965/6965 6964/6964/6964
f 6969/6969/6969 6968/6968/6968 6967/6967/6967
f 6972/6972/6972 6971/6971/6971 6970/6970/6970
f 6975/6975/6975 6974/6974/6974 6973/6973/6973
f 6978/6978/6978 6977/6977/6977 6976/6976/6976
f 6981/6981/6981 6980/6980/6980 6979/6979/6979
f 6984/6984/6984 6983/6983/6983 6982/6982/6982
f 6987/6987/6987 6986/6986/6986 6985/6985/6985
f 6990/6990/6990 6989/6989/6989 6988/6988/6988
f 6993/6993/6993 6992/6992/6992 6991/6991/6991
f 6996/6996/6996 6995/6995/6995 6994/6994/6994
f 6999/6999/6999 6998/6998/6998 6997/6997/6997
f 7002/7002/7002 7001/7001/7001 7000/7000/7000
f 7005/7005/7005 7004/7004/7004 7003/7003/7003
f 7008/7008/7008 7007/7007/7007 7006/7006/7006
f 7011/7011/7011 7010/7010/7010 7009/7009/7009
f 7014/7014/7014 7013/7013/7013 7012/7012/7012
f 7017/7017/7017 7016/7016/7016 7015/7015/7015
f 7020/7020/7020 7019/7019/7019 7018/7018/7018
f 7023/7023/7023 7022/7022/7022 7021/7021/7021
f 7026/7026/7026 7025/7025/7025 7024/7024/7024
f 7029/7029/7029 7028/7028/7028 7027/7027/7027
f 7032/7032/7032 7031/7031/7031 7030/7030/7030
f 7035/7035/7035 7034/7034/7034 7033/7033/7033
f 7038/7038/7038 7037/7037/7037 7036/7036/7036
f 7041/7041/7041 7040/7040/7040 7039/7039/7039
f 7044/7044/7044 7043/7043/7043 7042/7042/7042
f 7047/7047/7047 7046/7046/7046 7045/7045/7045
f 7050/7050/7050 7049/7049/7049 7048/7048/7048
f 7053/7053/7053 7052/7052/7052 7051/7051/7051
f 7056/7056/7056 7055/7055/7055 7054/7054/7054
f 7059/7059/7059 7058/7058/7058 7057/7057/7057
f 7062/7062/7062 7061/7061/7061 7060/7060/7060
f 7065/7065/7065 7064/7064/7064 7063/7063/7063
f 7068/7068/7068 7067/7067/7067 7066/7066/7066
f 7071/7071/7071 7070/7070/7070 7069/7069/7069
f 7074/7074/7074 7073/7073/7073 7072/7072/7072
f 7077/7077/7077 7076/7076/7076 7075/7075/7075
f 7080/7080/7080 7079/7079/7079 7078/7078/7078
f 7083/7083/7083 7082/7082/7082 7081/7081/7081
f 7086/7086/7086 7085/7085/7085 7084/7084/7084
f 7089/7089/7089 7088/7088/7088 7087/7087/7087
f 7092/7092/7092 7091/7091/7091 7090/7090/7090
f 7095/7095/7095 7094/7094/7094 7093/7093/7093
f 7098/7098/7098 7097/7097/7097 7096/7096/7096
f 7101/7101/7101 7100/7100/7100 7099/7099/7099
f 7104/7104/7104 7103/7103/7103 7102/7102/7102
f 7107/7107/7107 7106/7106/7106 7105/7105/7105
f 7110/7110/7110 7109/7109/7109 7108/7108/7108
f 7113/7113/7113 7112/7112/7112 7111/7111/7111
f 7116/7116/7116 7115/7115/7115 7114/7114/7114
f 7119/7119/7119 7118/7118/7118 7117/7117/7117
f 7122/7122/7122 7121/7121/7121 7120/7120/7120
f 7125/7125/7125 7124/7124/7124 7123/7123/7123
f 7128/7128/7128 7127/7127/7127 7126/7126/7126
f 7131/7131/7131 7130/7130/7130 7129/7129/7129
f 7134/7134/7134 7133/7133/7133 7132/7132/7132
f 7137/7137/7137 7136/7136/7136 7135/7135/7135
f 7140/7140/7140 7139/7139/7139 7138/7138/7138
f 7143/7143/7143 7142/7142/7142 7141/7141/7141
f 7146/7146/7146 7145/7145/7145 7144/7144/7144
f 7149/7149/7149 7148/7148/7148 7147/7147/7147
f 7152/7152/7152 7151/7151/7151 7150/7150/7150
f 7155/7155/7155 7154/7154/7154 7153/7153/7153
f 7158/7158/7158 7157/7157/7157 7156/7156/7156
f 7161/7161/7161 7160/7160/7160 7159/7159/7159
f 7164/7164/7164 7163/7163/7163 7162/7162/7162
f 7167/7167/7167 7166/7166/7166 7165/7165/7165
f 7170/7170/7170 7169/7169/7169 7168/7168/7168
f 7173/7173/7173 7172/7172/7172 7171/7171/7171
f 7176/7176/7176 7175/7175/7175 7174/7174/7174
f 7179/7179/7179 7178/7178/7178 7177/7177/7177
f 7182/7182/7182 7181/7181/7181 7180/7180/7180
f 7185/7185/7185 7184/7184/7184 7183/7183/7183
f 7188/7188/7188 7187/7187/7187 7186/7186/7186
f 7191/7191/7191 7190/7190/7190 7189/7189/7189
f 7194/7194/7194 7193/7193/7193 7192/7192/7192
f 7197/7197/7197 7196/7196/7196 7195/7195/7195
f 7200/7200/7200 7199/7199/7199 7198/7198/7198
o default 1
g default 1
v -0.0821781 1.381175 -0.8983812
v -0.07917126 1.808509 -1.00112
v 0.1996203 1.808509 -0.9929612
v 0.1966135 1.381175 -0.8902212
v -0.0821781 1.381175 -0.8983812
v 0.1996203 1.808509 -0.9929612
v 0.2010314 1.344852 -1.041173
v 0.2040383 1.772186 -1.143913
v -0.07475331 1.772186 -1.152072
v -0.07776017 1.344852 -1.049333
v 0.2010314 1.344852 -1.041173
v -0.07475331 1.772186 -1.152072
v -0.07776017 1.344852 -1.049333
v -0.07475331 1.772186 -1.152072
v -0.07917126 1.808509 -1.00112
v -0.0821781 1.381175 -0.8983812
v -0.07776017 1.344852 -1.049333
v -0.07917126 1.808509 -1.00112
v 0.1966135 1.381175 -0.8902212
v 0.1996203 1.808509 -0.9929612
v 0.2040383 1.772186 -1.143913
v 0.2010314 1.344852 -1.041173
v 0.1966135 1.381175 -0.8902212
v 0.2040383 1.772186 -1.143913
v -0.07917126 1.808509 -1.00112
v -0.07475331 1.772186 -1.152072
v 0.2040383 1.772186 -1.143913
v 0.1996203 1.808509 -0.9929612
v -0.07917126 1.808509 -1.00112
v 0.2040383 1.772186 -1.143913
v 0.1966135 1.381175 -0.8902212
v 0.2010314 1.344852 -1.041173
v -0.07776017 1.344852 -1.049333
v -0.0821781 1.381175 -0.8983812
v 0.1966135 1.381175 -0.8902212
v -0.07776017 1.344852 -1.049333
vn -0.0284421 0.2338523 0.9718561
vn -0.0284421 0.2338523 0.9718561
vn -0.0284421 0.2338523 0.9718561
vn -0.02844539 0.2338543 0.9718555
vn -0.02844539 0.2338543 0.9718555
vn -0.02844539 0.2338543 0.9718555
vn 0.02844332 -0.2338539 -0.9718556
vn 0.02844332 -0.2338539 -0.9718556
vn 0.02844332 -0.2338539 -0.9718556
vn 0.0284454 -0.2338526 -0.9718559
vn 0.0284454 -0.2338526 -0.9718559
vn 0.0284454 -0.2338526 -0.9718559
vn -0.999572 -5.009228E-08 -0.02925462
vn -0.999572 -5.009228E-08 -0.02925462
vn -0.999572 -5.009228E-08 -0.02925462
vn -0.999572 -5.712659E-08 -0.02925456
vn -0.999572 -5.712659E-08 -0.02925456
vn -0.999572 -5.712659E-08 -0.02925456
vn 0.999572 3.598125E-07 0.02925511
vn 0.999572 3.598125E-07 0.02925511
vn 0.999572 3.598125E-07 0.02925511
vn 0.999572 8.100033E-09 0.02925457
vn 0.999572 8.100033E-09 0.02925457
vn 0.999572 8.100033E-09 0.02925457
vn 0.006841259 0.9722719 -0.2337533
vn 0.006841259 0.9722719 -0.2337533
vn 0.006841259 0.9722719 -0.2337533
vn 0.006840979 0.9722718 -0.2337538
vn 0.006840979 0.9722718 -0.2337538
vn 0.006840979 0.9722718 -0.2337538
vn -0.006841783 -0.9722717 0.2337542
vn -0.006841783 -0.9722717 0.2337542
vn -0.006841783 -0.9722717 0.2337542
vn -0.006841789 -0.9722717 0.2337542
vn -0.006841789 -0.9722717 0.2337542
vn -0.006841789 -0.9722717 0.2337542
vt 0 0
vt 0 1
vt 1 1
vt 1 0
vt 0 0
vt 1 1
vt 0 0
vt 0 1
vt 1 1
vt 1 0
vt 0 0
vt 1 1
vt 0 0
vt 0 1
vt 1 1
vt 1 0
vt 0 0
vt 1 1
vt 0 0
vt 0 1
vt 1 1
vt 1 0
vt 0 0
vt 1 1
vt 0 0
vt 0 1
vt 1 1
vt 1 0
vt 0 0
vt 1 1
vt 0 0
vt 0 1
vt 1 1
vt 1 0
vt 0 0
vt 1 1
f 7203/7203/7203 7202/7202/7202 7201/7201/7201
f 7206/7206/7206 7205/7205/7205 7204/7204/7204
f 7209/7209/7209 7208/7208/7208 7207/7207/7207
f 7212/7212/7212 7211/7211/7211 7210/7210/7210
f 7215/7215/7215 7214/7214/7214 7213/7213/7213
f 7218/7218/7218 7217/7217/7217 7216/7216/7216
f 7221/7221/7221 7220/7220/7220 7219/7219/7219
f 7224/7224/7224 7223/7223/7223 7222/7222/7222
f 7227/7227/7227 7226/7226/7226 7225/7225/7225
f 7230/7230/7230 7229/7229/7229 7228/7228/7228
f 7233/7233/7233 7232/7232/7232 7231/7231/7231
f 7236/7236/7236 7235/7235/7235 7234/7234/7234
o svart
g svart
v 0.7044913 0.02603759 0.02543283
v 0.8088805 0.02434899 0.02848792
v 0.8099288 0.07423501 0.02024174
v 0.7055396 0.07592362 0.01718688
v 0.7044913 0.02603759 0.02543283
v 0.8099288 0.07423501 0.02024174
v 0.8088805 0.02434899 0.02848792
v 0.9132698 0.02266037 0.03154278
v 0.9143181 0.0725464 0.02329683
v 0.8099288 0.07423501 0.02024174
v 0.8088805 0.02434899 0.02848792
v 0.9143181 0.0725464 0.02329683
v 0.7030617 -0.01896524 0.04940891
v 0.807451 -0.02065385 0.05246377
v 0.8088805 0.02434899 0.02848792
v 0.7044913 0.02603759 0.02543283
v 0.7030617 -0.01896524 0.04940891
v 0.8088805 0.02434899 0.02848792
v 0.807451 -0.02065385 0.05246377
v 0.9118402 -0.02234246 0.05551887
v 0.9132698 0.02266037 0.03154278
v 0.8088805 0.02434899 0.02848792
v 0.807451 -0.02065385 0.05246377
v 0.9132698 0.02266037 0.03154278
v 0.7013907 -0.05467968 0.08676982
v 0.8057799 -0.05636829 0.08982491
v 0.807451 -0.02065385 0.05246377
v 0.7030617 -0.01896524 0.04940891
v 0.7013907 -0.05467968 0.08676982
v 0.807451 -0.02065385 0.05246377
v 0.8057799 -0.05636829 0.08982491
v 0.9101691 -0.05805691 0.09287977
v 0.9118402 -0.02234246 0.05551887
v 0.807451 -0.02065385 0.05246377
v 0.8057799 -0.05636829 0.08982491
v 0.9118402 -0.02234246 0.05551887
v 0.6996417 -0.07760976 0.1338568
v 0.8040309 -0.07929838 0.1369128
v 0.8057799 -0.05636829 0.08982491
v 0.7013907 -0.05467968 0.08676982
v 0.6996417 -0.07760976 0.1338568
v 0.8057799 -0.05636829 0.08982491
v 0.8040309 -0.07929838 0.1369128
v 0.9084202 -0.08098699 0.1399667
v 0.9101691 -0.05805691 0.09287977
v 0.8057799 -0.05636829 0.08982491
v 0.8040309 -0.07929838 0.1369128
v 0.9101691 -0.05805691 0.09287977
v 0.6979861 -0.08551092 0.1860628
v 0.8023754 -0.08719954 0.1891179
v 0.8040309 -0.07929838 0.1369128
v 0.6996417 -0.07760976 0.1338568
v 0.6979861 -0.08551092 0.1860628
v 0.8040309 -0.07929838 0.1369128
v 0.8023754 -0.08719954 0.1891179
v 0.9067646 -0.08888815 0.1921718
v 0.9084202 -0.08098699 0.1399667
v 0.8040309 -0.07929838 0.1369128
v 0.8023754 -0.08719954 0.1891179
v 0.9084202 -0.08098699 0.1399667
v 0.6965859 -0.07760973 0.2382748
v 0.8009752 -0.07929835 0.2413299
v 0.8023754 -0.08719954 0.1891179
v 0.6979861 -0.08551092 0.1860628
v 0.6965859 -0.07760973 0.2382748
v 0.8023754 -0.08719954 0.1891179
v 0.8009752 -0.07929835 0.2413299
v 0.9053644 -0.08098696 0.2443848
v 0.9067646 -0.08888815 0.1921718
v 0.8023754 -0.08719954 0.1891179
v 0.8009752 -0.07929835 0.2413299
v 0.9067646 -0.08888815 0.1921718
v 0.6955783 -0.05467962 0.2853837
v 0.7999673 -0.05636824 0.2884388
v 0.8009752 -0.07929835 0.2413299
v 0.6965859 -0.07760973 0.2382748
v 0.6955783 -0.05467962 0.2853837
v 0.8009752 -0.07929835 0.2413299
v 0.7999673 -0.05636824 0.2884388
v 0.9043567 -0.05805685 0.2914939
v 0.9053644 -0.08098696 0.2443848
v 0.8009752 -0.07929835 0.2413299
v 0.7999673 -0.05636824 0.2884388
v 0.9053644 -0.08098696 0.2443848
v 0.6950616 -0.01896515 0.3227787
v 0.7994509 -0.02065375 0.3258338
v 0.7999673 -0.05636824 0.2884388
v 0.6955783 -0.05467962 0.2853837
v 0.6950616 -0.01896515 0.3227787
v 0.7999673 -0.05636824 0.2884388
v 0.7994509 -0.02065375 0.3258338
v 0.9038401 -0.02234236 0.3288889
v 0.9043567 -0.05805685 0.2914939
v 0.7999673 -0.05636824 0.2884388
v 0.7994509 -0.02065375 0.3258338
v 0.9043567 -0.05805685 0.2914939
v 0.6950865 0.02603772 0.3467977
v 0.7994758 0.02434911 0.3498528
v 0.7994509 -0.02065375 0.3258338
v 0.6950616 -0.01896515 0.3227787
v 0.6950865 0.02603772 0.3467977
v 0.7994509 -0.02065375 0.3258338
v 0.7994758 0.02434911 0.3498528
v 0.903865 0.02266051 0.3529079
v 0.9038401 -0.02234236 0.3288889
v 0.7994509 -0.02065375 0.3258338
v 0.7994758 0.02434911 0.3498528
v 0.9038401 -0.02234236 0.3288889
v 0.6956509 0.07592374 0.3550909
v 0.8000402 0.07423513 0.3581448
v 0.7994758 0.02434911 0.3498528
v 0.6950865 0.02603772 0.3467977
v 0.6956509 0.07592374 0.3550909
v 0.7994758 0.02434911 0.3498528
v 0.8000402 0.07423513 0.3581448
v 0.9044294 0.07254653 0.3612008
v 0.903865 0.02266051 0.3529079
v 0.7994758 0.02434911 0.3498528
v 0.8000402 0.07423513 0.3581448
v 0.903865 0.02266051 0.3529079
v 0.6966991 0.1258097 0.3468449
v 0.8010883 0.1241211 0.3498998
v 0.8000402 0.07423513 0.3581448
v 0.6956509 0.07592374 0.3550909
v 0.6966991 0.1258097 0.3468449
v 0.8000402 0.07423513 0.3581448
v 0.8010883 0.1241211 0.3498998
v 0.9054776 0.1224325 0.3529549
v 0.9044294 0.07254653 0.3612008
v 0.8000402 0.07423513 0.3581448
v 0.8010883 0.1241211 0.3498998
v 0.9044294 0.07254653 0.3612008
v 0.6981288 0.1708126 0.3228688
v 0.802518 0.169124 0.3259227
v 0.8010883 0.1241211 0.3498998
v 0.6966991 0.1258097 0.3468449
v 0.6981288 0.1708126 0.3228688
v 0.8010883 0.1241211 0.3498998
v 0.802518 0.169124 0.3259227
v 0.9069073 0.1674354 0.3289778
v 0.9054776 0.1224325 0.3529549
v 0.8010883 0.1241211 0.3498998
v 0.802518 0.169124 0.3259227
v 0.9054776 0.1224325 0.3529549
v 0.6997998 0.206527 0.2855079
v 0.8041891 0.2048384 0.2885628
v 0.802518 0.169124 0.3259227
v 0.6981288 0.1708126 0.3228688
v 0.6997998 0.206527 0.2855079
v 0.802518 0.169124 0.3259227
v 0.8041891 0.2048384 0.2885628
v 0.9085783 0.2031498 0.2916179
v 0.9069073 0.1674354 0.3289778
v 0.802518 0.169124 0.3259227
v 0.8041891 0.2048384 0.2885628
v 0.9069073 0.1674354 0.3289778
v 0.7015488 0.2294571 0.2384198
v 0.805938 0.2277685 0.2414749
v 0.8041891 0.2048384 0.2885628
v 0.6997998 0.206527 0.2855079
v 0.7015488 0.2294571 0.2384198
v 0.8041891 0.2048384 0.2885628
v 0.805938 0.2277685 0.2414749
v 0.9103272 0.2260799 0.2445297
v 0.9085783 0.2031498 0.2916179
v 0.8041891 0.2048384 0.2885628
v 0.805938 0.2277685 0.2414749
v 0.9085783 0.2031498 0.2916179
v 0.7032044 0.2373583 0.1862149
v 0.8075936 0.2356697 0.1892698
v 0.805938 0.2277685 0.2414749
v 0.7015488 0.2294571 0.2384198
v 0.7032044 0.2373583 0.1862149
v 0.805938 0.2277685 0.2414749
v 0.8075936 0.2356697 0.1892698
v 0.9119829 0.233981 0.1923249
v 0.9103272 0.2260799 0.2445297
v 0.805938 0.2277685 0.2414749
v 0.8075936 0.2356697 0.1892698
v 0.9103272 0.2260799 0.2445297
v 0.7046045 0.2294571 0.1340029
v 0.8089938 0.2277685 0.1370568
v 0.8075936 0.2356697 0.1892698
v 0.7032044 0.2373583 0.1862149
v 0.7046045 0.2294571 0.1340029
v 0.8075936 0.2356697 0.1892698
v 0.8089938 0.2277685 0.1370568
v 0.913383 0.2260798 0.1401129
v 0.9119829 0.233981 0.1923249
v 0.8075936 0.2356697 0.1892698
v 0.8089938 0.2277685 0.1370568
v 0.9119829 0.233981 0.1923249
v 0.7056123 0.2065269 0.0868938
v 0.8100015 0.2048383 0.0899477
v 0.8089938 0.2277685 0.1370568
v 0.7046045 0.2294571 0.1340029
v 0.7056123 0.2065269 0.0868938
v 0.8089938 0.2277685 0.1370568
v 0.8100015 0.2048383 0.0899477
v 0.9143907 0.2031497 0.0930028
v 0.913383 0.2260798 0.1401129
v 0.8089938 0.2277685 0.1370568
v 0.8100015 0.2048383 0.0899477
v 0.913383 0.2260798 0.1401129
v 0.7061289 0.1708124 0.0494988
v 0.8105181 0.1691238 0.05255389
v 0.8100015 0.2048383 0.0899477
v 0.7056123 0.2065269 0.0868938
v 0.7061289 0.1708124 0.0494988
v 0.8100015 0.2048383 0.0899477
v 0.8105181 0.1691238 0.05255389
v 0.9149074 0.1674352 0.05560875
v 0.9143907 0.2031497 0.0930028
v 0.8100015 0.2048383 0.0899477
v 0.8105181 0.1691238 0.05255389
v 0.9143907 0.2031497 0.0930028
v 0.7061038 0.1258096 0.02547979
v 0.8104931 0.124121 0.02853489
v 0.8105181 0.1691238 0.05255389
v 0.7061289 0.1708124 0.0494988
v 0.7061038 0.1258096 0.02547979
v 0.8105181 0.1691238 0.05255389
v 0.8104931 0.124121 0.02853489
v 0.9148823 0.1224324 0.03158975
v 0.9149074 0.1674352 0.05560875
v 0.8105181 0.1691238 0.05255389
v 0.8104931 0.124121 0.02853489
v 0.9149074 0.1674352 0.05560875
v 0.7055396 0.07592362 0.01718688
v 0.8099288 0.07423501 0.02024174
v 0.8104931 0.124121 0.02853489
v 0.7061038 0.1258096 0.02547979
v 0.7055396 0.07592362 0.01718688
v 0.8104931 0.124121 0.02853489
v 0.8099288 0.07423501 0.02024174
v 0.9143181 0.0725464 0.02329683
v 0.9148823 0.1224324 0.03158975
v 0.8104931 0.124121 0.02853489
v 0.8099288 0.07423501 0.02024174
v 0.9148823 0.1224324 0.03158975
v 0.9093737 0.07254647 0.1922488
v 0.9143181 0.0725464 0.02329683
v 0.9132698 0.02266037 0.03154278
v 0.9093737 0.07254647 0.1922488
v 0.9132698 0.02266037 0.03154278
v 0.9118402 -0.02234246 0.05551887
v 0.9093737 0.07254647 0.1922488
v 0.9118402 -0.02234246 0.05551887
v 0.9101691 -0.05805691 0.09287977
v 0.9093737 0.07254647 0.1922488
v 0.9101691 -0.05805691 0.09287977
v 0.9084202 -0.08098699 0.1399667
v 0.9093737 0.07254647 0.1922488
v 0.9084202 -0.08098699 0.1399667
v 0.9067646 -0.08888815 0.1921718
v 0.9093737 0.07254647 0.1922488
v 0.9067646 -0.08888815 0.1921718
v 0.9053644 -0.08098696 0.2443848
v 0.9093737 0.07254647 0.1922488
v 0.9053644 -0.08098696 0.2443848
v 0.9043567 -0.05805685 0.2914939
v 0.9093737 0.07254647 0.1922488
v 0.9043567 -0.05805685 0.2914939
v 0.9038401 -0.02234236 0.3288889
v 0.9093737 0.07254647 0.1922488
v 0.9038401 -0.02234236 0.3288889
v 0.903865 0.02266051 0.3529079
v 0.9093737 0.07254647 0.1922488
v 0.903865 0.02266051 0.3529079
v 0.9044294 0.07254653 0.3612008
v 0.9093737 0.07254647 0.1922488
v 0.9044294 0.07254653 0.3612008
v 0.9054776 0.1224325 0.3529549
v 0.9093737 0.07254647 0.1922488
v 0.9054776 0.1224325 0.3529549
v 0.9069073 0.1674354 0.3289778
v 0.9093737 0.07254647 0.1922488
v 0.9069073 0.1674354 0.3289778
v 0.9085783 0.2031498 0.2916179
v 0.9093737 0.07254647 0.1922488
v 0.9085783 0.2031498 0.2916179
v 0.9103272 0.2260799 0.2445297
v 0.9093737 0.07254647 0.1922488
v 0.9103272 0.2260799 0.2445297
v 0.9119829 0.233981 0.1923249
v 0.9093737 0.07254647 0.1922488
v 0.9119829 0.233981 0.1923249
v 0.913383 0.2260798 0.1401129
v 0.9093737 0.07254647 0.1922488
v 0.913383 0.2260798 0.1401129
v 0.9143907 0.2031497 0.0930028
v 0.9093737 0.07254647 0.1922488
v 0.9143907 0.2031497 0.0930028
v 0.9149074 0.1674352 0.05560875
v 0.9093737 0.07254647 0.1922488
v 0.9149074 0.1674352 0.05560875
v 0.9148823 0.1224324 0.03158975
v 0.9093737 0.07254647 0.1922488
v 0.9148823 0.1224324 0.03158975
v 0.9143181 0.0725464 0.02329683
v 0.7005952 0.07592367 0.1861389
v 0.7055396 0.07592362 0.01718688
v 0.7061038 0.1258096 0.02547979
v 0.7005952 0.07592367 0.1861389
v 0.7061038 0.1258096 0.02547979
v 0.7061289 0.1708124 0.0494988
v 0.7005952 0.07592367 0.1861389
v 0.7061289 0.1708124 0.0494988
v 0.7056123 0.2065269 0.0868938
v 0.7005952 0.07592367 0.1861389
v 0.7056123 0.2065269 0.0868938
v 0.7046045 0.2294571 0.1340029
v 0.7005952 0.07592367 0.1861389
v 0.7046045 0.2294571 0.1340029
v 0.7032044 0.2373583 0.1862149
v 0.7005952 0.07592367 0.1861389
v 0.7032044 0.2373583 0.1862149
v 0.7015488 0.2294571 0.2384198
v 0.7005952 0.07592367 0.1861389
v 0.7015488 0.2294571 0.2384198
v 0.6997998 0.206527 0.2855079
v 0.7005952 0.07592367 0.1861389
v 0.6997998 0.206527 0.2855079
v 0.6981288 0.1708126 0.3228688
v 0.7005952 0.07592367 0.1861389
v 0.6981288 0.1708126 0.3228688
v 0.6966991 0.1258097 0.3468449
v 0.7005952 0.07592367 0.1861389
v 0.6966991 0.1258097 0.3468449
v 0.6956509 0.07592374 0.3550909
v 0.7005952 0.07592367 0.1861389
v 0.6956509 0.07592374 0.3550909
v 0.6950865 0.02603772 0.3467977
v 0.7005952 0.07592367 0.1861389
v 0.6950865 0.02603772 0.3467977
v 0.6950616 -0.01896515 0.3227787
v 0.7005952 0.07592367 0.1861389
v 0.6950616 -0.01896515 0.3227787
v 0.6955783 -0.05467962 0.2853837
v 0.7005952 0.07592367 0.1861389
v 0.6955783 -0.05467962 0.2853837
v 0.6965859 -0.07760973 0.2382748
v 0.7005952 0.07592367 0.1861389
v 0.6965859 -0.07760973 0.2382748
v 0.6979861 -0.08551092 0.1860628
v 0.7005952 0.07592367 0.1861389
v 0.6979861 -0.08551092 0.1860628
v 0.6996417 -0.07760976 0.1338568
v 0.7005952 0.07592367 0.1861389
v 0.6996417 -0.07760976 0.1338568
v 0.7013907 -0.05467968 0.08676982
v 0.7005952 0.07592367 0.1861389
v 0.7013907 -0.05467968 0.08676982
v 0.7030617 -0.01896524 0.04940891
v 0.7005952 0.07592367 0.1861389
v 0.7030617 -0.01896524 0.04940891
v 0.7044913 0.02603759 0.02543283
v 0.7005952 0.07592367 0.1861389
v 0.7044913 0.02603759 0.02543283
v 0.7055396 0.07592362 0.01718688
vn 0.02621617 -0.1635676 -0.9861838
vn 0.02621617 -0.1635676 -0.9861838
vn 0.02621617 -0.1635676 -0.9861838
vn 0.02621401 -0.1635629 -0.9861846
vn 0.02621401 -0.1635629 -0.9861846
vn 0.02621401 -0.1635629 -0.9861846
vn 0.02621398 -0.1635629 -0.9861846
vn 0.02621398 -0.1635629 -0.9861846
vn 0.02621398 -0.1635629 -0.9861846
vn 0.02621613 -0.1635676 -0.9861838
vn 0.02621613 -0.1635676 -0.9861838
vn 0.02621613 -0.1635676 -0.9861838
vn 0.01820412 -0.4705688 -0.8821755
vn 0.01820412 -0.4705688 -0.8821755
vn 0.01820412 -0.4705688 -0.8821755
vn 0.01820602 -0.4705725 -0.8821735
vn 0.01820602 -0.4705725 -0.8821735
vn 0.01820602 -0.4705725 -0.8821735
vn 0.01820602 -0.4705726 -0.8821735
vn 0.01820602 -0.4705726 -0.8821735
vn 0.01820602 -0.4705726 -0.8821735
vn 0.01820409 -0.4705688 -0.8821755
vn 0.01820409 -0.4705688 -0.8821755
vn 0.01820409 -0.4705688 -0.8821755
vn 0.008520762 -0.7230215 -0.690773
vn 0.008520762 -0.7230215 -0.690773
vn 0.008520762 -0.7230215 -0.690773
vn 0.00851931 -0.7230194 -0.6907753
vn 0.00851931 -0.7230194 -0.6907753
vn 0.00851931 -0.7230194 -0.6907753
vn 0.008519243 -0.7230192 -0.6907754
vn 0.008519243 -0.7230192 -0.6907754
vn 0.008519243 -0.7230192 -0.6907754
vn 0.008520783 -0.7230215 -0.690773
vn 0.008520783 -0.7230215 -0.690773
vn 0.008520783 -0.7230215 -0.690773
vn -0.001724274 -0.8990398 -0.4378635
vn -0.001724274 -0.8990398 -0.4378635
vn -0.001724274 -0.8990398 -0.4378635
vn -0.001728005 -0.8990363 -0.4378708
vn -0.001728005 -0.8990363 -0.4378708
vn -0.001728005 -0.8990363 -0.4378708
vn -0.001733062 -0.8990362 -0.4378709
vn -0.001733062 -0.8990362 -0.4378709
vn -0.001733062 -0.8990362 -0.4378709
vn -0.001729334 -0.8990397 -0.4378637
vn -0.001729334 -0.8990397 -0.4378637
vn -0.001729334 -0.8990397 -0.4378637
vn -0.01160225 -0.9886189 -0.1499939
vn -0.01160225 -0.9886189 -0.1499939
vn -0.01160225 -0.9886189 -0.1499939
vn -0.01160094 -0.9886193 -0.1499912
vn -0.01160094 -0.9886193 -0.1499912
vn -0.01160094 -0.9886193 -0.1499912
vn -0.01160397 -0.9886189 -0.1499939
vn -0.01160397 -0.9886189 -0.1499939
vn -0.01160397 -0.9886189 -0.1499939
vn -0.01160399 -0.9886189 -0.149994
vn -0.01160399 -0.9886189 -0.149994
vn -0.01160399 -0.9886189 -0.149994
vn -0.02035445 -0.9886186 0.1490608
vn -0.02035445 -0.9886186 0.1490608
vn -0.02035445 -0.9886186 0.1490608
vn -0.02035448 -0.9886186 0.1490608
vn -0.02035448 -0.9886186 0.1490608
vn -0.02035448 -0.9886186 0.1490608
vn -0.02035413 -0.988619 0.1490581
vn -0.02035413 -0.988619 0.1490581
vn -0.02035413 -0.988619 0.1490581
vn -0.02035281 -0.9886186 0.1490609
vn -0.02035281 -0.9886186 0.1490609
vn -0.02035281 -0.9886186 0.1490609
vn -0.02733298 -0.899037 0.4370188
vn -0.02733298 -0.899037 0.4370188
vn -0.02733298 -0.899037 0.4370188
vn -0.02733286 -0.8990369 0.437019
vn -0.02733286 -0.8990369 0.437019
vn -0.02733286 -0.8990369 0.437019
vn -0.02733282 -0.8990378 0.4370172
vn -0.02733282 -0.8990378 0.4370172
vn -0.02733282 -0.8990378 0.4370172
vn -0.02733195 -0.899037 0.4370188
vn -0.02733195 -0.899037 0.4370188
vn -0.02733195 -0.899037 0.4370188
vn -0.03189203 -0.7230217 0.6900889
vn -0.03189203 -0.7230217 0.6900889
vn -0.03189203 -0.7230217 0.6900889
vn -0.03189217 -0.7230219 0.6900886
vn -0.03189217 -0.7230219 0.6900886
vn -0.03189217 -0.7230219 0.6900886
vn -0.03189206 -0.7230217 0.6900888
vn -0.03189206 -0.7230217 0.6900888
vn -0.03189206 -0.7230217 0.6900888
vn -0.03189205 -0.7230217 0.6900888
vn -0.03189205 -0.7230217 0.6900888
vn -0.03189205 -0.7230217 0.6900888
vn -0.03341701 -0.4705775 0.8817257
vn -0.03341701 -0.4705775 0.8817257
vn -0.03341701 -0.4705775 0.8817257
vn -0.03341699 -0.4705774 0.8817257
vn -0.03341699 -0.4705774 0.8817257
vn -0.03341699 -0.4705774 0.8817257
vn -0.03341703 -0.4705775 0.8817257
vn -0.03341703 -0.4705775 0.8817257
vn -0.03341703 -0.4705775 0.8817257
vn -0.03341703 -0.4705775 0.8817257
vn -0.03341703 -0.4705775 0.8817257
vn -0.03341703 -0.4705775 0.8817257
vn -0.03149181 -0.1635404 0.9860339
vn -0.03149181 -0.1635404 0.9860339
vn -0.03149181 -0.1635404 0.9860339
vn -0.03150332 -0.1635632 0.9860298
vn -0.03150332 -0.1635632 0.9860298
vn -0.03150332 -0.1635632 0.9860298
vn -0.0315123 -0.1635585 0.9860302
vn -0.0315123 -0.1635585 0.9860302
vn -0.0315123 -0.1635585 0.9860302
vn -0.03150309 -0.1635403 0.9860336
vn -0.03150309 -0.1635403 0.9860336
vn -0.03150309 -0.1635403 0.9860336
vn -0.02621441 0.1635446 0.9861876
vn -0.02621441 0.1635446 0.9861876
vn -0.02621441 0.1635446 0.9861876
vn -0.02620498 0.1635629 0.9861848
vn -0.02620498 0.1635629 0.9861848
vn -0.02620498 0.1635629 0.9861848
vn -0.02621624 0.163563 0.9861845
vn -0.02621624 0.163563 0.9861845
vn -0.02621624 0.163563 0.9861845
vn -0.02622565 0.1635448 0.9861873
vn -0.02622565 0.1635448 0.9861873
vn -0.02622565 0.1635448 0.9861873
vn -0.01819556 0.4705863 0.8821664
vn -0.01819556 0.4705863 0.8821664
vn -0.01819556 0.4705863 0.8821664
vn -0.01820407 0.4705719 0.8821739
vn -0.01820407 0.4705719 0.8821739
vn -0.01820407 0.4705719 0.8821739
vn -0.0182056 0.4705865 0.882166
vn -0.0182056 0.4705865 0.882166
vn -0.0182056 0.4705865 0.882166
vn -0.01820559 0.4705865 0.882166
vn -0.01820559 0.4705865 0.882166
vn -0.01820559 0.4705865 0.882166
vn -0.008519751 0.723011 0.690784
vn -0.008519751 0.723011 0.690784
vn -0.008519751 0.723011 0.690784
vn -0.008513042 0.7230197 0.690775
vn -0.008513042 0.7230197 0.690775
vn -0.008513042 0.7230197 0.690775
vn -0.008521332 0.723011 0.690784
vn -0.008521332 0.723011 0.690784
vn -0.008521332 0.723011 0.690784
vn -0.008521322 0.723011 0.6907839
vn -0.008521322 0.723011 0.6907839
vn -0.008521322 0.723011 0.6907839
vn 0.001728168 0.8990397 0.4378638
vn 0.001728168 0.8990397 0.4378638
vn 0.001728168 0.8990397 0.4378638
vn 0.001729233 0.8990405 0.437862
vn 0.001729233 0.8990405 0.437862
vn 0.001729233 0.8990405 0.437862
vn 0.001729234 0.8990406 0.4378621
vn 0.001729234 0.8990406 0.4378621
vn 0.001729234 0.8990406 0.4378621
vn 0.00172817 0.8990397 0.4378639
vn 0.00172817 0.8990397 0.4378639
vn 0.00172817 0.8990397 0.4378639
vn 0.01160243 0.9886188 0.1499945
vn 0.01160243 0.9886188 0.1499945
vn 0.01160243 0.9886188 0.1499945
vn 0.01160208 0.9886187 0.1499951
vn 0.01160208 0.9886187 0.1499951
vn 0.01160208 0.9886187 0.1499951
vn 0.01160297 0.9886189 0.1499935
vn 0.01160297 0.9886189 0.1499935
vn 0.01160297 0.9886189 0.1499935
vn 0.01160244 0.9886188 0.1499945
vn 0.01160244 0.9886188 0.1499945
vn 0.01160244 0.9886188 0.1499945
vn 0.02035257 0.988619 -0.1490583
vn 0.02035257 0.988619 -0.1490583
vn 0.02035257 0.988619 -0.1490583
vn 0.02035402 0.9886186 -0.1490609
vn 0.02035402 0.9886186 -0.1490609
vn 0.02035402 0.9886186 -0.1490609
vn 0.02035658 0.9886186 -0.1490608
vn 0.02035658 0.9886186 -0.1490608
vn 0.02035658 0.9886186 -0.1490608
vn 0.02035513 0.988619 -0.1490582
vn 0.02035513 0.988619 -0.1490582
vn 0.02035513 0.988619 -0.1490582
vn 0.02732779 0.8990373 -0.4370185
vn 0.02732779 0.8990373 -0.4370185
vn 0.02732779 0.8990373 -0.4370185
vn 0.02732776 0.8990374 -0.4370184
vn 0.02732776 0.8990374 -0.4370184
vn 0.02732776 0.8990374 -0.4370184
vn 0.02733258 0.8990414 -0.4370097
vn 0.02733258 0.8990414 -0.4370097
vn 0.02733258 0.8990414 -0.4370097
vn 0.02733754 0.8990371 -0.4370182
vn 0.02733754 0.8990371 -0.4370182
vn 0.02733754 0.8990371 -0.4370182
vn 0.03189215 0.7230105 -0.6901005
vn 0.03189215 0.7230105 -0.6901005
vn 0.03189215 0.7230105 -0.6901005
vn 0.03188414 0.7230216 -0.6900893
vn 0.03188414 0.7230216 -0.6900893
vn 0.03188414 0.7230216 -0.6900893
vn 0.03189055 0.7230127 -0.6900983
vn 0.03189055 0.7230127 -0.6900983
vn 0.03189055 0.7230127 -0.6900983
vn 0.03189215 0.7230105 -0.6901005
vn 0.03189215 0.7230105 -0.6901005
vn 0.03189215 0.7230105 -0.6901005
vn 0.03341696 0.470578 -0.8817254
vn 0.03341696 0.470578 -0.8817254
vn 0.03341696 0.470578 -0.8817254
vn 0.03341698 0.470578 -0.8817254
vn 0.03341698 0.470578 -0.8817254
vn 0.03341698 0.470578 -0.8817254
vn 0.03341499 0.470578 -0.8817255
vn 0.03341499 0.470578 -0.8817255
vn 0.03341499 0.470578 -0.8817255
vn 0.03341496 0.470578 -0.8817255
vn 0.03341496 0.470578 -0.8817255
vn 0.03341496 0.470578 -0.8817255
vn 0.0315011 0.1635633 -0.9860298
vn 0.0315011 0.1635633 -0.9860298
vn 0.0315011 0.1635633 -0.9860298
vn 0.03150325 0.1635588 -0.9860305
vn 0.03150325 0.1635588 -0.9860305
vn 0.03150325 0.1635588 -0.9860305
vn 0.03150328 0.1635587 -0.9860305
vn 0.03150328 0.1635587 -0.9860305
vn 0.03150328 0.1635587 -0.9860305
vn 0.03150109 0.1635633 -0.9860298
vn 0.03150109 0.1635633 -0.9860298
vn 0.03150109 0.1635633 -0.9860298
vn 0.9994414 -0.01616795 0.02924904
vn 0.9994414 -0.01616795 0.02924904
vn 0.9994414 -0.01616795 0.02924904
vn 0.9994414 -0.01616677 0.02924867
vn 0.9994414 -0.01616677 0.02924867
vn 0.9994414 -0.01616677 0.02924867
vn 0.9994414 -0.01616675 0.02924865
vn 0.9994414 -0.01616675 0.02924865
vn 0.9994414 -0.01616675 0.02924865
vn 0.9994414 -0.01616684 0.02924877
vn 0.9994414 -0.01616684 0.02924877
vn 0.9994414 -0.01616684 0.02924877
vn 0.9994414 -0.01616673 0.02924845
vn 0.9994414 -0.01616673 0.02924845
vn 0.9994414 -0.01616673 0.02924845
vn 0.9994414 -0.01616673 0.02924919
vn 0.9994414 -0.01616673 0.02924919
vn 0.9994414 -0.01616673 0.02924919
vn 0.9994414 -0.01616689 0.02924871
vn 0.9994414 -0.01616689 0.02924871
vn 0.9994414 -0.01616689 0.02924871
vn 0.9994414 -0.01616758 0.02924781
vn 0.9994414 -0.01616758 0.02924781
vn 0.9994414 -0.01616758 0.02924781
vn 0.9994414 -0.01616557 0.0292492
vn 0.9994414 -0.01616557 0.0292492
vn 0.9994414 -0.01616557 0.0292492
vn 0.9994414 -0.01616837 0.02924833
vn 0.9994414 -0.01616837 0.02924833
vn 0.9994414 -0.01616837 0.02924833
vn 0.9994414 -0.01616689 0.02924833
vn 0.9994414 -0.01616689 0.02924833
vn 0.9994414 -0.01616689 0.02924833
vn 0.9994414 -0.01616638 0.02924817
vn 0.9994414 -0.01616638 0.02924817
vn 0.9994414 -0.01616638 0.02924817
vn 0.9994414 -0.01616638 0.02924818
vn 0.9994414 -0.01616638 0.02924818
vn 0.9994414 -0.01616638 0.02924818
vn 0.9994414 -0.01616642 0.02924823
vn 0.9994414 -0.01616642 0.02924823
vn 0.9994414 -0.01616642 0.02924823
vn 0.9994414 -0.0161673 0.0292508
vn 0.9994414 -0.0161673 0.0292508
vn 0.9994414 -0.0161673 0.0292508
vn 0.9994414 -0.0161673 0.02924753
vn 0.9994414 -0.0161673 0.02924753
vn 0.9994414 -0.0161673 0.02924753
vn 0.9994414 -0.01616706 0.02924821
vn 0.9994414 -0.01616706 0.02924821
vn 0.9994414 -0.01616706 0.02924821
vn 0.9994414 -0.01616643 0.02924905
vn 0.9994414 -0.01616643 0.02924905
vn 0.9994414 -0.01616643 0.02924905
vn 0.9994414 -0.0161677 0.02924817
vn 0.9994414 -0.0161677 0.02924817
vn 0.9994414 -0.0161677 0.02924817
vn 0.9994414 -0.01616491 0.02924904
vn 0.9994414 -0.01616491 0.02924904
vn 0.9994414 -0.01616491 0.02924904
vn -0.9994414 0.01616491 -0.02924904
vn -0.9994414 0.01616491 -0.02924904
vn -0.9994414 0.01616491 -0.02924904
vn -0.9994414 0.0161677 -0.02924817
vn -0.9994414 0.0161677 -0.02924817
vn -0.9994414 0.0161677 -0.02924817
vn -0.9994414 0.01616784 -0.02924807
vn -0.9994414 0.01616784 -0.02924807
vn -0.9994414 0.01616784 -0.02924807
vn -0.9994414 0.01616651 -0.02924981
vn -0.9994414 0.01616651 -0.02924981
vn -0.9994414 0.01616651 -0.02924981
vn -0.9994414 0.01616729 -0.02924753
vn -0.9994414 0.01616729 -0.02924753
vn -0.9994414 0.01616729 -0.02924753
vn -0.9994414 0.01616729 -0.02924849
vn -0.9994414 0.01616729 -0.02924849
vn -0.9994414 0.01616729 -0.02924849
vn -0.9994414 0.01616746 -0.02924899
vn -0.9994414 0.01616746 -0.02924899
vn -0.9994414 0.01616746 -0.02924899
vn -0.9994414 0.01616702 -0.02924841
vn -0.9994414 0.01616702 -0.02924841
vn -0.9994414 0.01616702 -0.02924841
vn -0.9994414 0.01616692 -0.02924834
vn -0.9994414 0.01616692 -0.02924834
vn -0.9994414 0.01616692 -0.02924834
vn -0.9994414 0.01616689 -0.02924833
vn -0.9994414 0.01616689 -0.02924833
vn -0.9994414 0.01616689 -0.02924833
vn -0.9994414 0.01616851 -0.02924833
vn -0.9994414 0.01616851 -0.02924833
vn -0.9994414 0.01616851 -0.02924833
vn -0.9994414 0.01616559 -0.02924924
vn -0.9994414 0.01616559 -0.02924924
vn -0.9994414 0.01616559 -0.02924924
vn -0.9994414 0.01616569 -0.02924918
vn -0.9994414 0.01616569 -0.02924918
vn -0.9994414 0.01616569 -0.02924918
vn -0.9994415 0.01616758 -0.02924667
vn -0.9994415 0.01616758 -0.02924667
vn -0.9994415 0.01616758 -0.02924667
vn -0.9994414 0.01616656 -0.02924969
vn -0.9994414 0.01616656 -0.02924969
vn -0.9994414 0.01616656 -0.02924969
vn -0.9994414 0.01616656 -0.02924795
vn -0.9994414 0.01616656 -0.02924795
vn -0.9994414 0.01616656 -0.02924795
vn -0.9994414 0.01616758 -0.02925094
vn -0.9994414 0.01616758 -0.02925094
vn -0.9994414 0.01616758 -0.02925094
vn -0.9994415 0.01616482 -0.02924732
vn -0.9994415 0.01616482 -0.02924732
vn -0.9994415 0.01616482 -0.02924732
vn -0.9994414 0.01616677 -0.02924867
vn -0.9994414 0.01616677 -0.02924867
vn -0.9994414 0.01616677 -0.02924867
vn -0.9994414 0.01616795 -0.02924903
vn -0.9994414 0.01616795 -0.02924903
vn -0.9994414 0.01616795 -0.02924903
vt -0.05 0
vt -0.05 0.5
vt 0 0.5
vt 0 0
vt -0.05 0
vt 0 0.5
vt -0.05 0.5
vt -0.05 1
vt 0 1
vt 0 0.5
vt -0.05 0.5
vt 0 1
vt -0.1 0
vt -0.1 0.5
vt -0.05 0.5
vt -0.05 0
vt -0.1 0
vt -0.05 0.5
vt -0.1 0.5
vt -0.1 1
vt -0.05 1
vt -0.05 0.5
vt -0.1 0.5
vt -0.05 1
vt -0.15 0
vt -0.15 0.5
vt -0.1 0.5
vt -0.1 0
vt -0.15 0
vt -0.1 0.5
vt -0.15 0.5
vt -0.15 1
vt -0.1 1
vt -0.1 0.5
vt -0.15 0.5
vt -0.1 1
vt -0.2 0
vt -0.2 0.5
vt -0.15 0.5
vt -0.15 0
vt -0.2 0
vt -0.15 0.5
vt -0.2 0.5
vt -0.2 1
vt -0.15 1
vt -0.15 0.5
vt -0.2 0.5
vt -0.15 1
vt -0.25 0
vt -0.25 0.5
vt -0.2 0.5
vt -0.2 0
vt -0.25 0
vt -0.2 0.5
vt -0.25 0.5
vt -0.25 1
vt -0.2 1
vt -0.2 0.5
vt -0.25 0.5
vt -0.2 1
vt -0.3 0
vt -0.3 0.5
vt -0.25 0.5
vt -0.25 0
vt -0.3 0
vt -0.25 0.5
vt -0.3 0.5
vt -0.3 1
vt -0.25 1
vt -0.25 0.5
vt -0.3 0.5
vt -0.25 1
vt -0.35 0
vt -0.35 0.5
vt -0.3 0.5
vt -0.3 0
vt -0.35 0
vt -0.3 0.5
vt -0.35 0.5
vt -0.35 1
vt -0.3 1
vt -0.3 0.5
vt -0.35 0.5
vt -0.3 1
vt -0.4 0
vt -0.4 0.5
vt -0.35 0.5
vt -0.35 0
vt -0.4 0
vt -0.35 0.5
vt -0.4 0.5
vt -0.4 1
vt -0.35 1
vt -0.35 0.5
vt -0.4 0.5
vt -0.35 1
vt -0.45 0
vt -0.45 0.5
vt -0.4 0.5
vt -0.4 0
vt -0.45 0
vt -0.4 0.5
vt -0.45 0.5
vt -0.45 1
vt -0.4 1
vt -0.4 0.5
vt -0.45 0.5
vt -0.4 1
vt -0.5 0
vt -0.5 0.5
vt -0.45 0.5
vt -0.45 0
vt -0.5 0
vt -0.45 0.5
vt -0.5 0.5
vt -0.5 1
vt -0.45 1
vt -0.45 0.5
vt -0.5 0.5
vt -0.45 1
vt -0.55 0
vt -0.55 0.5
vt -0.5 0.5
vt -0.5 0
vt -0.55 0
vt -0.5 0.5
vt -0.55 0.5
vt -0.55 1
vt -0.5 1
vt -0.5 0.5
vt -0.55 0.5
vt -0.5 1
vt -0.6 0
vt -0.6 0.5
vt -0.55 0.5
vt -0.55 0
vt -0.6 0
vt -0.55 0.5
vt -0.6 0.5
vt -0.6 1
vt -0.55 1
vt -0.55 0.5
vt -0.6 0.5
vt -0.55 1
vt -0.65 0
vt -0.65 0.5
vt -0.6 0.5
vt -0.6 0
vt -0.65 0
vt -0.6 0.5
vt -0.65 0.5
vt -0.65 1
vt -0.6 1
vt -0.6 0.5
vt -0.65 0.5
vt -0.6 1
vt -0.7 0
vt -0.7 0.5
vt -0.65 0.5
vt -0.65 0
vt -0.7 0
vt -0.65 0.5
vt -0.7 0.5
vt -0.7 1
vt -0.65 1
vt -0.65 0.5
vt -0.7 0.5
vt -0.65 1
vt -0.75 0
vt -0.75 0.5
vt -0.7 0.5
vt -0.7 0
vt -0.75 0
vt -0.7 0.5
vt -0.75 0.5
vt -0.75 1
vt -0.7 1
vt -0.7 0.5
vt -0.75 0.5
vt -0.7 1
vt -0.8 0
vt -0.8 0.5
vt -0.75 0.5
vt -0.75 0
vt -0.8 0
vt -0.75 0.5
vt -0.8 0.5
vt -0.8 1
vt -0.75 1
vt -0.75 0.5
vt -0.8 0.5
vt -0.75 1
vt -0.85 0
vt -0.85 0.5
vt -0.8 0.5
vt -0.8 0
vt -0.85 0
vt -0.8 0.5
vt -0.85 0.5
vt -0.85 1
vt -0.8 1
vt -0.8 0.5
vt -0.85 0.5
vt -0.8 1
vt -0.9 0
vt -0.9 0.5
vt -0.85 0.5
vt -0.85 0
vt -0.9 0
vt -0.85 0.5
vt -0.9 0.5
vt -0.9 1
vt -0.85 1
vt -0.85 0.5
vt -0.9 0.5
vt -0.85 1
vt -0.95 0
vt -0.95 0.5
vt -0.9 0.5
vt -0.9 0
vt -0.95 0
vt -0.9 0.5
vt -0.95 0.5
vt -0.95 1
vt -0.9 1
vt -0.9 0.5
vt -0.95 0.5
vt -0.9 1
vt -1 0
vt -1 0.5
vt -0.95 0.5
vt -0.95 0
vt -1 0
vt -0.95 0.5
vt -1 0.5
vt -1 1
vt -0.95 1
vt -0.95 0.5
vt -1 0.5
vt -0.95 1
vt 0.5 0.5
vt 0.5 1
vt 0.6545085 0.9755282
vt 0.5 0.5
vt 0.6545085 0.9755282
vt 0.7938926 0.9045085
vt 0.5 0.5
vt 0.7938926 0.9045085
vt 0.9045085 0.7938926
vt 0.5 0.5
vt 0.9045085 0.7938926
vt 0.9755282 0.6545085
vt 0.5 0.5
vt 0.9755282 0.6545085
vt 1 0.5
vt 0.5 0.5
vt 1 0.5
vt 0.9755282 0.3454915
vt 0.5 0.5
vt 0.9755282 0.3454915
vt 0.9045085 0.2061074
vt 0.5 0.5
vt 0.9045085 0.2061074
vt 0.7938926 0.09549147
vt 0.5 0.5
vt 0.7938926 0.09549147
vt 0.6545084 0.0244717
vt 0.5 0.5
vt 0.6545084 0.0244717
vt 0.5 0
vt 0.5 0.5
vt 0.5 0
vt 0.3454915 0.02447173
vt 0.5 0.5
vt 0.3454915 0.02447173
vt 0.2061073 0.09549153
vt 0.5 0.5
vt 0.2061073 0.09549153
vt 0.09549144 0.2061075
vt 0.5 0.5
vt 0.09549144 0.2061075
vt 0.02447176 0.3454915
vt 0.5 0.5
vt 0.02447176 0.3454915
vt 0 0.5
vt 0.5 0.5
vt 0 0.5
vt 0.02447176 0.6545086
vt 0.5 0.5
vt 0.02447176 0.6545086
vt 0.09549159 0.7938927
vt 0.5 0.5
vt 0.09549159 0.7938927
vt 0.2061075 0.9045086
vt 0.5 0.5
vt 0.2061075 0.9045086
vt 0.3454915 0.9755282
vt 0.5 0.5
vt 0.3454915 0.9755282
vt 0.5000001 1
vt 0.5 0.5
vt 0.5000001 1
vt 0.3454915 0.9755282
vt 0.5 0.5
vt 0.3454915 0.9755282
vt 0.2061075 0.9045086
vt 0.5 0.5
vt 0.2061075 0.9045086
vt 0.09549159 0.7938927
vt 0.5 0.5
vt 0.09549159 0.7938927
vt 0.02447176 0.6545086
vt 0.5 0.5
vt 0.02447176 0.6545086
vt 0 0.5
vt 0.5 0.5
vt 0 0.5
vt 0.02447176 0.3454915
vt 0.5 0.5
vt 0.02447176 0.3454915
vt 0.09549144 0.2061075
vt 0.5 0.5
vt 0.09549144 0.2061075
vt 0.2061073 0.09549153
vt 0.5 0.5
vt 0.2061073 0.09549153
vt 0.3454915 0.02447173
vt 0.5 0.5
vt 0.3454915 0.02447173
vt 0.5 0
vt 0.5 0.5
vt 0.5 0
vt 0.6545084 0.0244717
vt 0.5 0.5
vt 0.6545084 0.0244717
vt 0.7938926 0.09549147
vt 0.5 0.5
vt 0.7938926 0.09549147
vt 0.9045085 0.2061074
vt 0.5 0.5
vt 0.9045085 0.2061074
vt 0.9755282 0.3454915
vt 0.5 0.5
vt 0.9755282 0.3454915
vt 1 0.5
vt 0.5 0.5
vt 1 0.5
vt 0.9755282 0.6545085
vt 0.5 0.5
vt 0.9755282 0.6545085
vt 0.9045085 0.7938926
vt 0.5 0.5
vt 0.9045085 0.7938926
vt 0.7938926 0.9045085
vt 0.5 0.5
vt 0.7938926 0.9045085
vt 0.6545085 0.9755282
vt 0.5 0.5
vt 0.6545085 0.9755282
vt 0.5 1
f 7239/7239/7239 7238/7238/7238 7237/7237/7237
f 7242/7242/7242 7241/7241/7241 7240/7240/7240
f 7245/7245/7245 7244/7244/7244 7243/7243/7243
f 7248/7248/7248 7247/7247/7247 7246/7246/7246
f 7251/7251/7251 7250/7250/7250 7249/7249/7249
f 7254/7254/7254 7253/7253/7253 7252/7252/7252
f 7257/7257/7257 7256/7256/7256 7255/7255/7255
f 7260/7260/7260 7259/7259/7259 7258/7258/7258
f 7263/7263/7263 7262/7262/7262 7261/7261/7261
f 7266/7266/7266 7265/7265/7265 7264/7264/7264
f 7269/7269/7269 7268/7268/7268 7267/7267/7267
f 7272/7272/7272 7271/7271/7271 7270/7270/7270
f 7275/7275/7275 7274/7274/7274 7273/7273/7273
f 7278/7278/7278 7277/7277/7277 7276/7276/7276
f 7281/7281/7281 7280/7280/7280 7279/7279/7279
f 7284/7284/7284 7283/7283/7283 7282/7282/7282
f 7287/7287/7287 7286/7286/7286 7285/7285/7285
f 7290/7290/7290 7289/7289/7289 7288/7288/7288
f 7293/7293/7293 7292/7292/7292 7291/7291/7291
f 7296/7296/7296 7295/7295/7295 7294/7294/7294
f 7299/7299/7299 7298/7298/7298 7297/7297/7297
f 7302/7302/7302 7301/7301/7301 7300/7300/7300
f 7305/7305/7305 7304/7304/7304 7303/7303/7303
f 7308/7308/7308 7307/7307/7307 7306/7306/7306
f 7311/7311/7311 7310/7310/7310 7309/7309/7309
f 7314/7314/7314 7313/7313/7313 7312/7312/7312
f 7317/7317/7317 7316/7316/7316 7315/7315/7315
f 7320/7320/7320 7319/7319/7319 7318/7318/7318
f 7323/7323/7323 7322/7322/7322 7321/7321/7321
f 7326/7326/7326 7325/7325/7325 7324/7324/7324
f 7329/7329/7329 7328/7328/7328 7327/7327/7327
f 7332/7332/7332 7331/7331/7331 7330/7330/7330
f 7335/7335/7335 7334/7334/7334 7333/7333/7333
f 7338/7338/7338 7337/7337/7337 7336/7336/7336
f 7341/7341/7341 7340/7340/7340 7339/7339/7339
f 7344/7344/7344 7343/7343/7343 7342/7342/7342
f 7347/7347/7347 7346/7346/7346 7345/7345/7345
f 7350/7350/7350 7349/7349/7349 7348/7348/7348
f 7353/7353/7353 7352/7352/7352 7351/7351/7351
f 7356/7356/7356 7355/7355/7355 7354/7354/7354
f 7359/7359/7359 7358/7358/7358 7357/7357/7357
f 7362/7362/7362 7361/7361/7361 7360/7360/7360
f 7365/7365/7365 7364/7364/7364 7363/7363/7363
f 7368/7368/7368 7367/7367/7367 7366/7366/7366
f 7371/7371/7371 7370/7370/7370 7369/7369/7369
f 7374/7374/7374 7373/7373/7373 7372/7372/7372
f 7377/7377/7377 7376/7376/7376 7375/7375/7375
f 7380/7380/7380 7379/7379/7379 7378/7378/7378
f 7383/7383/7383 7382/7382/7382 7381/7381/7381
f 7386/7386/7386 7385/7385/7385 7384/7384/7384
f 7389/7389/7389 7388/7388/7388 7387/7387/7387
f 7392/7392/7392 7391/7391/7391 7390/7390/7390
f 7395/7395/7395 7394/7394/7394 7393/7393/7393
f 7398/7398/7398 7397/7397/7397 7396/7396/7396
f 7401/7401/7401 7400/7400/7400 7399/7399/7399
f 7404/7404/7404 7403/7403/7403 7402/7402/7402
f 7407/7407/7407 7406/7406/7406 7405/7405/7405
f 7410/7410/7410 7409/7409/7409 7408/7408/7408
f 7413/7413/7413 7412/7412/7412 7411/7411/7411
f 7416/7416/7416 7415/7415/7415 7414/7414/7414
f 7419/7419/7419 7418/7418/7418 7417/7417/7417
f 7422/7422/7422 7421/7421/7421 7420/7420/7420
f 7425/7425/7425 7424/7424/7424 7423/7423/7423
f 7428/7428/7428 7427/7427/7427 7426/7426/7426
f 7431/7431/7431 7430/7430/7430 7429/7429/7429
f 7434/7434/7434 7433/7433/7433 7432/7432/7432
f 7437/7437/7437 7436/7436/7436 7435/7435/7435
f 7440/7440/7440 7439/7439/7439 7438/7438/7438
f 7443/7443/7443 7442/7442/7442 7441/7441/7441
f 7446/7446/7446 7445/7445/7445 7444/7444/7444
f 7449/7449/7449 7448/7448/7448 7447/7447/7447
f 7452/7452/7452 7451/7451/7451 7450/7450/7450
f 7455/7455/7455 7454/7454/7454 7453/7453/7453
f 7458/7458/7458 7457/7457/7457 7456/7456/7456
f 7461/7461/7461 7460/7460/7460 7459/7459/7459
f 7464/7464/7464 7463/7463/7463 7462/7462/7462
f 7467/7467/7467 7466/7466/7466 7465/7465/7465
f 7470/7470/7470 7469/7469/7469 7468/7468/7468
f 7473/7473/7473 7472/7472/7472 7471/7471/7471
f 7476/7476/7476 7475/7475/7475 7474/7474/7474
f 7479/7479/7479 7478/7478/7478 7477/7477/7477
f 7482/7482/7482 7481/7481/7481 7480/7480/7480
f 7485/7485/7485 7484/7484/7484 7483/7483/7483
f 7488/7488/7488 7487/7487/7487 7486/7486/7486
f 7491/7491/7491 7490/7490/7490 7489/7489/7489
f 7494/7494/7494 7493/7493/7493 7492/7492/7492
f 7497/7497/7497 7496/7496/7496 7495/7495/7495
f 7500/7500/7500 7499/7499/7499 7498/7498/7498
f 7503/7503/7503 7502/7502/7502 7501/7501/7501
f 7506/7506/7506 7505/7505/7505 7504/7504/7504
f 7509/7509/7509 7508/7508/7508 7507/7507/7507
f 7512/7512/7512 7511/7511/7511 7510/7510/7510
f 7515/7515/7515 7514/7514/7514 7513/7513/7513
f 7518/7518/7518 7517/7517/7517 7516/7516/7516
f 7521/7521/7521 7520/7520/7520 7519/7519/7519
f 7524/7524/7524 7523/7523/7523 7522/7522/7522
f 7527/7527/7527 7526/7526/7526 7525/7525/7525
f 7530/7530/7530 7529/7529/7529 7528/7528/7528
f 7533/7533/7533 7532/7532/7532 7531/7531/7531
f 7536/7536/7536 7535/7535/7535 7534/7534/7534
f 7539/7539/7539 7538/7538/7538 7537/7537/7537
f 7542/7542/7542 7541/7541/7541 7540/7540/7540
f 7545/7545/7545 7544/7544/7544 7543/7543/7543
f 7548/7548/7548 7547/7547/7547 7546/7546/7546
f 7551/7551/7551 7550/7550/7550 7549/7549/7549
f 7554/7554/7554 7553/7553/7553 7552/7552/7552
f 7557/7557/7557 7556/7556/7556 7555/7555/7555
f 7560/7560/7560 7559/7559/7559 7558/7558/7558
f 7563/7563/7563 7562/7562/7562 7561/7561/7561
f 7566/7566/7566 7565/7565/7565 7564/7564/7564
f 7569/7569/7569 7568/7568/7568 7567/7567/7567
f 7572/7572/7572 7571/7571/7571 7570/7570/7570
f 7575/7575/7575 7574/7574/7574 7573/7573/7573
f 7578/7578/7578 7577/7577/7577 7576/7576/7576
f 7581/7581/7581 7580/7580/7580 7579/7579/7579
f 7584/7584/7584 7583/7583/7583 7582/7582/7582
f 7587/7587/7587 7586/7586/7586 7585/7585/7585
f 7590/7590/7590 7589/7589/7589 7588/7588/7588
f 7593/7593/7593 7592/7592/7592 7591/7591/7591
f 7596/7596/7596 7595/7595/7595 7594/7594/7594
